
> zyho-store@1.0.0 payload D:\citracommerce
> cross-env NODE_OPTIONS=--no-deprecation payload "migrate"

[17:06:43] [33mWARN[39m: [36mNo email adapter provided. Email will be written to console. More info at https://payloadcms.com/docs/email/overview.[39m
[17:06:43] [32mINFO[39m: [36mReading migration files from D:\citracommerce\src\migrations[39m
[?25l[2K[1G[36m?[39m [1mIt looks like you've run Payload in dev mode, meaning you've dynamically pushed changes to your database.

If you'd like to run migrations, data loss will occur. Would you like to proceed?[22m [90m»[39m [90m(y/N)[39m[2K[1G[2K[1G[32m√[39m [1mIt looks like you've run Payload in dev mode, meaning you've dynamically pushed changes to your database.

If you'd like to run migrations, data loss will occur. Would you like to proceed?[22m [90m...[39m yes
[?25h[17:06:43] [32mINFO[39m: [36mMigrating: 20260707_130840[39m
[17:06:43] [31mERROR[39m: [36mError running migration 20260707_130840 Failed query: 
   CREATE TYPE "public"."enum_users_roles" AS ENUM('admin', 'manager', 'finance', 'support', 'customer');
  CREATE TYPE "public"."enum_users_status" AS ENUM('active', 'inactive', 'blocked');
  CREATE TYPE "public"."enum_pages_hero_links_link_type" AS ENUM('reference', 'custom');
  CREATE TYPE "public"."enum_pages_hero_links_link_appearance" AS ENUM('default', 'outline');
  CREATE TYPE "public"."enum_pages_blocks_cta_links_link_type" AS ENUM('reference', 'custom');
  CREATE TYPE "public"."enum_pages_blocks_cta_links_link_appearance" AS ENUM('default', 'outline');
  CREATE TYPE "public"."enum_pages_blocks_content_columns_size" AS ENUM('oneThird', 'half', 'twoThirds', 'full');
  CREATE TYPE "public"."enum_pages_blocks_content_columns_link_type" AS ENUM('reference', 'custom');
  CREATE TYPE "public"."enum_pages_blocks_content_columns_link_appearance" AS ENUM('default', 'outline');
  CREATE TYPE "public"."enum_pages_blocks_archive_populate_by" AS ENUM('collection', 'selection');
  CREATE TYPE "public"."enum_pages_blocks_archive_relation_to" AS ENUM('products');
  CREATE TYPE "public"."enum_pages_blocks_carousel_populate_by" AS ENUM('collection', 'selection');
  CREATE TYPE "public"."enum_pages_blocks_carousel_relation_to" AS ENUM('products');
  CREATE TYPE "public"."enum_pages_blocks_banner_style" AS ENUM('info', 'warning', 'error', 'success');
  CREATE TYPE "public"."enum_pages_hero_type" AS ENUM('none', 'aiMarketplace', 'highImpact', 'mediumImpact', 'lowImpact');
  CREATE TYPE "public"."enum_pages_status" AS ENUM('draft', 'published');
  CREATE TYPE "public"."enum__pages_v_version_hero_links_link_type" AS ENUM('reference', 'custom');
  CREATE TYPE "public"."enum__pages_v_version_hero_links_link_appearance" AS ENUM('default', 'outline');
  CREATE TYPE "public"."enum__pages_v_blocks_cta_links_link_type" AS ENUM('reference', 'custom');
  CREATE TYPE "public"."enum__pages_v_blocks_cta_links_link_appearance" AS ENUM('default', 'outline');
  CREATE TYPE "public"."enum__pages_v_blocks_content_columns_size" AS ENUM('oneThird', 'half', 'twoThirds', 'full');
  CREATE TYPE "public"."enum__pages_v_blocks_content_columns_link_type" AS ENUM('reference', 'custom');
  CREATE TYPE "public"."enum__pages_v_blocks_content_columns_link_appearance" AS ENUM('default', 'outline');
  CREATE TYPE "public"."enum__pages_v_blocks_archive_populate_by" AS ENUM('collection', 'selection');
  CREATE TYPE "public"."enum__pages_v_blocks_archive_relation_to" AS ENUM('products');
  CREATE TYPE "public"."enum__pages_v_blocks_carousel_populate_by" AS ENUM('collection', 'selection');
  CREATE TYPE "public"."enum__pages_v_blocks_carousel_relation_to" AS ENUM('products');
  CREATE TYPE "public"."enum__pages_v_blocks_banner_style" AS ENUM('info', 'warning', 'error', 'success');
  CREATE TYPE "public"."enum__pages_v_version_hero_type" AS ENUM('none', 'aiMarketplace', 'highImpact', 'mediumImpact', 'lowImpact');
  CREATE TYPE "public"."enum__pages_v_version_status" AS ENUM('draft', 'published');
  CREATE TYPE "public"."enum_digital_assets_status" AS ENUM('active', 'draft', 'archived');
  CREATE TYPE "public"."enum_download_access_status" AS ENUM('active', 'expired', 'revoked');
  CREATE TYPE "public"."enum_licenses_status" AS ENUM('active', 'inactive', 'expired', 'revoked');
  CREATE TYPE "public"."enum_payment_transactions_provider" AS ENUM('stripe', 'midtrans', 'xendit', 'manual', 'dummy');
  CREATE TYPE "public"."enum_payment_transactions_status" AS ENUM('created', 'waiting_payment', 'settlement', 'capture', 'deny', 'cancel', 'expire', 'refund');
  CREATE TYPE "public"."enum_coupons_discount_type" AS ENUM('percentage', 'fixed');
  CREATE TYPE "public"."enum_coupons_status" AS ENUM('active', 'inactive', 'expired');
  CREATE TYPE "public"."enum_promo_banners_status" AS ENUM('draft', 'published');
  CREATE TYPE "public"."enum_testimonials_status" AS ENUM('draft', 'published');
  CREATE TYPE "public"."enum_support_tickets_category" AS ENUM('payment_issue', 'download_problem', 'license_key_problem', 'product_access_problem', 'refund_request', 'technical_support', 'general_question');
  CREATE TYPE "public"."enum_support_tickets_priority" AS ENUM('low', 'medium', 'high', 'urgent');
  CREATE TYPE "public"."enum_support_tickets_status" AS ENUM('open', 'waiting_customer', 'in_progress', 'resolved', 'closed');
  CREATE TYPE "public"."enum_support_messages_sender_role" AS ENUM('customer', 'admin', 'support');
  CREATE TYPE "public"."enum_email_templates_type" AS ENUM('welcome', 'order_paid', 'payment_pending', 'download_ready', 'license_created', 'support_reply', 'password_reset');
  CREATE TYPE "public"."enum_email_templates_status" AS ENUM('active', 'inactive');
  CREATE TYPE "public"."enum_stock_reservations_status" AS ENUM('pending', 'confirmed', 'released');
  CREATE TYPE "public"."enum_forms_confirmation_type" AS ENUM('message', 'redirect');
  CREATE TYPE "public"."enum_addresses_country" AS ENUM('US', 'GB', 'CA', 'AU', 'AT', 'BE', 'BR', 'BG', 'CY', 'CZ', 'DK', 'EE', 'FI', 'FR', 'DE', 'GR', 'HK', 'HU', 'IN', 'IE', 'IT', 'JP', 'LV', 'LT', 'LU', 'MY', 'MT', 'MX', 'NL', 'NZ', 'NO', 'PL', 'PT', 'RO', 'SG', 'SK', 'SI', 'ES', 'SE', 'CH');
  CREATE TYPE "public"."enum_variants_status" AS ENUM('draft', 'published');
  CREATE TYPE "public"."enum__variants_v_version_status" AS ENUM('draft', 'published');
  CREATE TYPE "public"."enum_products_blocks_cta_links_link_type" AS ENUM('reference', 'custom');
  CREATE TYPE "public"."enum_products_blocks_cta_links_link_appearance" AS ENUM('default', 'outline');
  CREATE TYPE "public"."enum_products_blocks_content_columns_size" AS ENUM('oneThird', 'half', 'twoThirds', 'full');
  CREATE TYPE "public"."enum_products_blocks_content_columns_link_type" AS ENUM('reference', 'custom');
  CREATE TYPE "public"."enum_products_blocks_content_columns_link_appearance" AS ENUM('default', 'outline');
  CREATE TYPE "public"."enum_products_product_type" AS ENUM('digital', 'license_key', 'ebook', 'template', 'source_code', 'ui_kit', 'prompt_pack');
  CREATE TYPE "public"."enum_products_license_type" AS ENUM('standard', 'extended', 'personal', 'commercial', 'unlimited');
  CREATE TYPE "public"."enum_products_badge" AS ENUM('new', 'best_seller', 'discount');
  CREATE TYPE "public"."enum_products_status" AS ENUM('draft', 'published');
  CREATE TYPE "public"."enum__products_v_blocks_cta_links_link_type" AS ENUM('reference', 'custom');
  CREATE TYPE "public"."enum__products_v_blocks_cta_links_link_appearance" AS ENUM('default', 'outline');
  CREATE TYPE "public"."enum__products_v_blocks_content_columns_size" AS ENUM('oneThird', 'half', 'twoThirds', 'full');
  CREATE TYPE "public"."enum__products_v_blocks_content_columns_link_type" AS ENUM('reference', 'custom');
  CREATE TYPE "public"."enum__products_v_blocks_content_columns_link_appearance" AS ENUM('default', 'outline');
  CREATE TYPE "public"."enum__products_v_version_product_type" AS ENUM('digital', 'license_key', 'ebook', 'template', 'source_code', 'ui_kit', 'prompt_pack');
  CREATE TYPE "public"."enum__products_v_version_license_type" AS ENUM('standard', 'extended', 'personal', 'commercial', 'unlimited');
  CREATE TYPE "public"."enum__products_v_version_badge" AS ENUM('new', 'best_seller', 'discount');
  CREATE TYPE "public"."enum__products_v_version_status" AS ENUM('draft', 'published');
  CREATE TYPE "public"."enum_carts_currency" AS ENUM('IDR', 'USD');
  CREATE TYPE "public"."enum_orders_status" AS ENUM('processing', 'completed', 'cancelled', 'refunded');
  CREATE TYPE "public"."enum_orders_currency" AS ENUM('IDR', 'USD');
  CREATE TYPE "public"."enum_transactions_payment_method" AS ENUM('pakasir');
  CREATE TYPE "public"."enum_transactions_status" AS ENUM('pending', 'succeeded', 'failed', 'cancelled', 'expired', 'refunded');
  CREATE TYPE "public"."enum_transactions_currency" AS ENUM('IDR', 'USD');
  CREATE TYPE "public"."enum_header_nav_items_link_type" AS ENUM('reference', 'custom');
  CREATE TYPE "public"."enum_footer_nav_items_link_type" AS ENUM('reference', 'custom');
  CREATE TABLE "users_roles" (
  	"order" integer NOT NULL,
  	"parent_id" integer NOT NULL,
  	"value" "enum_users_roles",
  	"id" serial PRIMARY KEY NOT NULL
  );
  
  CREATE TABLE "users_sessions" (
  	"_order" integer NOT NULL,
  	"_parent_id" integer NOT NULL,
  	"id" varchar PRIMARY KEY NOT NULL,
  	"created_at" timestamp(3) with time zone,
  	"expires_at" timestamp(3) with time zone NOT NULL
  );
  
  CREATE TABLE "users" (
  	"id" serial PRIMARY KEY NOT NULL,
  	"name" varchar,
  	"google_id" varchar,
  	"avatar_id" integer,
  	"status" "enum_users_status" DEFAULT 'active',
  	"updated_at" timestamp(3) with time zone DEFAULT now() NOT NULL,
  	"created_at" timestamp(3) with time zone DEFAULT now() NOT NULL,
  	"email" varchar NOT NULL,
  	"reset_password_token" varchar,
  	"reset_password_expiration" timestamp(3) with time zone,
  	"salt" varchar,
  	"hash" varchar,
  	"login_attempts" numeric DEFAULT 0,
  	"lock_until" timestamp(3) with time zone
  );
  
  CREATE TABLE "pages_hero_links" (
  	"_order" integer NOT NULL,
  	"_parent_id" integer NOT NULL,
  	"id" varchar PRIMARY KEY NOT NULL,
  	"link_type" "enum_pages_hero_links_link_type" DEFAULT 'reference',
  	"link_new_tab" boolean,
  	"link_url" varchar,
  	"link_label" varchar,
  	"link_appearance" "enum_pages_hero_links_link_appearance" DEFAULT 'default'
  );
  
  CREATE TABLE "pages_blocks_cta_links" (
  	"_order" integer NOT NULL,
  	"_parent_id" varchar NOT NULL,
  	"id" varchar PRIMARY KEY NOT NULL,
  	"link_type" "enum_pages_blocks_cta_links_link_type" DEFAULT 'reference',
  	"link_new_tab" boolean,
  	"link_url" varchar,
  	"link_label" varchar,
  	"link_appearance" "enum_pages_blocks_cta_links_link_appearance" DEFAULT 'default'
  );
  
  CREATE TABLE "pages_blocks_cta" (
  	"_order" integer NOT NULL,
  	"_parent_id" integer NOT NULL,
  	"_path" text NOT NULL,
  	"id" varchar PRIMARY KEY NOT NULL,
  	"rich_text" jsonb,
  	"block_name" varchar
  );
  
  CREATE TABLE "pages_blocks_content_columns" (
  	"_order" integer NOT NULL,
  	"_parent_id" varchar NOT NULL,
  	"id" varchar PRIMARY KEY NOT NULL,
  	"size" "enum_pages_blocks_content_columns_size" DEFAULT 'oneThird',
  	"rich_text" jsonb,
  	"enable_link" boolean,
  	"link_type" "enum_pages_blocks_content_columns_link_type" DEFAULT 'reference',
  	"link_new_tab" boolean,
  	"link_url" varchar,
  	"link_label" varchar,
  	"link_appearance" "enum_pages_blocks_content_columns_link_appearance" DEFAULT 'default'
  );
  
  CREATE TABLE "pages_blocks_content" (
  	"_order" integer NOT NULL,
  	"_parent_id" integer NOT NULL,
  	"_path" text NOT NULL,
  	"id" varchar PRIMARY KEY NOT NULL,
  	"block_name" varchar
  );
  
  CREATE TABLE "pages_blocks_media_block" (
  	"_order" integer NOT NULL,
  	"_parent_id" integer NOT NULL,
  	"_path" text NOT NULL,
  	"id" varchar PRIMARY KEY NOT NULL,
  	"media_id" integer,
  	"block_name" varchar
  );
  
  CREATE TABLE "pages_blocks_archive" (
  	"_order" integer NOT NULL,
  	"_parent_id" integer NOT NULL,
  	"_path" text NOT NULL,
  	"id" varchar PRIMARY KEY NOT NULL,
  	"intro_content" jsonb,
  	"populate_by" "enum_pages_blocks_archive_populate_by" DEFAULT 'collection',
  	"relation_to" "enum_pages_blocks_archive_relation_to" DEFAULT 'products',
  	"limit" numeric DEFAULT 10,
  	"block_name" varchar
  );
  
  CREATE TABLE "pages_blocks_carousel" (
  	"_order" integer NOT NULL,
  	"_parent_id" integer NOT NULL,
  	"_path" text NOT NULL,
  	"id" varchar PRIMARY KEY NOT NULL,
  	"populate_by" "enum_pages_blocks_carousel_populate_by" DEFAULT 'collection',
  	"relation_to" "enum_pages_blocks_carousel_relation_to" DEFAULT 'products',
  	"limit" numeric DEFAULT 10,
  	"populated_docs_total" numeric,
  	"block_name" varchar
  );
  
  CREATE TABLE "pages_blocks_three_item_grid" (
  	"_order" integer NOT NULL,
  	"_parent_id" integer NOT NULL,
  	"_path" text NOT NULL,
  	"id" varchar PRIMARY KEY NOT NULL,
  	"block_name" varchar
  );
  
  CREATE TABLE "pages_blocks_banner" (
  	"_order" integer NOT NULL,
  	"_parent_id" integer NOT NULL,
  	"_path" text NOT NULL,
  	"id" varchar PRIMARY KEY NOT NULL,
  	"style" "enum_pages_blocks_banner_style" DEFAULT 'info',
  	"content" jsonb,
  	"block_name" varchar
  );
  
  CREATE TABLE "pages_blocks_form_block" (
  	"_order" integer NOT NULL,
  	"_parent_id" integer NOT NULL,
  	"_path" text NOT NULL,
  	"id" varchar PRIMARY KEY NOT NULL,
  	"form_id" integer,
  	"enable_intro" boolean,
  	"intro_content" jsonb,
  	"block_name" varchar
  );
  
  CREATE TABLE "pages" (
  	"id" serial PRIMARY KEY NOT NULL,
  	"title" varchar,
  	"published_on" timestamp(3) with time zone,
  	"hero_type" "enum_pages_hero_type" DEFAULT 'aiMarketplace',
  	"hero_rich_text" jsonb,
  	"hero_media_id" integer,
  	"meta_title" varchar,
  	"meta_image_id" integer,
  	"meta_description" varchar,
  	"generate_slug" boolean DEFAULT true,
  	"slug" varchar,
  	"updated_at" timestamp(3) with time zone DEFAULT now() NOT NULL,
  	"created_at" timestamp(3) with time zone DEFAULT now() NOT NULL,
  	"_status" "enum_pages_status" DEFAULT 'draft'
  );
  
  CREATE TABLE "pages_rels" (
  	"id" serial PRIMARY KEY NOT NULL,
  	"order" integer,
  	"parent_id" integer NOT NULL,
  	"path" varchar NOT NULL,
  	"pages_id" integer,
  	"categories_id" integer,
  	"products_id" integer
  );
  
  CREATE TABLE "_pages_v_version_hero_links" (
  	"_order" integer NOT NULL,
  	"_parent_id" integer NOT NULL,
  	"id" serial PRIMARY KEY NOT NULL,
  	"link_type" "enum__pages_v_version_hero_links_link_type" DEFAULT 'reference',
  	"link_new_tab" boolean,
  	"link_url" varchar,
  	"link_label" varchar,
  	"link_appearance" "enum__pages_v_version_hero_links_link_appearance" DEFAULT 'default',
  	"_uuid" varchar
  );
  
  CREATE TABLE "_pages_v_blocks_cta_links" (
  	"_order" integer NOT NULL,
  	"_parent_id" integer NOT NULL,
  	"id" serial PRIMARY KEY NOT NULL,
  	"link_type" "enum__pages_v_blocks_cta_links_link_type" DEFAULT 'reference',
  	"link_new_tab" boolean,
  	"link_url" varchar,
  	"link_label" varchar,
  	"link_appearance" "enum__pages_v_blocks_cta_links_link_appearance" DEFAULT 'default',
  	"_uuid" varchar
  );
  
  CREATE TABLE "_pages_v_blocks_cta" (
  	"_order" integer NOT NULL,
  	"_parent_id" integer NOT NULL,
  	"_path" text NOT NULL,
  	"id" serial PRIMARY KEY NOT NULL,
  	"rich_text" jsonb,
  	"_uuid" varchar,
  	"block_name" varchar
  );
  
  CREATE TABLE "_pages_v_blocks_content_columns" (
  	"_order" integer NOT NULL,
  	"_parent_id" integer NOT NULL,
  	"id" serial PRIMARY KEY NOT NULL,
  	"size" "enum__pages_v_blocks_content_columns_size" DEFAULT 'oneThird',
  	"rich_text" jsonb,
  	"enable_link" boolean,
  	"link_type" "enum__pages_v_blocks_content_columns_link_type" DEFAULT 'reference',
  	"link_new_tab" boolean,
  	"link_url" varchar,
  	"link_label" varchar,
  	"link_appearance" "enum__pages_v_blocks_content_columns_link_appearance" DEFAULT 'default',
  	"_uuid" varchar
  );
  
  CREATE TABLE "_pages_v_blocks_content" (
  	"_order" integer NOT NULL,
  	"_parent_id" integer NOT NULL,
  	"_path" text NOT NULL,
  	"id" serial PRIMARY KEY NOT NULL,
  	"_uuid" varchar,
  	"block_name" varchar
  );
  
  CREATE TABLE "_pages_v_blocks_media_block" (
  	"_order" integer NOT NULL,
  	"_parent_id" integer NOT NULL,
  	"_path" text NOT NULL,
  	"id" serial PRIMARY KEY NOT NULL,
  	"media_id" integer,
  	"_uuid" varchar,
  	"block_name" varchar
  );
  
  CREATE TABLE "_pages_v_blocks_archive" (
  	"_order" integer NOT NULL,
  	"_parent_id" integer NOT NULL,
  	"_path" text NOT NULL,
  	"id" serial PRIMARY KEY NOT NULL,
  	"intro_content" jsonb,
  	"populate_by" "enum__pages_v_blocks_archive_populate_by" DEFAULT 'collection',
  	"relation_to" "enum__pages_v_blocks_archive_relation_to" DEFAULT 'products',
  	"limit" numeric DEFAULT 10,
  	"_uuid" varchar,
  	"block_name" varchar
  );
  
  CREATE TABLE "_pages_v_blocks_carousel" (
  	"_order" integer NOT NULL,
  	"_parent_id" integer NOT NULL,
  	"_path" text NOT NULL,
  	"id" serial PRIMARY KEY NOT NULL,
  	"populate_by" "enum__pages_v_blocks_carousel_populate_by" DEFAULT 'collection',
  	"relation_to" "enum__pages_v_blocks_carousel_relation_to" DEFAULT 'products',
  	"limit" numeric DEFAULT 10,
  	"populated_docs_total" numeric,
  	"_uuid" varchar,
  	"block_name" varchar
  );
  
  CREATE TABLE "_pages_v_blocks_three_item_grid" (
  	"_order" integer NOT NULL,
  	"_parent_id" integer NOT NULL,
  	"_path" text NOT NULL,
  	"id" serial PRIMARY KEY NOT NULL,
  	"_uuid" varchar,
  	"block_name" varchar
  );
  
  CREATE TABLE "_pages_v_blocks_banner" (
  	"_order" integer NOT NULL,
  	"_parent_id" integer NOT NULL,
  	"_path" text NOT NULL,
  	"id" serial PRIMARY KEY NOT NULL,
  	"style" "enum__pages_v_blocks_banner_style" DEFAULT 'info',
  	"content" jsonb,
  	"_uuid" varchar,
  	"block_name" varchar
  );
  
  CREATE TABLE "_pages_v_blocks_form_block" (
  	"_order" integer NOT NULL,
  	"_parent_id" integer NOT NULL,
  	"_path" text NOT NULL,
  	"id" serial PRIMARY KEY NOT NULL,
  	"form_id" integer,
  	"enable_intro" boolean,
  	"intro_content" jsonb,
  	"_uuid" varchar,
  	"block_name" varchar
  );
  
  CREATE TABLE "_pages_v" (
  	"id" serial PRIMARY KEY NOT NULL,
  	"parent_id" integer,
  	"version_title" varchar,
  	"version_published_on" timestamp(3) with time zone,
  	"version_hero_type" "enum__pages_v_version_hero_type" DEFAULT 'aiMarketplace',
  	"version_hero_rich_text" jsonb,
  	"version_hero_media_id" integer,
  	"version_meta_title" varchar,
  	"version_meta_image_id" integer,
  	"version_meta_description" varchar,
  	"version_generate_slug" boolean DEFAULT true,
  	"version_slug" varchar,
  	"version_updated_at" timestamp(3) with time zone,
  	"version_created_at" timestamp(3) with time zone,
  	"version__status" "enum__pages_v_version_status" DEFAULT 'draft',
  	"created_at" timestamp(3) with time zone DEFAULT now() NOT NULL,
  	"updated_at" timestamp(3) with time zone DEFAULT now() NOT NULL,
  	"latest" boolean,
  	"autosave" boolean
  );
  
  CREATE TABLE "_pages_v_rels" (
  	"id" serial PRIMARY KEY NOT NULL,
  	"order" integer,
  	"parent_id" integer NOT NULL,
  	"path" varchar NOT NULL,
  	"pages_id" integer,
  	"categories_id" integer,
  	"products_id" integer
  );
  
  CREATE TABLE "categories" (
  	"id" serial PRIMARY KEY NOT NULL,
  	"title" varchar NOT NULL,
  	"generate_slug" boolean DEFAULT true,
  	"slug" varchar NOT NULL,
  	"updated_at" timestamp(3) with time zone DEFAULT now() NOT NULL,
  	"created_at" timestamp(3) with time zone DEFAULT now() NOT NULL
  );
  
  CREATE TABLE "media" (
  	"id" serial PRIMARY KEY NOT NULL,
  	"alt" varchar NOT NULL,
  	"caption" jsonb,
  	"updated_at" timestamp(3) with time zone DEFAULT now() NOT NULL,
  	"created_at" timestamp(3) with time zone DEFAULT now() NOT NULL,
  	"url" varchar,
  	"thumbnail_u_r_l" varchar,
  	"filename" varchar,
  	"mime_type" varchar,
  	"filesize" numeric,
  	"width" numeric,
  	"height" numeric,
  	"focal_x" numeric,
  	"focal_y" numeric
  );
  
  CREATE TABLE "digital_assets" (
  	"id" serial PRIMARY KEY NOT NULL,
  	"product_id" integer NOT NULL,
  	"file_id" integer NOT NULL,
  	"file_name" varchar NOT NULL,
  	"file_size" numeric,
  	"version" varchar DEFAULT '1.0.0',
  	"changelog" varchar,
  	"protected" boolean DEFAULT true,
  	"status" "enum_digital_assets_status" DEFAULT 'active' NOT NULL,
  	"updated_at" timestamp(3) with time zone DEFAULT now() NOT NULL,
  	"created_at" timestamp(3) with time zone DEFAULT now() NOT NULL
  );
  
  CREATE TABLE "download_access" (
  	"id" serial PRIMARY KEY NOT NULL,
  	"customer_id" integer NOT NULL,
  	"product_id" integer NOT NULL,
  	"order_id" integer NOT NULL,
  	"asset_id" integer NOT NULL,
  	"status" "enum_download_access_status" DEFAULT 'active' NOT NULL,
  	"max_downloads" numeric DEFAULT 10,
  	"download_count" numeric DEFAULT 0,
  	"expires_at" timestamp(3) with time zone,
  	"updated_at" timestamp(3) with time zone DEFAULT now() NOT NULL,
  	"created_at" timestamp(3) with time zone DEFAULT now() NOT NULL
  );
  
  CREATE TABLE "download_logs" (
  	"id" serial PRIMARY KEY NOT NULL,
  	"customer_id" integer NOT NULL,
  	"product_id" integer NOT NULL,
  	"asset_id" integer NOT NULL,
  	"order_id" integer NOT NULL,
  	"ip" varchar,
  	"user_agent" varchar,
  	"downloaded_at" timestamp(3) with time zone,
  	"updated_at" timestamp(3) with time zone DEFAULT now() NOT NULL,
  	"created_at" timestamp(3) with time zone DEFAULT now() NOT NULL
  );
  
  CREATE TABLE "licenses" (
  	"id" serial PRIMARY KEY NOT NULL,
  	"customer_id" integer NOT NULL,
  	"product_id" integer NOT NULL,
  	"order_id" integer NOT NULL,
  	"license_key" varchar NOT NULL,
  	"status" "enum_licenses_status" DEFAULT 'active' NOT NULL,
  	"max_activations" numeric DEFAULT 1,
  	"activation_count" numeric DEFAULT 0,
  	"expires_at" timestamp(3) with time zone,
  	"updated_at" timestamp(3) with time zone DEFAULT now() NOT NULL,
  	"created_at" timestamp(3) with time zone DEFAULT now() NOT NULL
  );
  
  CREATE TABLE "payment_transactions" (
  	"id" serial PRIMARY KEY NOT NULL,
  	"order_id" integer NOT NULL,
  	"customer_id" integer NOT NULL,
  	"provider" "enum_payment_transactions_provider" NOT NULL,
  	"provider_transaction_id" varchar NOT NULL,
  	"amount" numeric NOT NULL,
  	"currency" varchar DEFAULT 'USD' NOT NULL,
  	"status" "enum_payment_transactions_status" DEFAULT 'created' NOT NULL,
  	"raw_payload" jsonb,
  	"updated_at" timestamp(3) with time zone DEFAULT now() NOT NULL,
  	"created_at" timestamp(3) with time zone DEFAULT now() NOT NULL
  );
  
  CREATE TABLE "coupons" (
  	"id" serial PRIMARY KEY NOT NULL,
  	"code" varchar NOT NULL,
  	"discount_type" "enum_coupons_discount_type" NOT NULL,
  	"amount" numeric NOT NULL,
  	"usage_limit" numeric,
  	"used_count" numeric DEFAULT 0,
  	"starts_at" timestamp(3) with time zone,
  	"expires_at" timestamp(3) with time zone,
  	"status" "enum_coupons_status" DEFAULT 'active' NOT NULL,
  	"updated_at" timestamp(3) with time zone DEFAULT now() NOT NULL,
  	"created_at" timestamp(3) with time zone DEFAULT now() NOT NULL
  );
  
  CREATE TABLE "promo_banners" (
  	"id" serial PRIMARY KEY NOT NULL,
  	"title" varchar NOT NULL,
  	"image_id" integer NOT NULL,
  	"link" varchar,
  	"status" "enum_promo_banners_status" DEFAULT 'draft' NOT NULL,
  	"priority" numeric DEFAULT 0,
  	"start_date" timestamp(3) with time zone,
  	"end_date" timestamp(3) with time zone,
  	"updated_at" timestamp(3) with time zone DEFAULT now() NOT NULL,
  	"created_at" timestamp(3) with time zone DEFAULT now() NOT NULL
  );
  
  CREATE TABLE "testimonials" (
  	"id" serial PRIMARY KEY NOT NULL,
  	"name" varchar NOT NULL,
  	"role" varchar NOT NULL,
  	"avatar_id" integer,
  	"comment_id" varchar NOT NULL,
  	"comment_en" varchar NOT NULL,
  	"rating" numeric DEFAULT 5 NOT NULL,
  	"status" "enum_testimonials_status" DEFAULT 'draft' NOT NULL,
  	"priority" numeric DEFAULT 0,
  	"updated_at" timestamp(3) with time zone DEFAULT now() NOT NULL,
  	"created_at" timestamp(3) with time zone DEFAULT now() NOT NULL
  );
  
  CREATE TABLE "support_tickets" (
  	"id" serial PRIMARY KEY NOT NULL,
  	"ticket_number" varchar,
  	"customer_id" integer NOT NULL,
  	"related_order_id" integer,
  	"related_product_id" integer,
  	"subject" varchar NOT NULL,
  	"category" "enum_support_tickets_category" NOT NULL,
  	"priority" "enum_support_tickets_priority" DEFAULT 'medium' NOT NULL,
  	"status" "enum_support_tickets_status" DEFAULT 'open' NOT NULL,
  	"assigned_to_id" integer,
  	"updated_at" timestamp(3) with time zone DEFAULT now() NOT NULL,
  	"created_at" timestamp(3) with time zone DEFAULT now() NOT NULL
  );
  
  CREATE TABLE "support_messages_attachments" (
  	"_order" integer NOT NULL,
  	"_parent_id" integer NOT NULL,
  	"id" varchar PRIMARY KEY NOT NULL,
  	"file_id" integer NOT NULL
  );
  
  CREATE TABLE "support_messages" (
  	"id" serial PRIMARY KEY NOT NULL,
  	"ticket_id" integer NOT NULL,
  	"sender_id" integer NOT NULL,
  	"sender_role" "enum_support_messages_sender_role" NOT NULL,
  	"message" varchar NOT NULL,
  	"is_internal_note" boolean DEFAULT false,
  	"updated_at" timestamp(3) with time zone DEFAULT now() NOT NULL,
  	"created_at" timestamp(3) with time zone DEFAULT now() NOT NULL
  );
  
  CREATE TABLE "email_templates" (
  	"id" serial PRIMARY KEY NOT NULL,
  	"name" varchar NOT NULL,
  	"subject" varchar NOT NULL,
  	"body" varchar NOT NULL,
  	"type" "enum_email_templates_type" NOT NULL,
  	"status" "enum_email_templates_status" DEFAULT 'active' NOT NULL,
  	"updated_at" timestamp(3) with time zone DEFAULT now() NOT NULL,
  	"created_at" timestamp(3) with time zone DEFAULT now() NOT NULL
  );
  
  CREATE TABLE "stock_reservations" (
  	"id" serial PRIMARY KEY NOT NULL,
  	"reservation_id" varchar NOT NULL,
  	"product_id" integer NOT NULL,
  	"variant" varchar,
  	"quantity" numeric NOT NULL,
  	"status" "enum_stock_reservations_status" DEFAULT 'pending' NOT NULL,
  	"expires_at" timestamp(3) with time zone NOT NULL,
  	"order_id" integer,
  	"customer_id" integer,
  	"cart_id" varchar,
  	"notes" varchar,
  	"updated_at" timestamp(3) with time zone DEFAULT now() NOT NULL,
  	"created_at" timestamp(3) with time zone DEFAULT now() NOT NULL
  );
  
  CREATE TABLE "forms_blocks_checkbox" (
  	"_order" integer NOT NULL,
  	"_parent_id" integer NOT NULL,
  	"_path" text NOT NULL,
  	"id" varchar PRIMARY KEY NOT NULL,
  	"name" varchar NOT NULL,
  	"label" varchar,
  	"width" numeric,
  	"required" boolean,
  	"default_value" boolean,
  	"block_name" varchar
  );
  
  CREATE TABLE "forms_blocks_country" (
  	"_order" integer NOT NULL,
  	"_parent_id" integer NOT NULL,
  	"_path" text NOT NULL,
  	"id" varchar PRIMARY KEY NOT NULL,
  	"name" varchar NOT NULL,
  	"label" varchar,
  	"width" numeric,
  	"required" boolean,
  	"block_name" varchar
  );
  
  CREATE TABLE "forms_blocks_email" (
  	"_order" integer NOT NULL,
  	"_parent_id" integer NOT NULL,
  	"_path" text NOT NULL,
  	"id" varchar PRIMARY KEY NOT NULL,
  	"name" varchar NOT NULL,
  	"label" varchar,
  	"width" numeric,
  	"required" boolean,
  	"block_name" varchar
  );
  
  CREATE TABLE "forms_blocks_message" (
  	"_order" integer NOT NULL,
  	"_parent_id" integer NOT NULL,
  	"_path" text NOT NULL,
  	"id" varchar PRIMARY KEY NOT NULL,
  	"message" jsonb,
  	"block_name" varchar
  );
  
  CREATE TABLE "forms_blocks_number" (
  	"_order" integer NOT NULL,
  	"_parent_id" integer NOT NULL,
  	"_path" text NOT NULL,
  	"id" varchar PRIMARY KEY NOT NULL,
  	"name" varchar NOT NULL,
  	"label" varchar,
  	"width" numeric,
  	"default_value" numeric,
  	"required" boolean,
  	"block_name" varchar
  );
  
  CREATE TABLE "forms_blocks_select_options" (
  	"_order" integer NOT NULL,
  	"_parent_id" varchar NOT NULL,
  	"id" varchar PRIMARY KEY NOT NULL,
  	"label" varchar NOT NULL,
  	"value" varchar NOT NULL
  );
  
  CREATE TABLE "forms_blocks_select" (
  	"_order" integer NOT NULL,
  	"_parent_id" integer NOT NULL,
  	"_path" text NOT NULL,
  	"id" varchar PRIMARY KEY NOT NULL,
  	"name" varchar NOT NULL,
  	"label" varchar,
  	"width" numeric,
  	"default_value" varchar,
  	"placeholder" varchar,
  	"required" boolean,
  	"block_name" varchar
  );
  
  CREATE TABLE "forms_blocks_state" (
  	"_order" integer NOT NULL,
  	"_parent_id" integer NOT NULL,
  	"_path" text NOT NULL,
  	"id" varchar PRIMARY KEY NOT NULL,
  	"name" varchar NOT NULL,
  	"label" varchar,
  	"width" numeric,
  	"required" boolean,
  	"block_name" varchar
  );
  
  CREATE TABLE "forms_blocks_text" (
  	"_order" integer NOT NULL,
  	"_parent_id" integer NOT NULL,
  	"_path" text NOT NULL,
  	"id" varchar PRIMARY KEY NOT NULL,
  	"name" varchar NOT NULL,
  	"label" varchar,
  	"width" numeric,
  	"default_value" varchar,
  	"required" boolean,
  	"block_name" varchar
  );
  
  CREATE TABLE "forms_blocks_textarea" (
  	"_order" integer NOT NULL,
  	"_parent_id" integer NOT NULL,
  	"_path" text NOT NULL,
  	"id" varchar PRIMARY KEY NOT NULL,
  	"name" varchar NOT NULL,
  	"label" varchar,
  	"width" numeric,
  	"default_value" varchar,
  	"required" boolean,
  	"block_name" varchar
  );
  
  CREATE TABLE "forms_emails" (
  	"_order" integer NOT NULL,
  	"_parent_id" integer NOT NULL,
  	"id" varchar PRIMARY KEY NOT NULL,
  	"email_to" varchar,
  	"cc" varchar,
  	"bcc" varchar,
  	"reply_to" varchar,
  	"email_from" varchar,
  	"subject" varchar DEFAULT 'You''ve received a new message.' NOT NULL,
  	"message" jsonb
  );
  
  CREATE TABLE "forms" (
  	"id" serial PRIMARY KEY NOT NULL,
  	"title" varchar NOT NULL,
  	"submit_button_label" varchar,
  	"confirmation_type" "enum_forms_confirmation_type" DEFAULT 'message',
  	"confirmation_message" jsonb,
  	"redirect_url" varchar,
  	"updated_at" timestamp(3) with time zone DEFAULT now() NOT NULL,
  	"created_at" timestamp(3) with time zone DEFAULT now() NOT NULL
  );
  
  CREATE TABLE "form_submissions_submission_data" (
  	"_order" integer NOT NULL,
  	"_parent_id" integer NOT NULL,
  	"id" varchar PRIMARY KEY NOT NULL,
  	"field" varchar NOT NULL,
  	"value" varchar NOT NULL
  );
  
  CREATE TABLE "form_submissions" (
  	"id" serial PRIMARY KEY NOT NULL,
  	"form_id" integer NOT NULL,
  	"updated_at" timestamp(3) with time zone DEFAULT now() NOT NULL,
  	"created_at" timestamp(3) with time zone DEFAULT now() NOT NULL
  );
  
  CREATE TABLE "addresses" (
  	"id" serial PRIMARY KEY NOT NULL,
  	"customer_id" integer,
  	"title" varchar,
  	"first_name" varchar,
  	"last_name" varchar,
  	"company" varchar,
  	"address_line1" varchar,
  	"address_line2" varchar,
  	"city" varchar,
  	"state" varchar,
  	"postal_code" varchar,
  	"country" "enum_addresses_country" NOT NULL,
  	"phone" varchar,
  	"updated_at" timestamp(3) with time zone DEFAULT now() NOT NULL,
  	"created_at" timestamp(3) with time zone DEFAULT now() NOT NULL
  );
  
  CREATE TABLE "variants" (
  	"id" serial PRIMARY KEY NOT NULL,
  	"title" varchar,
  	"product_id" integer,
  	"inventory" numeric DEFAULT 0,
  	"price_in_i_d_r_enabled" boolean,
  	"price_in_i_d_r" numeric,
  	"price_in_u_s_d_enabled" boolean,
  	"price_in_u_s_d" numeric,
  	"updated_at" timestamp(3) with time zone DEFAULT now() NOT NULL,
  	"created_at" timestamp(3) with time zone DEFAULT now() NOT NULL,
  	"deleted_at" timestamp(3) with time zone,
  	"_status" "enum_variants_status" DEFAULT 'draft'
  );
  
  CREATE TABLE "variants_rels" (
  	"id" serial PRIMARY KEY NOT NULL,
  	"order" integer,
  	"parent_id" integer NOT NULL,
  	"path" varchar NOT NULL,
  	"variant_options_id" integer
  );
  
  CREATE TABLE "_variants_v" (
  	"id" serial PRIMARY KEY NOT NULL,
  	"parent_id" integer,
  	"version_title" varchar,
  	"version_product_id" integer,
  	"version_inventory" numeric DEFAULT 0,
  	"version_price_in_i_d_r_enabled" boolean,
  	"version_price_in_i_d_r" numeric,
  	"version_price_in_u_s_d_enabled" boolean,
  	"version_price_in_u_s_d" numeric,
  	"version_updated_at" timestamp(3) with time zone,
  	"version_created_at" timestamp(3) with time zone,
  	"version_deleted_at" timestamp(3) with time zone,
  	"version__status" "enum__variants_v_version_status" DEFAULT 'draft',
  	"created_at" timestamp(3) with time zone DEFAULT now() NOT NULL,
  	"updated_at" timestamp(3) with time zone DEFAULT now() NOT NULL,
  	"latest" boolean,
  	"autosave" boolean
  );
  
  CREATE TABLE "_variants_v_rels" (
  	"id" serial PRIMARY KEY NOT NULL,
  	"order" integer,
  	"parent_id" integer NOT NULL,
  	"path" varchar NOT NULL,
  	"variant_options_id" integer
  );
  
  CREATE TABLE "variant_types" (
  	"id" serial PRIMARY KEY NOT NULL,
  	"label" varchar NOT NULL,
  	"name" varchar NOT NULL,
  	"updated_at" timestamp(3) with time zone DEFAULT now() NOT NULL,
  	"created_at" timestamp(3) with time zone DEFAULT now() NOT NULL,
  	"deleted_at" timestamp(3) with time zone
  );
  
  CREATE TABLE "variant_options" (
  	"id" serial PRIMARY KEY NOT NULL,
  	"_variantoptions_options_order" varchar,
  	"variant_type_id" integer NOT NULL,
  	"label" varchar NOT NULL,
  	"value" varchar NOT NULL,
  	"updated_at" timestamp(3) with time zone DEFAULT now() NOT NULL,
  	"created_at" timestamp(3) with time zone DEFAULT now() NOT NULL,
  	"deleted_at" timestamp(3) with time zone
  );
  
  CREATE TABLE "products_gallery" (
  	"_order" integer NOT NULL,
  	"_parent_id" integer NOT NULL,
  	"id" varchar PRIMARY KEY NOT NULL,
  	"image_id" integer,
  	"variant_option_id" integer
  );
  
  CREATE TABLE "products_blocks_cta_links" (
  	"_order" integer NOT NULL,
  	"_parent_id" varchar NOT NULL,
  	"id" varchar PRIMARY KEY NOT NULL,
  	"link_type" "enum_products_blocks_cta_links_link_type" DEFAULT 'reference',
  	"link_new_tab" boolean,
  	"link_url" varchar,
  	"link_label" varchar,
  	"link_appearance" "enum_products_blocks_cta_links_link_appearance" DEFAULT 'default'
  );
  
  CREATE TABLE "products_blocks_cta" (
  	"_order" integer NOT NULL,
  	"_parent_id" integer NOT NULL,
  	"_path" text NOT NULL,
  	"id" varchar PRIMARY KEY NOT NULL,
  	"rich_text" jsonb,
  	"block_name" varchar
  );
  
  CREATE TABLE "products_blocks_content_columns" (
  	"_order" integer NOT NULL,
  	"_parent_id" varchar NOT NULL,
  	"id" varchar PRIMARY KEY NOT NULL,
  	"size" "enum_products_blocks_content_columns_size" DEFAULT 'oneThird',
  	"rich_text" jsonb,
  	"enable_link" boolean,
  	"link_type" "enum_products_blocks_content_columns_link_type" DEFAULT 'reference',
  	"link_new_tab" boolean,
  	"link_url" varchar,
  	"link_label" varchar,
  	"link_appearance" "enum_products_blocks_content_columns_link_appearance" DEFAULT 'default'
  );
  
  CREATE TABLE "products_blocks_content" (
  	"_order" integer NOT NULL,
  	"_parent_id" integer NOT NULL,
  	"_path" text NOT NULL,
  	"id" varchar PRIMARY KEY NOT NULL,
  	"block_name" varchar
  );
  
  CREATE TABLE "products_blocks_media_block" (
  	"_order" integer NOT NULL,
  	"_parent_id" integer NOT NULL,
  	"_path" text NOT NULL,
  	"id" varchar PRIMARY KEY NOT NULL,
  	"media_id" integer,
  	"block_name" varchar
  );
  
  CREATE TABLE "products_included_files" (
  	"_order" integer NOT NULL,
  	"_parent_id" integer NOT NULL,
  	"id" varchar PRIMARY KEY NOT NULL,
  	"label" varchar,
  	"format" varchar,
  	"size" varchar
  );
  
  CREATE TABLE "products_product_f_a_q" (
  	"_order" integer NOT NULL,
  	"_parent_id" integer NOT NULL,
  	"id" varchar PRIMARY KEY NOT NULL,
  	"question" varchar,
  	"answer" varchar
  );
  
  CREATE TABLE "products" (
  	"id" serial PRIMARY KEY NOT NULL,
  	"title" varchar,
  	"short_description" varchar,
  	"description" jsonb,
  	"inventory" numeric DEFAULT 0,
  	"enable_variants" boolean,
  	"price_in_i_d_r_enabled" boolean,
  	"price_in_i_d_r" numeric,
  	"price_in_u_s_d_enabled" boolean,
  	"price_in_u_s_d" numeric,
  	"product_type" "enum_products_product_type" DEFAULT 'digital',
  	"license_type" "enum_products_license_type" DEFAULT 'standard',
  	"version" varchar DEFAULT '1.0.0',
  	"update_policy" varchar,
  	"refund_policy" varchar,
  	"is_featured" boolean DEFAULT false,
  	"badge" "enum_products_badge",
  	"meta_title" varchar,
  	"meta_image_id" integer,
  	"meta_description" varchar,
  	"generate_slug" boolean DEFAULT true,
  	"slug" varchar,
  	"updated_at" timestamp(3) with time zone DEFAULT now() NOT NULL,
  	"created_at" timestamp(3) with time zone DEFAULT now() NOT NULL,
  	"deleted_at" timestamp(3) with time zone,
  	"_status" "enum_products_status" DEFAULT 'draft'
  );
  
  CREATE TABLE "products_rels" (
  	"id" serial PRIMARY KEY NOT NULL,
  	"order" integer,
  	"parent_id" integer NOT NULL,
  	"path" varchar NOT NULL,
  	"pages_id" integer,
  	"variant_types_id" integer,
  	"products_id" integer,
  	"categories_id" integer
  );
  
  CREATE TABLE "_products_v_version_gallery" (
  	"_order" integer NOT NULL,
  	"_parent_id" integer NOT NULL,
  	"id" serial PRIMARY KEY NOT NULL,
  	"image_id" integer,
  	"variant_option_id" integer,
  	"_uuid" varchar
  );
  
  CREATE TABLE "_products_v_blocks_cta_links" (
  	"_order" integer NOT NULL,
  	"_parent_id" integer NOT NULL,
  	"id" serial PRIMARY KEY NOT NULL,
  	"link_type" "enum__products_v_blocks_cta_links_link_type" DEFAULT 'reference',
  	"link_new_tab" boolean,
  	"link_url" varchar,
  	"link_label" varchar,
  	"link_appearance" "enum__products_v_blocks_cta_links_link_appearance" DEFAULT 'default',
  	"_uuid" varchar
  );
  
  CREATE TABLE "_products_v_blocks_cta" (
  	"_order" integer NOT NULL,
  	"_parent_id" integer NOT NULL,
  	"_path" text NOT NULL,
  	"id" serial PRIMARY KEY NOT NULL,
  	"rich_text" jsonb,
  	"_uuid" varchar,
  	"block_name" varchar
  );
  
  CREATE TABLE "_products_v_blocks_content_columns" (
  	"_order" integer NOT NULL,
  	"_parent_id" integer NOT NULL,
  	"id" serial PRIMARY KEY NOT NULL,
  	"size" "enum__products_v_blocks_content_columns_size" DEFAULT 'oneThird',
  	"rich_text" jsonb,
  	"enable_link" boolean,
  	"link_type" "enum__products_v_blocks_content_columns_link_type" DEFAULT 'reference',
  	"link_new_tab" boolean,
  	"link_url" varchar,
  	"link_label" varchar,
  	"link_appearance" "enum__products_v_blocks_content_columns_link_appearance" DEFAULT 'default',
  	"_uuid" varchar
  );
  
  CREATE TABLE "_products_v_blocks_content" (
  	"_order" integer NOT NULL,
  	"_parent_id" integer NOT NULL,
  	"_path" text NOT NULL,
  	"id" serial PRIMARY KEY NOT NULL,
  	"_uuid" varchar,
  	"block_name" varchar
  );
  
  CREATE TABLE "_products_v_blocks_media_block" (
  	"_order" integer NOT NULL,
  	"_parent_id" integer NOT NULL,
  	"_path" text NOT NULL,
  	"id" serial PRIMARY KEY NOT NULL,
  	"media_id" integer,
  	"_uuid" varchar,
  	"block_name" varchar
  );
  
  CREATE TABLE "_products_v_version_included_files" (
  	"_order" integer NOT NULL,
  	"_parent_id" integer NOT NULL,
  	"id" serial PRIMARY KEY NOT NULL,
  	"label" varchar,
  	"format" varchar,
  	"size" varchar,
  	"_uuid" varchar
  );
  
  CREATE TABLE "_products_v_version_product_f_a_q" (
  	"_order" integer NOT NULL,
  	"_parent_id" integer NOT NULL,
  	"id" serial PRIMARY KEY NOT NULL,
  	"question" varchar,
  	"answer" varchar,
  	"_uuid" varchar
  );
  
  CREATE TABLE "_products_v" (
  	"id" serial PRIMARY KEY NOT NULL,
  	"parent_id" integer,
  	"version_title" varchar,
  	"version_short_description" varchar,
  	"version_description" jsonb,
  	"version_inventory" numeric DEFAULT 0,
  	"version_enable_variants" boolean,
  	"version_price_in_i_d_r_enabled" boolean,
  	"version_price_in_i_d_r" numeric,
  	"version_price_in_u_s_d_enabled" boolean,
  	"version_price_in_u_s_d" numeric,
  	"version_product_type" "enum__products_v_version_product_type" DEFAULT 'digital',
  	"version_license_type" "enum__products_v_version_license_type" DEFAULT 'standard',
  	"version_version" varchar DEFAULT '1.0.0',
  	"version_update_policy" varchar,
  	"version_refund_policy" varchar,
  	"version_is_featured" boolean DEFAULT false,
  	"version_badge" "enum__products_v_version_badge",
  	"version_meta_title" varchar,
  	"version_meta_image_id" integer,
  	"version_meta_description" varchar,
  	"version_generate_slug" boolean DEFAULT true,
  	"version_slug" varchar,
  	"version_updated_at" timestamp(3) with time zone,
  	"version_created_at" timestamp(3) with time zone,
  	"version_deleted_at" timestamp(3) with time zone,
  	"version__status" "enum__products_v_version_status" DEFAULT 'draft',
  	"created_at" timestamp(3) with time zone DEFAULT now() NOT NULL,
  	"updated_at" timestamp(3) with time zone DEFAULT now() NOT NULL,
  	"latest" boolean,
  	"autosave" boolean
  );
  
  CREATE TABLE "_products_v_rels" (
  	"id" serial PRIMARY KEY NOT NULL,
  	"order" integer,
  	"parent_id" integer NOT NULL,
  	"path" varchar NOT NULL,
  	"pages_id" integer,
  	"variant_types_id" integer,
  	"products_id" integer,
  	"categories_id" integer
  );
  
  CREATE TABLE "carts_items" (
  	"_order" integer NOT NULL,
  	"_parent_id" integer NOT NULL,
  	"id" varchar PRIMARY KEY NOT NULL,
  	"product_id" integer,
  	"variant_id" integer,
  	"quantity" numeric DEFAULT 1 NOT NULL
  );
  
  CREATE TABLE "carts" (
  	"id" serial PRIMARY KEY NOT NULL,
  	"secret" varchar,
  	"customer_id" integer,
  	"purchased_at" timestamp(3) with time zone,
  	"subtotal" numeric,
  	"currency" "enum_carts_currency" DEFAULT 'IDR',
  	"updated_at" timestamp(3) with time zone DEFAULT now() NOT NULL,
  	"created_at" timestamp(3) with time zone DEFAULT now() NOT NULL
  );
  
  CREATE TABLE "orders_items" (
  	"_order" integer NOT NULL,
  	"_parent_id" integer NOT NULL,
  	"id" varchar PRIMARY KEY NOT NULL,
  	"product_id" integer,
  	"variant_id" integer,
  	"quantity" numeric DEFAULT 1 NOT NULL
  );
  
  CREATE TABLE "orders" (
  	"id" serial PRIMARY KEY NOT NULL,
  	"shipping_address_title" varchar,
  	"shipping_address_first_name" varchar,
  	"shipping_address_last_name" varchar,
  	"shipping_address_company" varchar,
  	"shipping_address_address_line1" varchar,
  	"shipping_address_address_line2" varchar,
  	"shipping_address_city" varchar,
  	"shipping_address_state" varchar,
  	"shipping_address_postal_code" varchar,
  	"shipping_address_country" varchar,
  	"shipping_address_phone" varchar,
  	"customer_id" integer,
  	"customer_email" varchar,
  	"status" "enum_orders_status" DEFAULT 'processing',
  	"amount" numeric,
  	"currency" "enum_orders_currency" DEFAULT 'IDR',
  	"access_token" varchar,
  	"updated_at" timestamp(3) with time zone DEFAULT now() NOT NULL,
  	"created_at" timestamp(3) with time zone DEFAULT now() NOT NULL
  );
  
  CREATE TABLE "orders_rels" (
  	"id" serial PRIMARY KEY NOT NULL,
  	"order" integer,
  	"parent_id" integer NOT NULL,
  	"path" varchar NOT NULL,
  	"transactions_id" integer
  );
  
  CREATE TABLE "transactions_items" (
  	"_order" integer NOT NULL,
  	"_parent_id" integer NOT NULL,
  	"id" varchar PRIMARY KEY NOT NULL,
  	"product_id" integer,
  	"variant_id" integer,
  	"quantity" numeric DEFAULT 1 NOT NULL
  );
  
  CREATE TABLE "transactions" (
  	"id" serial PRIMARY KEY NOT NULL,
  	"payment_method" "enum_transactions_payment_method",
  	"pakasir_pakasir_order_i_d" varchar,
  	"billing_address_title" varchar,
  	"billing_address_first_name" varchar,
  	"billing_address_last_name" varchar,
  	"billing_address_company" varchar,
  	"billing_address_address_line1" varchar,
  	"billing_address_address_line2" varchar,
  	"billing_address_city" varchar,
  	"billing_address_state" varchar,
  	"billing_address_postal_code" varchar,
  	"billing_address_country" varchar,
  	"billing_address_phone" varchar,
  	"status" "enum_transactions_status" DEFAULT 'pending' NOT NULL,
  	"customer_id" integer,
  	"customer_email" varchar,
  	"order_id" integer,
  	"cart_id" integer,
  	"amount" numeric,
  	"currency" "enum_transactions_currency" DEFAULT 'IDR',
  	"updated_at" timestamp(3) with time zone DEFAULT now() NOT NULL,
  	"created_at" timestamp(3) with time zone DEFAULT now() NOT NULL
  );
  
  CREATE TABLE "payload_kv" (
  	"id" serial PRIMARY KEY NOT NULL,
  	"key" varchar NOT NULL,
  	"data" jsonb NOT NULL
  );
  
  CREATE TABLE "payload_locked_documents" (
  	"id" serial PRIMARY KEY NOT NULL,
  	"global_slug" varchar,
  	"updated_at" timestamp(3) with time zone DEFAULT now() NOT NULL,
  	"created_at" timestamp(3) with time zone DEFAULT now() NOT NULL
  );
  
  CREATE TABLE "payload_locked_documents_rels" (
  	"id" serial PRIMARY KEY NOT NULL,
  	"order" integer,
  	"parent_id" integer NOT NULL,
  	"path" varchar NOT NULL,
  	"users_id" integer,
  	"pages_id" integer,
  	"categories_id" integer,
  	"media_id" integer,
  	"digital_assets_id" integer,
  	"download_access_id" integer,
  	"download_logs_id" integer,
  	"licenses_id" integer,
  	"payment_transactions_id" integer,
  	"coupons_id" integer,
  	"promo_banners_id" integer,
  	"testimonials_id" integer,
  	"support_tickets_id" integer,
  	"support_messages_id" integer,
  	"email_templates_id" integer,
  	"stock_reservations_id" integer,
  	"forms_id" integer,
  	"form_submissions_id" integer,
  	"addresses_id" integer,
  	"variants_id" integer,
  	"variant_types_id" integer,
  	"variant_options_id" integer,
  	"products_id" integer,
  	"carts_id" integer,
  	"orders_id" integer,
  	"transactions_id" integer
  );
  
  CREATE TABLE "payload_preferences" (
  	"id" serial PRIMARY KEY NOT NULL,
  	"key" varchar,
  	"value" jsonb,
  	"updated_at" timestamp(3) with time zone DEFAULT now() NOT NULL,
  	"created_at" timestamp(3) with time zone DEFAULT now() NOT NULL
  );
  
  CREATE TABLE "payload_preferences_rels" (
  	"id" serial PRIMARY KEY NOT NULL,
  	"order" integer,
  	"parent_id" integer NOT NULL,
  	"path" varchar NOT NULL,
  	"users_id" integer
  );
  
  CREATE TABLE "payload_migrations" (
  	"id" serial PRIMARY KEY NOT NULL,
  	"name" varchar,
  	"batch" numeric,
  	"updated_at" timestamp(3) with time zone DEFAULT now() NOT NULL,
  	"created_at" timestamp(3) with time zone DEFAULT now() NOT NULL
  );
  
  CREATE TABLE "header_nav_items" (
  	"_order" integer NOT NULL,
  	"_parent_id" integer NOT NULL,
  	"id" varchar PRIMARY KEY NOT NULL,
  	"link_type" "enum_header_nav_items_link_type" DEFAULT 'reference',
  	"link_new_tab" boolean,
  	"link_url" varchar,
  	"link_label" varchar NOT NULL
  );
  
  CREATE TABLE "header" (
  	"id" serial PRIMARY KEY NOT NULL,
  	"updated_at" timestamp(3) with time zone,
  	"created_at" timestamp(3) with time zone
  );
  
  CREATE TABLE "header_rels" (
  	"id" serial PRIMARY KEY NOT NULL,
  	"order" integer,
  	"parent_id" integer NOT NULL,
  	"path" varchar NOT NULL,
  	"pages_id" integer
  );
  
  CREATE TABLE "footer_nav_items" (
  	"_order" integer NOT NULL,
  	"_parent_id" integer NOT NULL,
  	"id" varchar PRIMARY KEY NOT NULL,
  	"link_type" "enum_footer_nav_items_link_type" DEFAULT 'reference',
  	"link_new_tab" boolean,
  	"link_url" varchar,
  	"link_label" varchar NOT NULL
  );
  
  CREATE TABLE "footer" (
  	"id" serial PRIMARY KEY NOT NULL,
  	"updated_at" timestamp(3) with time zone,
  	"created_at" timestamp(3) with time zone
  );
  
  CREATE TABLE "footer_rels" (
  	"id" serial PRIMARY KEY NOT NULL,
  	"order" integer,
  	"parent_id" integer NOT NULL,
  	"path" varchar NOT NULL,
  	"pages_id" integer
  );
  
  CREATE TABLE "settings_trust_badges_partner_logos" (
  	"_order" integer NOT NULL,
  	"_parent_id" integer NOT NULL,
  	"id" varchar PRIMARY KEY NOT NULL,
  	"logo_id" integer NOT NULL,
  	"name" varchar NOT NULL
  );
  
  CREATE TABLE "settings" (
  	"id" serial PRIMARY KEY NOT NULL,
  	"store_name" varchar DEFAULT 'Citra Commerce' NOT NULL,
  	"logo_id" integer,
  	"favicon_id" integer,
  	"primary_color" varchar DEFAULT '#111827',
  	"support_email" varchar,
  	"payment_config" jsonb,
  	"email_config" jsonb,
  	"storage_config" jsonb,
  	"trust_badges_total_users" varchar DEFAULT '10,000+',
  	"trust_badges_satisfaction_rate" varchar DEFAULT '99%',
  	"trust_badges_support_availability" varchar DEFAULT '24/7',
  	"legal_pages_terms_page_id" integer,
  	"legal_pages_privacy_page_id" integer,
  	"legal_pages_refund_page_id" integer,
  	"updated_at" timestamp(3) with time zone,
  	"created_at" timestamp(3) with time zone
  );
  
  ALTER TABLE "users_roles" ADD CONSTRAINT "users_roles_parent_fk" FOREIGN KEY ("parent_id") REFERENCES "public"."users"("id") ON DELETE cascade ON UPDATE no action;
  ALTER TABLE "users_sessions" ADD CONSTRAINT "users_sessions_parent_id_fk" FOREIGN KEY ("_parent_id") REFERENCES "public"."users"("id") ON DELETE cascade ON UPDATE no action;
  ALTER TABLE "users" ADD CONSTRAINT "users_avatar_id_media_id_fk" FOREIGN KEY ("avatar_id") REFERENCES "public"."media"("id") ON DELETE set null ON UPDATE no action;
  ALTER TABLE "pages_hero_links" ADD CONSTRAINT "pages_hero_links_parent_id_fk" FOREIGN KEY ("_parent_id") REFERENCES "public"."pages"("id") ON DELETE cascade ON UPDATE no action;
  ALTER TABLE "pages_blocks_cta_links" ADD CONSTRAINT "pages_blocks_cta_links_parent_id_fk" FOREIGN KEY ("_parent_id") REFERENCES "public"."pages_blocks_cta"("id") ON DELETE cascade ON UPDATE no action;
  ALTER TABLE "pages_blocks_cta" ADD CONSTRAINT "pages_blocks_cta_parent_id_fk" FOREIGN KEY ("_parent_id") REFERENCES "public"."pages"("id") ON DELETE cascade ON UPDATE no action;
  ALTER TABLE "pages_blocks_content_columns" ADD CONSTRAINT "pages_blocks_content_columns_parent_id_fk" FOREIGN KEY ("_parent_id") REFERENCES "public"."pages_blocks_content"("id") ON DELETE cascade ON UPDATE no action;
  ALTER TABLE "pages_blocks_content" ADD CONSTRAINT "pages_blocks_content_parent_id_fk" FOREIGN KEY ("_parent_id") REFERENCES "public"."pages"("id") ON DELETE cascade ON UPDATE no action;
  ALTER TABLE "pages_blocks_media_block" ADD CONSTRAINT "pages_blocks_media_block_media_id_media_id_fk" FOREIGN KEY ("media_id") REFERENCES "public"."media"("id") ON DELETE set null ON UPDATE no action;
  ALTER TABLE "pages_blocks_media_block" ADD CONSTRAINT "pages_blocks_media_block_parent_id_fk" FOREIGN KEY ("_parent_id") REFERENCES "public"."pages"("id") ON DELETE cascade ON UPDATE no action;
  ALTER TABLE "pages_blocks_archive" ADD CONSTRAINT "pages_blocks_archive_parent_id_fk" FOREIGN KEY ("_parent_id") REFERENCES "public"."pages"("id") ON DELETE cascade ON UPDATE no action;
  ALTER TABLE "pages_blocks_carousel" ADD CONSTRAINT "pages_blocks_carousel_parent_id_fk" FOREIGN KEY ("_parent_id") REFERENCES "public"."pages"("id") ON DELETE cascade ON UPDATE no action;
  ALTER TABLE "pages_blocks_three_item_grid" ADD CONSTRAINT "pages_blocks_three_item_grid_parent_id_fk" FOREIGN KEY ("_parent_id") REFERENCES "public"."pages"("id") ON DELETE cascade ON UPDATE no action;
  ALTER TABLE "pages_blocks_banner" ADD CONSTRAINT "pages_blocks_banner_parent_id_fk" FOREIGN KEY ("_parent_id") REFERENCES "public"."pages"("id") ON DELETE cascade ON UPDATE no action;
  ALTER TABLE "pages_blocks_form_block" ADD CONSTRAINT "pages_blocks_form_block_form_id_forms_id_fk" FOREIGN KEY ("form_id") REFERENCES "public"."forms"("id") ON DELETE set null ON UPDATE no action;
  ALTER TABLE "pages_blocks_form_block" ADD CONSTRAINT "pages_blocks_form_block_parent_id_fk" FOREIGN KEY ("_parent_id") REFERENCES "public"."pages"("id") ON DELETE cascade ON UPDATE no action;
  ALTER TABLE "pages" ADD CONSTRAINT "pages_hero_media_id_media_id_fk" FOREIGN KEY ("hero_media_id") REFERENCES "public"."media"("id") ON DELETE set null ON UPDATE no action;
  ALTER TABLE "pages" ADD CONSTRAINT "pages_meta_image_id_media_id_fk" FOREIGN KEY ("meta_image_id") REFERENCES "public"."media"("id") ON DELETE set null ON UPDATE no action;
  ALTER TABLE "pages_rels" ADD CONSTRAINT "pages_rels_parent_fk" FOREIGN KEY ("parent_id") REFERENCES "public"."pages"("id") ON DELETE cascade ON UPDATE no action;
  ALTER TABLE "pages_rels" ADD CONSTRAINT "pages_rels_pages_fk" FOREIGN KEY ("pages_id") REFERENCES "public"."pages"("id") ON DELETE cascade ON UPDATE no action;
  ALTER TABLE "pages_rels" ADD CONSTRAINT "pages_rels_categories_fk" FOREIGN KEY ("categories_id") REFERENCES "public"."categories"("id") ON DELETE cascade ON UPDATE no action;
  ALTER TABLE "pages_rels" ADD CONSTRAINT "pages_rels_products_fk" FOREIGN KEY ("products_id") REFERENCES "public"."products"("id") ON DELETE cascade ON UPDATE no action;
  ALTER TABLE "_pages_v_version_hero_links" ADD CONSTRAINT "_pages_v_version_hero_links_parent_id_fk" FOREIGN KEY ("_parent_id") REFERENCES "public"."_pages_v"("id") ON DELETE cascade ON UPDATE no action;
  ALTER TABLE "_pages_v_blocks_cta_links" ADD CONSTRAINT "_pages_v_blocks_cta_links_parent_id_fk" FOREIGN KEY ("_parent_id") REFERENCES "public"."_pages_v_blocks_cta"("id") ON DELETE cascade ON UPDATE no action;
  ALTER TABLE "_pages_v_blocks_cta" ADD CONSTRAINT "_pages_v_blocks_cta_parent_id_fk" FOREIGN KEY ("_parent_id") REFERENCES "public"."_pages_v"("id") ON DELETE cascade ON UPDATE no action;
  ALTER TABLE "_pages_v_blocks_content_columns" ADD CONSTRAINT "_pages_v_blocks_content_columns_parent_id_fk" FOREIGN KEY ("_parent_id") REFERENCES "public"."_pages_v_blocks_content"("id") ON DELETE cascade ON UPDATE no action;
  ALTER TABLE "_pages_v_blocks_content" ADD CONSTRAINT "_pages_v_blocks_content_parent_id_fk" FOREIGN KEY ("_parent_id") REFERENCES "public"."_pages_v"("id") ON DELETE cascade ON UPDATE no action;
  ALTER TABLE "_pages_v_blocks_media_block" ADD CONSTRAINT "_pages_v_blocks_media_block_media_id_media_id_fk" FOREIGN KEY ("media_id") REFERENCES "public"."media"("id") ON DELETE set null ON UPDATE no action;
  ALTER TABLE "_pages_v_blocks_media_block" ADD CONSTRAINT "_pages_v_blocks_media_block_parent_id_fk" FOREIGN KEY ("_parent_id") REFERENCES "public"."_pages_v"("id") ON DELETE cascade ON UPDATE no action;
  ALTER TABLE "_pages_v_blocks_archive" ADD CONSTRAINT "_pages_v_blocks_archive_parent_id_fk" FOREIGN KEY ("_parent_id") REFERENCES "public"."_pages_v"("id") ON DELETE cascade ON UPDATE no action;
  ALTER TABLE "_pages_v_blocks_carousel" ADD CONSTRAINT "_pages_v_blocks_carousel_parent_id_fk" FOREIGN KEY ("_parent_id") REFERENCES "public"."_pages_v"("id") ON DELETE cascade ON UPDATE no action;
  ALTER TABLE "_pages_v_blocks_three_item_grid" ADD CONSTRAINT "_pages_v_blocks_three_item_grid_parent_id_fk" FOREIGN KEY ("_parent_id") REFERENCES "public"."_pages_v"("id") ON DELETE cascade ON UPDATE no action;
  ALTER TABLE "_pages_v_blocks_banner" ADD CONSTRAINT "_pages_v_blocks_banner_parent_id_fk" FOREIGN KEY ("_parent_id") REFERENCES "public"."_pages_v"("id") ON DELETE cascade ON UPDATE no action;
  ALTER TABLE "_pages_v_blocks_form_block" ADD CONSTRAINT "_pages_v_blocks_form_block_form_id_forms_id_fk" FOREIGN KEY ("form_id") REFERENCES "public"."forms"("id") ON DELETE set null ON UPDATE no action;
  ALTER TABLE "_pages_v_blocks_form_block" ADD CONSTRAINT "_pages_v_blocks_form_block_parent_id_fk" FOREIGN KEY ("_parent_id") REFERENCES "public"."_pages_v"("id") ON DELETE cascade ON UPDATE no action;
  ALTER TABLE "_pages_v" ADD CONSTRAINT "_pages_v_parent_id_pages_id_fk" FOREIGN KEY ("parent_id") REFERENCES "public"."pages"("id") ON DELETE set null ON UPDATE no action;
  ALTER TABLE "_pages_v" ADD CONSTRAINT "_pages_v_version_hero_media_id_media_id_fk" FOREIGN KEY ("version_hero_media_id") REFERENCES "public"."media"("id") ON DELETE set null ON UPDATE no action;
  ALTER TABLE "_pages_v" ADD CONSTRAINT "_pages_v_version_meta_image_id_media_id_fk" FOREIGN KEY ("version_meta_image_id") REFERENCES "public"."media"("id") ON DELETE set null ON UPDATE no action;
  ALTER TABLE "_pages_v_rels" ADD CONSTRAINT "_pages_v_rels_parent_fk" FOREIGN KEY ("parent_id") REFERENCES "public"."_pages_v"("id") ON DELETE cascade ON UPDATE no action;
  ALTER TABLE "_pages_v_rels" ADD CONSTRAINT "_pages_v_rels_pages_fk" FOREIGN KEY ("pages_id") REFERENCES "public"."pages"("id") ON DELETE cascade ON UPDATE no action;
  ALTER TABLE "_pages_v_rels" ADD CONSTRAINT "_pages_v_rels_categories_fk" FOREIGN KEY ("categories_id") REFERENCES "public"."categories"("id") ON DELETE cascade ON UPDATE no action;
  ALTER TABLE "_pages_v_rels" ADD CONSTRAINT "_pages_v_rels_products_fk" FOREIGN KEY ("products_id") REFERENCES "public"."products"("id") ON DELETE cascade ON UPDATE no action;
  ALTER TABLE "digital_assets" ADD CONSTRAINT "digital_assets_product_id_products_id_fk" FOREIGN KEY ("product_id") REFERENCES "public"."products"("id") ON DELETE set null ON UPDATE no action;
  ALTER TABLE "digital_assets" ADD CONSTRAINT "digital_assets_file_id_media_id_fk" FOREIGN KEY ("file_id") REFERENCES "public"."media"("id") ON DELETE set null ON UPDATE no action;
  ALTER TABLE "download_access" ADD CONSTRAINT "download_access_customer_id_users_id_fk" FOREIGN KEY ("customer_id") REFERENCES "public"."users"("id") ON DELETE set null ON UPDATE no action;
  ALTER TABLE "download_access" ADD CONSTRAINT "download_access_product_id_products_id_fk" FOREIGN KEY ("product_id") REFERENCES "public"."products"("id") ON DELETE set null ON UPDATE no action;
  ALTER TABLE "download_access" ADD CONSTRAINT "download_access_order_id_orders_id_fk" FOREIGN KEY ("order_id") REFERENCES "public"."orders"("id") ON DELETE set null ON UPDATE no action;
  ALTER TABLE "download_access" ADD CONSTRAINT "download_access_asset_id_digital_assets_id_fk" FOREIGN KEY ("asset_id") REFERENCES "public"."digital_assets"("id") ON DELETE set null ON UPDATE no action;
  ALTER TABLE "download_logs" ADD CONSTRAINT "download_logs_customer_id_users_id_fk" FOREIGN KEY ("customer_id") REFERENCES "public"."users"("id") ON DELETE set null ON UPDATE no action;
  ALTER TABLE "download_logs" ADD CONSTRAINT "download_logs_product_id_products_id_fk" FOREIGN KEY ("product_id") REFERENCES "public"."products"("id") ON DELETE set null ON UPDATE no action;
  ALTER TABLE "download_logs" ADD CONSTRAINT "download_logs_asset_id_digital_assets_id_fk" FOREIGN KEY ("asset_id") REFERENCES "public"."digital_assets"("id") ON DELETE set null ON UPDATE no action;
  ALTER TABLE "download_logs" ADD CONSTRAINT "download_logs_order_id_orders_id_fk" FOREIGN KEY ("order_id") REFERENCES "public"."orders"("id") ON DELETE set null ON UPDATE no action;
  ALTER TABLE "licenses" ADD CONSTRAINT "licenses_customer_id_users_id_fk" FOREIGN KEY ("customer_id") REFERENCES "public"."users"("id") ON DELETE set null ON UPDATE no action;
  ALTER TABLE "licenses" ADD CONSTRAINT "licenses_product_id_products_id_fk" FOREIGN KEY ("product_id") REFERENCES "public"."products"("id") ON DELETE set null ON UPDATE no action;
  ALTER TABLE "licenses" ADD CONSTRAINT "licenses_order_id_orders_id_fk" FOREIGN KEY ("order_id") REFERENCES "public"."orders"("id") ON DELETE set null ON UPDATE no action;
  ALTER TABLE "payment_transactions" ADD CONSTRAINT "payment_transactions_order_id_orders_id_fk" FOREIGN KEY ("order_id") REFERENCES "public"."orders"("id") ON DELETE set null ON UPDATE no action;
  ALTER TABLE "payment_transactions" ADD CONSTRAINT "payment_transactions_customer_id_users_id_fk" FOREIGN KEY ("customer_id") REFERENCES "public"."users"("id") ON DELETE set null ON UPDATE no action;
  ALTER TABLE "promo_banners" ADD CONSTRAINT "promo_banners_image_id_media_id_fk" FOREIGN KEY ("image_id") REFERENCES "public"."media"("id") ON DELETE set null ON UPDATE no action;
  ALTER TABLE "testimonials" ADD CONSTRAINT "testimonials_avatar_id_media_id_fk" FOREIGN KEY ("avatar_id") REFERENCES "public"."media"("id") ON DELETE set null ON UPDATE no action;
  ALTER TABLE "support_tickets" ADD CONSTRAINT "support_tickets_customer_id_users_id_fk" FOREIGN KEY ("customer_id") REFERENCES "public"."users"("id") ON DELETE set null ON UPDATE no action;
  ALTER TABLE "support_tickets" ADD CONSTRAINT "support_tickets_related_order_id_orders_id_fk" FOREIGN KEY ("related_order_id") REFERENCES "public"."orders"("id") ON DELETE set null ON UPDATE no action;
  ALTER TABLE "support_tickets" ADD CONSTRAINT "support_tickets_related_product_id_products_id_fk" FOREIGN KEY ("related_product_id") REFERENCES "public"."products"("id") ON DELETE set null ON UPDATE no action;
  ALTER TABLE "support_tickets" ADD CONSTRAINT "support_tickets_assigned_to_id_users_id_fk" FOREIGN KEY ("assigned_to_id") REFERENCES "public"."users"("id") ON DELETE set null ON UPDATE no action;
  ALTER TABLE "support_messages_attachments" ADD CONSTRAINT "support_messages_attachments_file_id_media_id_fk" FOREIGN KEY ("file_id") REFERENCES "public"."media"("id") ON DELETE set null ON UPDATE no action;
  ALTER TABLE "support_messages_attachments" ADD CONSTRAINT "support_messages_attachments_parent_id_fk" FOREIGN KEY ("_parent_id") REFERENCES "public"."support_messages"("id") ON DELETE cascade ON UPDATE no action;
  ALTER TABLE "support_messages" ADD CONSTRAINT "support_messages_ticket_id_support_tickets_id_fk" FOREIGN KEY ("ticket_id") REFERENCES "public"."support_tickets"("id") ON DELETE set null ON UPDATE no action;
  ALTER TABLE "support_messages" ADD CONSTRAINT "support_messages_sender_id_users_id_fk" FOREIGN KEY ("sender_id") REFERENCES "public"."users"("id") ON DELETE set null ON UPDATE no action;
  ALTER TABLE "stock_reservations" ADD CONSTRAINT "stock_reservations_product_id_products_id_fk" FOREIGN KEY ("product_id") REFERENCES "public"."products"("id") ON DELETE set null ON UPDATE no action;
  ALTER TABLE "stock_reservations" ADD CONSTRAINT "stock_reservations_order_id_orders_id_fk" FOREIGN KEY ("order_id") REFERENCES "public"."orders"("id") ON DELETE set null ON UPDATE no action;
  ALTER TABLE "stock_reservations" ADD CONSTRAINT "stock_reservations_customer_id_users_id_fk" FOREIGN KEY ("customer_id") REFERENCES "public"."users"("id") ON DELETE set null ON UPDATE no action;
  ALTER TABLE "forms_blocks_checkbox" ADD CONSTRAINT "forms_blocks_checkbox_parent_id_fk" FOREIGN KEY ("_parent_id") REFERENCES "public"."forms"("id") ON DELETE cascade ON UPDATE no action;
  ALTER TABLE "forms_blocks_country" ADD CONSTRAINT "forms_blocks_country_parent_id_fk" FOREIGN KEY ("_parent_id") REFERENCES "public"."forms"("id") ON DELETE cascade ON UPDATE no action;
  ALTER TABLE "forms_blocks_email" ADD CONSTRAINT "forms_blocks_email_parent_id_fk" FOREIGN KEY ("_parent_id") REFERENCES "public"."forms"("id") ON DELETE cascade ON UPDATE no action;
  ALTER TABLE "forms_blocks_message" ADD CONSTRAINT "forms_blocks_message_parent_id_fk" FOREIGN KEY ("_parent_id") REFERENCES "public"."forms"("id") ON DELETE cascade ON UPDATE no action;
  ALTER TABLE "forms_blocks_number" ADD CONSTRAINT "forms_blocks_number_parent_id_fk" FOREIGN KEY ("_parent_id") REFERENCES "public"."forms"("id") ON DELETE cascade ON UPDATE no action;
  ALTER TABLE "forms_blocks_select_options" ADD CONSTRAINT "forms_blocks_select_options_parent_id_fk" FOREIGN KEY ("_parent_id") REFERENCES "public"."forms_blocks_select"("id") ON DELETE cascade ON UPDATE no action;
  ALTER TABLE "forms_blocks_select" ADD CONSTRAINT "forms_blocks_select_parent_id_fk" FOREIGN KEY ("_parent_id") REFERENCES "public"."forms"("id") ON DELETE cascade ON UPDATE no action;
  ALTER TABLE "forms_blocks_state" ADD CONSTRAINT "forms_blocks_state_parent_id_fk" FOREIGN KEY ("_parent_id") REFERENCES "public"."forms"("id") ON DELETE cascade ON UPDATE no action;
  ALTER TABLE "forms_blocks_text" ADD CONSTRAINT "forms_blocks_text_parent_id_fk" FOREIGN KEY ("_parent_id") REFERENCES "public"."forms"("id") ON DELETE cascade ON UPDATE no action;
  ALTER TABLE "forms_blocks_textarea" ADD CONSTRAINT "forms_blocks_textarea_parent_id_fk" FOREIGN KEY ("_parent_id") REFERENCES "public"."forms"("id") ON DELETE cascade ON UPDATE no action;
  ALTER TABLE "forms_emails" ADD CONSTRAINT "forms_emails_parent_id_fk" FOREIGN KEY ("_parent_id") REFERENCES "public"."forms"("id") ON DELETE cascade ON UPDATE no action;
  ALTER TABLE "form_submissions_submission_data" ADD CONSTRAINT "form_submissions_submission_data_parent_id_fk" FOREIGN KEY ("_parent_id") REFERENCES "public"."form_submissions"("id") ON DELETE cascade ON UPDATE no action;
  ALTER TABLE "form_submissions" ADD CONSTRAINT "form_submissions_form_id_forms_id_fk" FOREIGN KEY ("form_id") REFERENCES "public"."forms"("id") ON DELETE set null ON UPDATE no action;
  ALTER TABLE "addresses" ADD CONSTRAINT "addresses_customer_id_users_id_fk" FOREIGN KEY ("customer_id") REFERENCES "public"."users"("id") ON DELETE set null ON UPDATE no action;
  ALTER TABLE "variants" ADD CONSTRAINT "variants_product_id_products_id_fk" FOREIGN KEY ("product_id") REFERENCES "public"."products"("id") ON DELETE set null ON UPDATE no action;
  ALTER TABLE "variants_rels" ADD CONSTRAINT "variants_rels_parent_fk" FOREIGN KEY ("parent_id") REFERENCES "public"."variants"("id") ON DELETE cascade ON UPDATE no action;
  ALTER TABLE "variants_rels" ADD CONSTRAINT "variants_rels_variant_options_fk" FOREIGN KEY ("variant_options_id") REFERENCES "public"."variant_options"("id") ON DELETE cascade ON UPDATE no action;
  ALTER TABLE "_variants_v" ADD CONSTRAINT "_variants_v_parent_id_variants_id_fk" FOREIGN KEY ("parent_id") REFERENCES "public"."variants"("id") ON DELETE set null ON UPDATE no action;
  ALTER TABLE "_variants_v" ADD CONSTRAINT "_variants_v_version_product_id_products_id_fk" FOREIGN KEY ("version_product_id") REFERENCES "public"."products"("id") ON DELETE set null ON UPDATE no action;
  ALTER TABLE "_variants_v_rels" ADD CONSTRAINT "_variants_v_rels_parent_fk" FOREIGN KEY ("parent_id") REFERENCES "public"."_variants_v"("id") ON DELETE cascade ON UPDATE no action;
  ALTER TABLE "_variants_v_rels" ADD CONSTRAINT "_variants_v_rels_variant_options_fk" FOREIGN KEY ("variant_options_id") REFERENCES "public"."variant_options"("id") ON DELETE cascade ON UPDATE no action;
  ALTER TABLE "variant_options" ADD CONSTRAINT "variant_options_variant_type_id_variant_types_id_fk" FOREIGN KEY ("variant_type_id") REFERENCES "public"."variant_types"("id") ON DELETE set null ON UPDATE no action;
  ALTER TABLE "products_gallery" ADD CONSTRAINT "products_gallery_image_id_media_id_fk" FOREIGN KEY ("image_id") REFERENCES "public"."media"("id") ON DELETE set null ON UPDATE no action;
  ALTER TABLE "products_gallery" ADD CONSTRAINT "products_gallery_variant_option_id_variant_options_id_fk" FOREIGN KEY ("variant_option_id") REFERENCES "public"."variant_options"("id") ON DELETE set null ON UPDATE no action;
  ALTER TABLE "products_gallery" ADD CONSTRAINT "products_gallery_parent_id_fk" FOREIGN KEY ("_parent_id") REFERENCES "public"."products"("id") ON DELETE cascade ON UPDATE no action;
  ALTER TABLE "products_blocks_cta_links" ADD CONSTRAINT "products_blocks_cta_links_parent_id_fk" FOREIGN KEY ("_parent_id") REFERENCES "public"."products_blocks_cta"("id") ON DELETE cascade ON UPDATE no action;
  ALTER TABLE "products_blocks_cta" ADD CONSTRAINT "products_blocks_cta_parent_id_fk" FOREIGN KEY ("_parent_id") REFERENCES "public"."products"("id") ON DELETE cascade ON UPDATE no action;
  ALTER TABLE "products_blocks_content_columns" ADD CONSTRAINT "products_blocks_content_columns_parent_id_fk" FOREIGN KEY ("_parent_id") REFERENCES "public"."products_blocks_content"("id") ON DELETE cascade ON UPDATE no action;
  ALTER TABLE "products_blocks_content" ADD CONSTRAINT "products_blocks_content_parent_id_fk" FOREIGN KEY ("_parent_id") REFERENCES "public"."products"("id") ON DELETE cascade ON UPDATE no action;
  ALTER TABLE "products_blocks_media_block" ADD CONSTRAINT "products_blocks_media_block_media_id_media_id_fk" FOREIGN KEY ("media_id") REFERENCES "public"."media"("id") ON DELETE set null ON UPDATE no action;
  ALTER TABLE "products_blocks_media_block" ADD CONSTRAINT "products_blocks_media_block_parent_id_fk" FOREIGN KEY ("_parent_id") REFERENCES "public"."products"("id") ON DELETE cascade ON UPDATE no action;
  ALTER TABLE "products_included_files" ADD CONSTRAINT "products_included_files_parent_id_fk" FOREIGN KEY ("_parent_id") REFERENCES "public"."products"("id") ON DELETE cascade ON UPDATE no action;
  ALTER TABLE "products_product_f_a_q" ADD CONSTRAINT "products_product_f_a_q_parent_id_fk" FOREIGN KEY ("_parent_id") REFERENCES "public"."products"("id") ON DELETE cascade ON UPDATE no action;
  ALTER TABLE "products" ADD CONSTRAINT "products_meta_image_id_media_id_fk" FOREIGN KEY ("meta_image_id") REFERENCES "public"."media"("id") ON DELETE set null ON UPDATE no action;
  ALTER TABLE "products_rels" ADD CONSTRAINT "products_rels_parent_fk" FOREIGN KEY ("parent_id") REFERENCES "public"."products"("id") ON DELETE cascade ON UPDATE no action;
  ALTER TABLE "products_rels" ADD CONSTRAINT "products_rels_pages_fk" FOREIGN KEY ("pages_id") REFERENCES "public"."pages"("id") ON DELETE cascade ON UPDATE no action;
  ALTER TABLE "products_rels" ADD CONSTRAINT "products_rels_variant_types_fk" FOREIGN KEY ("variant_types_id") REFERENCES "public"."variant_types"("id") ON DELETE cascade ON UPDATE no action;
  ALTER TABLE "products_rels" ADD CONSTRAINT "products_rels_products_fk" FOREIGN KEY ("products_id") REFERENCES "public"."products"("id") ON DELETE cascade ON UPDATE no action;
  ALTER TABLE "products_rels" ADD CONSTRAINT "products_rels_categories_fk" FOREIGN KEY ("categories_id") REFERENCES "public"."categories"("id") ON DELETE cascade ON UPDATE no action;
  ALTER TABLE "_products_v_version_gallery" ADD CONSTRAINT "_products_v_version_gallery_image_id_media_id_fk" FOREIGN KEY ("image_id") REFERENCES "public"."media"("id") ON DELETE set null ON UPDATE no action;
  ALTER TABLE "_products_v_version_gallery" ADD CONSTRAINT "_products_v_version_gallery_variant_option_id_variant_options_id_fk" FOREIGN KEY ("variant_option_id") REFERENCES "public"."variant_options"("id") ON DELETE set null ON UPDATE no action;
  ALTER TABLE "_products_v_version_gallery" ADD CONSTRAINT "_products_v_version_gallery_parent_id_fk" FOREIGN KEY ("_parent_id") REFERENCES "public"."_products_v"("id") ON DELETE cascade ON UPDATE no action;
  ALTER TABLE "_products_v_blocks_cta_links" ADD CONSTRAINT "_products_v_blocks_cta_links_parent_id_fk" FOREIGN KEY ("_parent_id") REFERENCES "public"."_products_v_blocks_cta"("id") ON DELETE cascade ON UPDATE no action;
  ALTER TABLE "_products_v_blocks_cta" ADD CONSTRAINT "_products_v_blocks_cta_parent_id_fk" FOREIGN KEY ("_parent_id") REFERENCES "public"."_products_v"("id") ON DELETE cascade ON UPDATE no action;
  ALTER TABLE "_products_v_blocks_content_columns" ADD CONSTRAINT "_products_v_blocks_content_columns_parent_id_fk" FOREIGN KEY ("_parent_id") REFERENCES "public"."_products_v_blocks_content"("id") ON DELETE cascade ON UPDATE no action;
  ALTER TABLE "_products_v_blocks_content" ADD CONSTRAINT "_products_v_blocks_content_parent_id_fk" FOREIGN KEY ("_parent_id") REFERENCES "public"."_products_v"("id") ON DELETE cascade ON UPDATE no action;
  ALTER TABLE "_products_v_blocks_media_block" ADD CONSTRAINT "_products_v_blocks_media_block_media_id_media_id_fk" FOREIGN KEY ("media_id") REFERENCES "public"."media"("id") ON DELETE set null ON UPDATE no action;
  ALTER TABLE "_products_v_blocks_media_block" ADD CONSTRAINT "_products_v_blocks_media_block_parent_id_fk" FOREIGN KEY ("_parent_id") REFERENCES "public"."_products_v"("id") ON DELETE cascade ON UPDATE no action;
  ALTER TABLE "_products_v_version_included_files" ADD CONSTRAINT "_products_v_version_included_files_parent_id_fk" FOREIGN KEY ("_parent_id") REFERENCES "public"."_products_v"("id") ON DELETE cascade ON UPDATE no action;
  ALTER TABLE "_products_v_version_product_f_a_q" ADD CONSTRAINT "_products_v_version_product_f_a_q_parent_id_fk" FOREIGN KEY ("_parent_id") REFERENCES "public"."_products_v"("id") ON DELETE cascade ON UPDATE no action;
  ALTER TABLE "_products_v" ADD CONSTRAINT "_products_v_parent_id_products_id_fk" FOREIGN KEY ("parent_id") REFERENCES "public"."products"("id") ON DELETE set null ON UPDATE no action;
  ALTER TABLE "_products_v" ADD CONSTRAINT "_products_v_version_meta_image_id_media_id_fk" FOREIGN KEY ("version_meta_image_id") REFERENCES "public"."media"("id") ON DELETE set null ON UPDATE no action;
  ALTER TABLE "_products_v_rels" ADD CONSTRAINT "_products_v_rels_parent_fk" FOREIGN KEY ("parent_id") REFERENCES "public"."_products_v"("id") ON DELETE cascade ON UPDATE no action;
  ALTER TABLE "_products_v_rels" ADD CONSTRAINT "_products_v_rels_pages_fk" FOREIGN KEY ("pages_id") REFERENCES "public"."pages"("id") ON DELETE cascade ON UPDATE no action;
  ALTER TABLE "_products_v_rels" ADD CONSTRAINT "_products_v_rels_variant_types_fk" FOREIGN KEY ("variant_types_id") REFERENCES "public"."variant_types"("id") ON DELETE cascade ON UPDATE no action;
  ALTER TABLE "_products_v_rels" ADD CONSTRAINT "_products_v_rels_products_fk" FOREIGN KEY ("products_id") REFERENCES "public"."products"("id") ON DELETE cascade ON UPDATE no action;
  ALTER TABLE "_products_v_rels" ADD CONSTRAINT "_products_v_rels_categories_fk" FOREIGN KEY ("categories_id") REFERENCES "public"."categories"("id") ON DELETE cascade ON UPDATE no action;
  ALTER TABLE "carts_items" ADD CONSTRAINT "carts_items_product_id_products_id_fk" FOREIGN KEY ("product_id") REFERENCES "public"."products"("id") ON DELETE set null ON UPDATE no action;
  ALTER TABLE "carts_items" ADD CONSTRAINT "carts_items_variant_id_variants_id_fk" FOREIGN KEY ("variant_id") REFERENCES "public"."variants"("id") ON DELETE set null ON UPDATE no action;
  ALTER TABLE "carts_items" ADD CONSTRAINT "carts_items_parent_id_fk" FOREIGN KEY ("_parent_id") REFERENCES "public"."carts"("id") ON DELETE cascade ON UPDATE no action;
  ALTER TABLE "carts" ADD CONSTRAINT "carts_customer_id_users_id_fk" FOREIGN KEY ("customer_id") REFERENCES "public"."users"("id") ON DELETE set null ON UPDATE no action;
  ALTER TABLE "orders_items" ADD CONSTRAINT "orders_items_product_id_products_id_fk" FOREIGN KEY ("product_id") REFERENCES "public"."products"("id") ON DELETE set null ON UPDATE no action;
  ALTER TABLE "orders_items" ADD CONSTRAINT "orders_items_variant_id_variants_id_fk" FOREIGN KEY ("variant_id") REFERENCES "public"."variants"("id") ON DELETE set null ON UPDATE no action;
  ALTER TABLE "orders_items" ADD CONSTRAINT "orders_items_parent_id_fk" FOREIGN KEY ("_parent_id") REFERENCES "public"."orders"("id") ON DELETE cascade ON UPDATE no action;
  ALTER TABLE "orders" ADD CONSTRAINT "orders_customer_id_users_id_fk" FOREIGN KEY ("customer_id") REFERENCES "public"."users"("id") ON DELETE set null ON UPDATE no action;
  ALTER TABLE "orders_rels" ADD CONSTRAINT "orders_rels_parent_fk" FOREIGN KEY ("parent_id") REFERENCES "public"."orders"("id") ON DELETE cascade ON UPDATE no action;
  ALTER TABLE "orders_rels" ADD CONSTRAINT "orders_rels_transactions_fk" FOREIGN KEY ("transactions_id") REFERENCES "public"."transactions"("id") ON DELETE cascade ON UPDATE no action;
  ALTER TABLE "transactions_items" ADD CONSTRAINT "transactions_items_product_id_products_id_fk" FOREIGN KEY ("product_id") REFERENCES "public"."products"("id") ON DELETE set null ON UPDATE no action;
  ALTER TABLE "transactions_items" ADD CONSTRAINT "transactions_items_variant_id_variants_id_fk" FOREIGN KEY ("variant_id") REFERENCES "public"."variants"("id") ON DELETE set null ON UPDATE no action;
  ALTER TABLE "transactions_items" ADD CONSTRAINT "transactions_items_parent_id_fk" FOREIGN KEY ("_parent_id") REFERENCES "public"."transactions"("id") ON DELETE cascade ON UPDATE no action;
  ALTER TABLE "transactions" ADD CONSTRAINT "transactions_customer_id_users_id_fk" FOREIGN KEY ("customer_id") REFERENCES "public"."users"("id") ON DELETE set null ON UPDATE no action;
  ALTER TABLE "transactions" ADD CONSTRAINT "transactions_order_id_orders_id_fk" FOREIGN KEY ("order_id") REFERENCES "public"."orders"("id") ON DELETE set null ON UPDATE no action;
  ALTER TABLE "transactions" ADD CONSTRAINT "transactions_cart_id_carts_id_fk" FOREIGN KEY ("cart_id") REFERENCES "public"."carts"("id") ON DELETE set null ON UPDATE no action;
  ALTER TABLE "payload_locked_documents_rels" ADD CONSTRAINT "payload_locked_documents_rels_parent_fk" FOREIGN KEY ("parent_id") REFERENCES "public"."payload_locked_documents"("id") ON DELETE cascade ON UPDATE no action;
  ALTER TABLE "payload_locked_documents_rels" ADD CONSTRAINT "payload_locked_documents_rels_users_fk" FOREIGN KEY ("users_id") REFERENCES "public"."users"("id") ON DELETE cascade ON UPDATE no action;
  ALTER TABLE "payload_locked_documents_rels" ADD CONSTRAINT "payload_locked_documents_rels_pages_fk" FOREIGN KEY ("pages_id") REFERENCES "public"."pages"("id") ON DELETE cascade ON UPDATE no action;
  ALTER TABLE "payload_locked_documents_rels" ADD CONSTRAINT "payload_locked_documents_rels_categories_fk" FOREIGN KEY ("categories_id") REFERENCES "public"."categories"("id") ON DELETE cascade ON UPDATE no action;
  ALTER TABLE "payload_locked_documents_rels" ADD CONSTRAINT "payload_locked_documents_rels_media_fk" FOREIGN KEY ("media_id") REFERENCES "public"."media"("id") ON DELETE cascade ON UPDATE no action;
  ALTER TABLE "payload_locked_documents_rels" ADD CONSTRAINT "payload_locked_documents_rels_digital_assets_fk" FOREIGN KEY ("digital_assets_id") REFERENCES "public"."digital_assets"("id") ON DELETE cascade ON UPDATE no action;
  ALTER TABLE "payload_locked_documents_rels" ADD CONSTRAINT "payload_locked_documents_rels_download_access_fk" FOREIGN KEY ("download_access_id") REFERENCES "public"."download_access"("id") ON DELETE cascade ON UPDATE no action;
  ALTER TABLE "payload_locked_documents_rels" ADD CONSTRAINT "payload_locked_documents_rels_download_logs_fk" FOREIGN KEY ("download_logs_id") REFERENCES "public"."download_logs"("id") ON DELETE cascade ON UPDATE no action;
  ALTER TABLE "payload_locked_documents_rels" ADD CONSTRAINT "payload_locked_documents_rels_licenses_fk" FOREIGN KEY ("licenses_id") REFERENCES "public"."licenses"("id") ON DELETE cascade ON UPDATE no action;
  ALTER TABLE "payload_locked_documents_rels" ADD CONSTRAINT "payload_locked_documents_rels_payment_transactions_fk" FOREIGN KEY ("payment_transactions_id") REFERENCES "public"."payment_transactions"("id") ON DELETE cascade ON UPDATE no action;
  ALTER TABLE "payload_locked_documents_rels" ADD CONSTRAINT "payload_locked_documents_rels_coupons_fk" FOREIGN KEY ("coupons_id") REFERENCES "public"."coupons"("id") ON DELETE cascade ON UPDATE no action;
  ALTER TABLE "payload_locked_documents_rels" ADD CONSTRAINT "payload_locked_documents_rels_promo_banners_fk" FOREIGN KEY ("promo_banners_id") REFERENCES "public"."promo_banners"("id") ON DELETE cascade ON UPDATE no action;
  ALTER TABLE "payload_locked_documents_rels" ADD CONSTRAINT "payload_locked_documents_rels_testimonials_fk" FOREIGN KEY ("testimonials_id") REFERENCES "public"."testimonials"("id") ON DELETE cascade ON UPDATE no action;
  ALTER TABLE "payload_locked_documents_rels" ADD CONSTRAINT "payload_locked_documents_rels_support_tickets_fk" FOREIGN KEY ("support_tickets_id") REFERENCES "public"."support_tickets"("id") ON DELETE cascade ON UPDATE no action;
  ALTER TABLE "payload_locked_documents_rels" ADD CONSTRAINT "payload_locked_documents_rels_support_messages_fk" FOREIGN KEY ("support_messages_id") REFERENCES "public"."support_messages"("id") ON DELETE cascade ON UPDATE no action;
  ALTER TABLE "payload_locked_documents_rels" ADD CONSTRAINT "payload_locked_documents_rels_email_templates_fk" FOREIGN KEY ("email_templates_id") REFERENCES "public"."email_templates"("id") ON DELETE cascade ON UPDATE no action;
  ALTER TABLE "payload_locked_documents_rels" ADD CONSTRAINT "payload_locked_documents_rels_stock_reservations_fk" FOREIGN KEY ("stock_reservations_id") REFERENCES "public"."stock_reservations"("id") ON DELETE cascade ON UPDATE no action;
  ALTER TABLE "payload_locked_documents_rels" ADD CONSTRAINT "payload_locked_documents_rels_forms_fk" FOREIGN KEY ("forms_id") REFERENCES "public"."forms"("id") ON DELETE cascade ON UPDATE no action;
  ALTER TABLE "payload_locked_documents_rels" ADD CONSTRAINT "payload_locked_documents_rels_form_submissions_fk" FOREIGN KEY ("form_submissions_id") REFERENCES "public"."form_submissions"("id") ON DELETE cascade ON UPDATE no action;
  ALTER TABLE "payload_locked_documents_rels" ADD CONSTRAINT "payload_locked_documents_rels_addresses_fk" FOREIGN KEY ("addresses_id") REFERENCES "public"."addresses"("id") ON DELETE cascade ON UPDATE no action;
  ALTER TABLE "payload_locked_documents_rels" ADD CONSTRAINT "payload_locked_documents_rels_variants_fk" FOREIGN KEY ("variants_id") REFERENCES "public"."variants"("id") ON DELETE cascade ON UPDATE no action;
  ALTER TABLE "payload_locked_documents_rels" ADD CONSTRAINT "payload_locked_documents_rels_variant_types_fk" FOREIGN KEY ("variant_types_id") REFERENCES "public"."variant_types"("id") ON DELETE cascade ON UPDATE no action;
  ALTER TABLE "payload_locked_documents_rels" ADD CONSTRAINT "payload_locked_documents_rels_variant_options_fk" FOREIGN KEY ("variant_options_id") REFERENCES "public"."variant_options"("id") ON DELETE cascade ON UPDATE no action;
  ALTER TABLE "payload_locked_documents_rels" ADD CONSTRAINT "payload_locked_documents_rels_products_fk" FOREIGN KEY ("products_id") REFERENCES "public"."products"("id") ON DELETE cascade ON UPDATE no action;
  ALTER TABLE "payload_locked_documents_rels" ADD CONSTRAINT "payload_locked_documents_rels_carts_fk" FOREIGN KEY ("carts_id") REFERENCES "public"."carts"("id") ON DELETE cascade ON UPDATE no action;
  ALTER TABLE "payload_locked_documents_rels" ADD CONSTRAINT "payload_locked_documents_rels_orders_fk" FOREIGN KEY ("orders_id") REFERENCES "public"."orders"("id") ON DELETE cascade ON UPDATE no action;
  ALTER TABLE "payload_locked_documents_rels" ADD CONSTRAINT "payload_locked_documents_rels_transactions_fk" FOREIGN KEY ("transactions_id") REFERENCES "public"."transactions"("id") ON DELETE cascade ON UPDATE no action;
  ALTER TABLE "payload_preferences_rels" ADD CONSTRAINT "payload_preferences_rels_parent_fk" FOREIGN KEY ("parent_id") REFERENCES "public"."payload_preferences"("id") ON DELETE cascade ON UPDATE no action;
  ALTER TABLE "payload_preferences_rels" ADD CONSTRAINT "payload_preferences_rels_users_fk" FOREIGN KEY ("users_id") REFERENCES "public"."users"("id") ON DELETE cascade ON UPDATE no action;
  ALTER TABLE "header_nav_items" ADD CONSTRAINT "header_nav_items_parent_id_fk" FOREIGN KEY ("_parent_id") REFERENCES "public"."header"("id") ON DELETE cascade ON UPDATE no action;
  ALTER TABLE "header_rels" ADD CONSTRAINT "header_rels_parent_fk" FOREIGN KEY ("parent_id") REFERENCES "public"."header"("id") ON DELETE cascade ON UPDATE no action;
  ALTER TABLE "header_rels" ADD CONSTRAINT "header_rels_pages_fk" FOREIGN KEY ("pages_id") REFERENCES "public"."pages"("id") ON DELETE cascade ON UPDATE no action;
  ALTER TABLE "footer_nav_items" ADD CONSTRAINT "footer_nav_items_parent_id_fk" FOREIGN KEY ("_parent_id") REFERENCES "public"."footer"("id") ON DELETE cascade ON UPDATE no action;
  ALTER TABLE "footer_rels" ADD CONSTRAINT "footer_rels_parent_fk" FOREIGN KEY ("parent_id") REFERENCES "public"."footer"("id") ON DELETE cascade ON UPDATE no action;
  ALTER TABLE "footer_rels" ADD CONSTRAINT "footer_rels_pages_fk" FOREIGN KEY ("pages_id") REFERENCES "public"."pages"("id") ON DELETE cascade ON UPDATE no action;
  ALTER TABLE "settings_trust_badges_partner_logos" ADD CONSTRAINT "settings_trust_badges_partner_logos_logo_id_media_id_fk" FOREIGN KEY ("logo_id") REFERENCES "public"."media"("id") ON DELETE set null ON UPDATE no action;
  ALTER TABLE "settings_trust_badges_partner_logos" ADD CONSTRAINT "settings_trust_badges_partner_logos_parent_id_fk" FOREIGN KEY ("_parent_id") REFERENCES "public"."settings"("id") ON DELETE cascade ON UPDATE no action;
  ALTER TABLE "settings" ADD CONSTRAINT "settings_logo_id_media_id_fk" FOREIGN KEY ("logo_id") REFERENCES "public"."media"("id") ON DELETE set null ON UPDATE no action;
  ALTER TABLE "settings" ADD CONSTRAINT "settings_favicon_id_media_id_fk" FOREIGN KEY ("favicon_id") REFERENCES "public"."media"("id") ON DELETE set null ON UPDATE no action;
  ALTER TABLE "settings" ADD CONSTRAINT "settings_legal_pages_terms_page_id_pages_id_fk" FOREIGN KEY ("legal_pages_terms_page_id") REFERENCES "public"."pages"("id") ON DELETE set null ON UPDATE no action;
  ALTER TABLE "settings" ADD CONSTRAINT "settings_legal_pages_privacy_page_id_pages_id_fk" FOREIGN KEY ("legal_pages_privacy_page_id") REFERENCES "public"."pages"("id") ON DELETE set null ON UPDATE no action;
  ALTER TABLE "settings" ADD CONSTRAINT "settings_legal_pages_refund_page_id_pages_id_fk" FOREIGN KEY ("legal_pages_refund_page_id") REFERENCES "public"."pages"("id") ON DELETE set null ON UPDATE no action;
  CREATE INDEX "users_roles_order_idx" ON "users_roles" USING btree ("order");
  CREATE INDEX "users_roles_parent_idx" ON "users_roles" USING btree ("parent_id");
  CREATE INDEX "users_sessions_order_idx" ON "users_sessions" USING btree ("_order");
  CREATE INDEX "users_sessions_parent_id_idx" ON "users_sessions" USING btree ("_parent_id");
  CREATE UNIQUE INDEX "users_google_id_idx" ON "users" USING btree ("google_id");
  CREATE INDEX "users_avatar_idx" ON "users" USING btree ("avatar_id");
  CREATE INDEX "users_updated_at_idx" ON "users" USING btree ("updated_at");
  CREATE INDEX "users_created_at_idx" ON "users" USING btree ("created_at");
  CREATE UNIQUE INDEX "users_email_idx" ON "users" USING btree ("email");
  CREATE INDEX "pages_hero_links_order_idx" ON "pages_hero_links" USING btree ("_order");
  CREATE INDEX "pages_hero_links_parent_id_idx" ON "pages_hero_links" USING btree ("_parent_id");
  CREATE INDEX "pages_blocks_cta_links_order_idx" ON "pages_blocks_cta_links" USING btree ("_order");
  CREATE INDEX "pages_blocks_cta_links_parent_id_idx" ON "pages_blocks_cta_links" USING btree ("_parent_id");
  CREATE INDEX "pages_blocks_cta_order_idx" ON "pages_blocks_cta" USING btree ("_order");
  CREATE INDEX "pages_blocks_cta_parent_id_idx" ON "pages_blocks_cta" USING btree ("_parent_id");
  CREATE INDEX "pages_blocks_cta_path_idx" ON "pages_blocks_cta" USING btree ("_path");
  CREATE INDEX "pages_blocks_content_columns_order_idx" ON "pages_blocks_content_columns" USING btree ("_order");
  CREATE INDEX "pages_blocks_content_columns_parent_id_idx" ON "pages_blocks_content_columns" USING btree ("_parent_id");
  CREATE INDEX "pages_blocks_content_order_idx" ON "pages_blocks_content" USING btree ("_order");
  CREATE INDEX "pages_blocks_content_parent_id_idx" ON "pages_blocks_content" USING btree ("_parent_id");
  CREATE INDEX "pages_blocks_content_path_idx" ON "pages_blocks_content" USING btree ("_path");
  CREATE INDEX "pages_blocks_media_block_order_idx" ON "pages_blocks_media_block" USING btree ("_order");
  CREATE INDEX "pages_blocks_media_block_parent_id_idx" ON "pages_blocks_media_block" USING btree ("_parent_id");
  CREATE INDEX "pages_blocks_media_block_path_idx" ON "pages_blocks_media_block" USING btree ("_path");
  CREATE INDEX "pages_blocks_media_block_media_idx" ON "pages_blocks_media_block" USING btree ("media_id");
  CREATE INDEX "pages_blocks_archive_order_idx" ON "pages_blocks_archive" USING btree ("_order");
  CREATE INDEX "pages_blocks_archive_parent_id_idx" ON "pages_blocks_archive" USING btree ("_parent_id");
  CREATE INDEX "pages_blocks_archive_path_idx" ON "pages_blocks_archive" USING btree ("_path");
  CREATE INDEX "pages_blocks_carousel_order_idx" ON "pages_blocks_carousel" USING btree ("_order");
  CREATE INDEX "pages_blocks_carousel_parent_id_idx" ON "pages_blocks_carousel" USING btree ("_parent_id");
  CREATE INDEX "pages_blocks_carousel_path_idx" ON "pages_blocks_carousel" USING btree ("_path");
  CREATE INDEX "pages_blocks_three_item_grid_order_idx" ON "pages_blocks_three_item_grid" USING btree ("_order");
  CREATE INDEX "pages_blocks_three_item_grid_parent_id_idx" ON "pages_blocks_three_item_grid" USING btree ("_parent_id");
  CREATE INDEX "pages_blocks_three_item_grid_path_idx" ON "pages_blocks_three_item_grid" USING btree ("_path");
  CREATE INDEX "pages_blocks_banner_order_idx" ON "pages_blocks_banner" USING btree ("_order");
  CREATE INDEX "pages_blocks_banner_parent_id_idx" ON "pages_blocks_banner" USING btree ("_parent_id");
  CREATE INDEX "pages_blocks_banner_path_idx" ON "pages_blocks_banner" USING btree ("_path");
  CREATE INDEX "pages_blocks_form_block_order_idx" ON "pages_blocks_form_block" USING btree ("_order");
  CREATE INDEX "pages_blocks_form_block_parent_id_idx" ON "pages_blocks_form_block" USING btree ("_parent_id");
  CREATE INDEX "pages_blocks_form_block_path_idx" ON "pages_blocks_form_block" USING btree ("_path");
  CREATE INDEX "pages_blocks_form_block_form_idx" ON "pages_blocks_form_block" USING btree ("form_id");
  CREATE INDEX "pages_hero_hero_media_idx" ON "pages" USING btree ("hero_media_id");
  CREATE INDEX "pages_meta_meta_image_idx" ON "pages" USING btree ("meta_image_id");
  CREATE UNIQUE INDEX "pages_slug_idx" ON "pages" USING btree ("slug");
  CREATE INDEX "pages_updated_at_idx" ON "pages" USING btree ("updated_at");
  CREATE INDEX "pages_created_at_idx" ON "pages" USING btree ("created_at");
  CREATE INDEX "pages__status_idx" ON "pages" USING btree ("_status");
  CREATE INDEX "pages_rels_order_idx" ON "pages_rels" USING btree ("order");
  CREATE INDEX "pages_rels_parent_idx" ON "pages_rels" USING btree ("parent_id");
  CREATE INDEX "pages_rels_path_idx" ON "pages_rels" USING btree ("path");
  CREATE INDEX "pages_rels_pages_id_idx" ON "pages_rels" USING btree ("pages_id");
  CREATE INDEX "pages_rels_categories_id_idx" ON "pages_rels" USING btree ("categories_id");
  CREATE INDEX "pages_rels_products_id_idx" ON "pages_rels" USING btree ("products_id");
  CREATE INDEX "_pages_v_version_hero_links_order_idx" ON "_pages_v_version_hero_links" USING btree ("_order");
  CREATE INDEX "_pages_v_version_hero_links_parent_id_idx" ON "_pages_v_version_hero_links" USING btree ("_parent_id");
  CREATE INDEX "_pages_v_blocks_cta_links_order_idx" ON "_pages_v_blocks_cta_links" USING btree ("_order");
  CREATE INDEX "_pages_v_blocks_cta_links_parent_id_idx" ON "_pages_v_blocks_cta_links" USING btree ("_parent_id");
  CREATE INDEX "_pages_v_blocks_cta_order_idx" ON "_pages_v_blocks_cta" USING btree ("_order");
  CREATE INDEX "_pages_v_blocks_cta_parent_id_idx" ON "_pages_v_blocks_cta" USING btree ("_parent_id");
  CREATE INDEX "_pages_v_blocks_cta_path_idx" ON "_pages_v_blocks_cta" USING btree ("_path");
  CREATE INDEX "_pages_v_blocks_content_columns_order_idx" ON "_pages_v_blocks_content_columns" USING btree ("_order");
  CREATE INDEX "_pages_v_blocks_content_columns_parent_id_idx" ON "_pages_v_blocks_content_columns" USING btree ("_parent_id");
  CREATE INDEX "_pages_v_blocks_content_order_idx" ON "_pages_v_blocks_content" USING btree ("_order");
  CREATE INDEX "_pages_v_blocks_content_parent_id_idx" ON "_pages_v_blocks_content" USING btree ("_parent_id");
  CREATE INDEX "_pages_v_blocks_content_path_idx" ON "_pages_v_blocks_content" USING btree ("_path");
  CREATE INDEX "_pages_v_blocks_media_block_order_idx" ON "_pages_v_blocks_media_block" USING btree ("_order");
  CREATE INDEX "_pages_v_blocks_media_block_parent_id_idx" ON "_pages_v_blocks_media_block" USING btree ("_parent_id");
  CREATE INDEX "_pages_v_blocks_media_block_path_idx" ON "_pages_v_blocks_media_block" USING btree ("_path");
  CREATE INDEX "_pages_v_blocks_media_block_media_idx" ON "_pages_v_blocks_media_block" USING btree ("media_id");
  CREATE INDEX "_pages_v_blocks_archive_order_idx" ON "_pages_v_blocks_archive" USING btree ("_order");
  CREATE INDEX "_pages_v_blocks_archive_parent_id_idx" ON "_pages_v_blocks_archive" USING btree ("_parent_id");
  CREATE INDEX "_pages_v_blocks_archive_path_idx" ON "_pages_v_blocks_archive" USING btree ("_path");
  CREATE INDEX "_pages_v_blocks_carousel_order_idx" ON "_pages_v_blocks_carousel" USING btree ("_order");
  CREATE INDEX "_pages_v_blocks_carousel_parent_id_idx" ON "_pages_v_blocks_carousel" USING btree ("_parent_id");
  CREATE INDEX "_pages_v_blocks_carousel_path_idx" ON "_pages_v_blocks_carousel" USING btree ("_path");
  CREATE INDEX "_pages_v_blocks_three_item_grid_order_idx" ON "_pages_v_blocks_three_item_grid" USING btree ("_order");
  CREATE INDEX "_pages_v_blocks_three_item_grid_parent_id_idx" ON "_pages_v_blocks_three_item_grid" USING btree ("_parent_id");
  CREATE INDEX "_pages_v_blocks_three_item_grid_path_idx" ON "_pages_v_blocks_three_item_grid" USING btree ("_path");
  CREATE INDEX "_pages_v_blocks_banner_order_idx" ON "_pages_v_blocks_banner" USING btree ("_order");
  CREATE INDEX "_pages_v_blocks_banner_parent_id_idx" ON "_pages_v_blocks_banner" USING btree ("_parent_id");
  CREATE INDEX "_pages_v_blocks_banner_path_idx" ON "_pages_v_blocks_banner" USING btree ("_path");
  CREATE INDEX "_pages_v_blocks_form_block_order_idx" ON "_pages_v_blocks_form_block" USING btree ("_order");
  CREATE INDEX "_pages_v_blocks_form_block_parent_id_idx" ON "_pages_v_blocks_form_block" USING btree ("_parent_id");
  CREATE INDEX "_pages_v_blocks_form_block_path_idx" ON "_pages_v_blocks_form_block" USING btree ("_path");
  CREATE INDEX "_pages_v_blocks_form_block_form_idx" ON "_pages_v_blocks_form_block" USING btree ("form_id");
  CREATE INDEX "_pages_v_parent_idx" ON "_pages_v" USING btree ("parent_id");
  CREATE INDEX "_pages_v_version_hero_version_hero_media_idx" ON "_pages_v" USING btree ("version_hero_media_id");
  CREATE INDEX "_pages_v_version_meta_version_meta_image_idx" ON "_pages_v" USING btree ("version_meta_image_id");
  CREATE INDEX "_pages_v_version_version_slug_idx" ON "_pages_v" USING btree ("version_slug");
  CREATE INDEX "_pages_v_version_version_updated_at_idx" ON "_pages_v" USING btree ("version_updated_at");
  CREATE INDEX "_pages_v_version_version_created_at_idx" ON "_pages_v" USING btree ("version_created_at");
  CREATE INDEX "_pages_v_version_version__status_idx" ON "_pages_v" USING btree ("version__status");
  CREATE INDEX "_pages_v_created_at_idx" ON "_pages_v" USING btree ("created_at");
  CREATE INDEX "_pages_v_updated_at_idx" ON "_pages_v" USING btree ("updated_at");
  CREATE INDEX "_pages_v_latest_idx" ON "_pages_v" USING btree ("latest");
  CREATE INDEX "_pages_v_autosave_idx" ON "_pages_v" USING btree ("autosave");
  CREATE INDEX "_pages_v_rels_order_idx" ON "_pages_v_rels" USING btree ("order");
  CREATE INDEX "_pages_v_rels_parent_idx" ON "_pages_v_rels" USING btree ("parent_id");
  CREATE INDEX "_pages_v_rels_path_idx" ON "_pages_v_rels" USING btree ("path");
  CREATE INDEX "_pages_v_rels_pages_id_idx" ON "_pages_v_rels" USING btree ("pages_id");
  CREATE INDEX "_pages_v_rels_categories_id_idx" ON "_pages_v_rels" USING btree ("categories_id");
  CREATE INDEX "_pages_v_rels_products_id_idx" ON "_pages_v_rels" USING btree ("products_id");
  CREATE UNIQUE INDEX "categories_slug_idx" ON "categories" USING btree ("slug");
  CREATE INDEX "categories_updated_at_idx" ON "categories" USING btree ("updated_at");
  CREATE INDEX "categories_created_at_idx" ON "categories" USING btree ("created_at");
  CREATE INDEX "media_updated_at_idx" ON "media" USING btree ("updated_at");
  CREATE INDEX "media_created_at_idx" ON "media" USING btree ("created_at");
  CREATE UNIQUE INDEX "media_filename_idx" ON "media" USING btree ("filename");
  CREATE INDEX "digital_assets_product_idx" ON "digital_assets" USING btree ("product_id");
  CREATE INDEX "digital_assets_file_idx" ON "digital_assets" USING btree ("file_id");
  CREATE INDEX "digital_assets_updated_at_idx" ON "digital_assets" USING btree ("updated_at");
  CREATE INDEX "digital_assets_created_at_idx" ON "digital_assets" USING btree ("created_at");
  CREATE INDEX "download_access_customer_idx" ON "download_access" USING btree ("customer_id");
  CREATE INDEX "download_access_product_idx" ON "download_access" USING btree ("product_id");
  CREATE INDEX "download_access_order_idx" ON "download_access" USING btree ("order_id");
  CREATE INDEX "download_access_asset_idx" ON "download_access" USING btree ("asset_id");
  CREATE INDEX "download_access_updated_at_idx" ON "download_access" USING btree ("updated_at");
  CREATE INDEX "download_access_created_at_idx" ON "download_access" USING btree ("created_at");
  CREATE INDEX "download_logs_customer_idx" ON "download_logs" USING btree ("customer_id");
  CREATE INDEX "download_logs_product_idx" ON "download_logs" USING btree ("product_id");
  CREATE INDEX "download_logs_asset_idx" ON "download_logs" USING btree ("asset_id");
  CREATE INDEX "download_logs_order_idx" ON "download_logs" USING btree ("order_id");
  CREATE INDEX "download_logs_updated_at_idx" ON "download_logs" USING btree ("updated_at");
  CREATE INDEX "download_logs_created_at_idx" ON "download_logs" USING btree ("created_at");
  CREATE INDEX "licenses_customer_idx" ON "licenses" USING btree ("customer_id");
  CREATE INDEX "licenses_product_idx" ON "licenses" USING btree ("product_id");
  CREATE INDEX "licenses_order_idx" ON "licenses" USING btree ("order_id");
  CREATE UNIQUE INDEX "licenses_license_key_idx" ON "licenses" USING btree ("license_key");
  CREATE INDEX "licenses_updated_at_idx" ON "licenses" USING btree ("updated_at");
  CREATE INDEX "licenses_created_at_idx" ON "licenses" USING btree ("created_at");
  CREATE INDEX "payment_transactions_order_idx" ON "payment_transactions" USING btree ("order_id");
  CREATE INDEX "payment_transactions_customer_idx" ON "payment_transactions" USING btree ("customer_id");
  CREATE INDEX "payment_transactions_provider_transaction_id_idx" ON "payment_transactions" USING btree ("provider_transaction_id");
  CREATE INDEX "payment_transactions_updated_at_idx" ON "payment_transactions" USING btree ("updated_at");
  CREATE INDEX "payment_transactions_created_at_idx" ON "payment_transactions" USING btree ("created_at");
  CREATE UNIQUE INDEX "coupons_code_idx" ON "coupons" USING btree ("code");
  CREATE INDEX "coupons_updated_at_idx" ON "coupons" USING btree ("updated_at");
  CREATE INDEX "coupons_created_at_idx" ON "coupons" USING btree ("created_at");
  CREATE INDEX "promo_banners_image_idx" ON "promo_banners" USING btree ("image_id");
  CREATE INDEX "promo_banners_updated_at_idx" ON "promo_banners" USING btree ("updated_at");
  CREATE INDEX "promo_banners_created_at_idx" ON "promo_banners" USING btree ("created_at");
  CREATE INDEX "testimonials_avatar_idx" ON "testimonials" USING btree ("avatar_id");
  CREATE INDEX "testimonials_updated_at_idx" ON "testimonials" USING btree ("updated_at");
  CREATE INDEX "testimonials_created_at_idx" ON "testimonials" USING btree ("created_at");
  CREATE UNIQUE INDEX "support_tickets_ticket_number_idx" ON "support_tickets" USING btree ("ticket_number");
  CREATE INDEX "support_tickets_customer_idx" ON "support_tickets" USING btree ("customer_id");
  CREATE INDEX "support_tickets_related_order_idx" ON "support_tickets" USING btree ("related_order_id");
  CREATE INDEX "support_tickets_related_product_idx" ON "support_tickets" USING btree ("related_product_id");
  CREATE INDEX "support_tickets_assigned_to_idx" ON "support_tickets" USING btree ("assigned_to_id");
  CREATE INDEX "support_tickets_updated_at_idx" ON "support_tickets" USING btree ("updated_at");
  CREATE INDEX "support_tickets_created_at_idx" ON "support_tickets" USING btree ("created_at");
  CREATE INDEX "support_messages_attachments_order_idx" ON "support_messages_attachments" USING btree ("_order");
  CREATE INDEX "support_messages_attachments_parent_id_idx" ON "support_messages_attachments" USING btree ("_parent_id");
  CREATE INDEX "support_messages_attachments_file_idx" ON "support_messages_attachments" USING btree ("file_id");
  CREATE INDEX "support_messages_ticket_idx" ON "support_messages" USING btree ("ticket_id");
  CREATE INDEX "support_messages_sender_idx" ON "support_messages" USING btree ("sender_id");
  CREATE INDEX "support_messages_updated_at_idx" ON "support_messages" USING btree ("updated_at");
  CREATE INDEX "support_messages_created_at_idx" ON "support_messages" USING btree ("created_at");
  CREATE INDEX "email_templates_updated_at_idx" ON "email_templates" USING btree ("updated_at");
  CREATE INDEX "email_templates_created_at_idx" ON "email_templates" USING btree ("created_at");
  CREATE INDEX "stock_reservations_reservation_id_idx" ON "stock_reservations" USING btree ("reservation_id");
  CREATE INDEX "stock_reservations_product_idx" ON "stock_reservations" USING btree ("product_id");
  CREATE INDEX "stock_reservations_variant_idx" ON "stock_reservations" USING btree ("variant");
  CREATE INDEX "stock_reservations_status_idx" ON "stock_reservations" USING btree ("status");
  CREATE INDEX "stock_reservations_expires_at_idx" ON "stock_reservations" USING btree ("expires_at");
  CREATE INDEX "stock_reservations_order_idx" ON "stock_reservations" USING btree ("order_id");
  CREATE INDEX "stock_reservations_customer_idx" ON "stock_reservations" USING btree ("customer_id");
  CREATE INDEX "stock_reservations_cart_id_idx" ON "stock_reservations" USING btree ("cart_id");
  CREATE INDEX "stock_reservations_updated_at_idx" ON "stock_reservations" USING btree ("updated_at");
  CREATE INDEX "stock_reservations_created_at_idx" ON "stock_reservations" USING btree ("created_at");
  CREATE INDEX "forms_blocks_checkbox_order_idx" ON "forms_blocks_checkbox" USING btree ("_order");
  CREATE INDEX "forms_blocks_checkbox_parent_id_idx" ON "forms_blocks_checkbox" USING btree ("_parent_id");
  CREATE INDEX "forms_blocks_checkbox_path_idx" ON "forms_blocks_checkbox" USING btree ("_path");
  CREATE INDEX "forms_blocks_country_order_idx" ON "forms_blocks_country" USING btree ("_order");
  CREATE INDEX "forms_blocks_country_parent_id_idx" ON "forms_blocks_country" USING btree ("_parent_id");
  CREATE INDEX "forms_blocks_country_path_idx" ON "forms_blocks_country" USING btree ("_path");
  CREATE INDEX "forms_blocks_email_order_idx" ON "forms_blocks_email" USING btree ("_order");
  CREATE INDEX "forms_blocks_email_parent_id_idx" ON "forms_blocks_email" USING btree ("_parent_id");
  CREATE INDEX "forms_blocks_email_path_idx" ON "forms_blocks_email" USING btree ("_path");
  CREATE INDEX "forms_blocks_message_order_idx" ON "forms_blocks_message" USING btree ("_order");
  CREATE INDEX "forms_blocks_message_parent_id_idx" ON "forms_blocks_message" USING btree ("_parent_id");
  CREATE INDEX "forms_blocks_message_path_idx" ON "forms_blocks_message" USING btree ("_path");
  CREATE INDEX "forms_blocks_number_order_idx" ON "forms_blocks_number" USING btree ("_order");
  CREATE INDEX "forms_blocks_number_parent_id_idx" ON "forms_blocks_number" USING btree ("_parent_id");
  CREATE INDEX "forms_blocks_number_path_idx" ON "forms_blocks_number" USING btree ("_path");
  CREATE INDEX "forms_blocks_select_options_order_idx" ON "forms_blocks_select_options" USING btree ("_order");
  CREATE INDEX "forms_blocks_select_options_parent_id_idx" ON "forms_blocks_select_options" USING btree ("_parent_id");
  CREATE INDEX "forms_blocks_select_order_idx" ON "forms_blocks_select" USING btree ("_order");
  CREATE INDEX "forms_blocks_select_parent_id_idx" ON "forms_blocks_select" USING btree ("_parent_id");
  CREATE INDEX "forms_blocks_select_path_idx" ON "forms_blocks_select" USING btree ("_path");
  CREATE INDEX "forms_blocks_state_order_idx" ON "forms_blocks_state" USING btree ("_order");
  CREATE INDEX "forms_blocks_state_parent_id_idx" ON "forms_blocks_state" USING btree ("_parent_id");
  CREATE INDEX "forms_blocks_state_path_idx" ON "forms_blocks_state" USING btree ("_path");
  CREATE INDEX "forms_blocks_text_order_idx" ON "forms_blocks_text" USING btree ("_order");
  CREATE INDEX "forms_blocks_text_parent_id_idx" ON "forms_blocks_text" USING btree ("_parent_id");
  CREATE INDEX "forms_blocks_text_path_idx" ON "forms_blocks_text" USING btree ("_path");
  CREATE INDEX "forms_blocks_textarea_order_idx" ON "forms_blocks_textarea" USING btree ("_order");
  CREATE INDEX "forms_blocks_textarea_parent_id_idx" ON "forms_blocks_textarea" USING btree ("_parent_id");
  CREATE INDEX "forms_blocks_textarea_path_idx" ON "forms_blocks_textarea" USING btree ("_path");
  CREATE INDEX "forms_emails_order_idx" ON "forms_emails" USING btree ("_order");
  CREATE INDEX "forms_emails_parent_id_idx" ON "forms_emails" USING btree ("_parent_id");
  CREATE INDEX "forms_updated_at_idx" ON "forms" USING btree ("updated_at");
  CREATE INDEX "forms_created_at_idx" ON "forms" USING btree ("created_at");
  CREATE INDEX "form_submissions_submission_data_order_idx" ON "form_submissions_submission_data" USING btree ("_order");
  CREATE INDEX "form_submissions_submission_data_parent_id_idx" ON "form_submissions_submission_data" USING btree ("_parent_id");
  CREATE INDEX "form_submissions_form_idx" ON "form_submissions" USING btree ("form_id");
  CREATE INDEX "form_submissions_updated_at_idx" ON "form_submissions" USING btree ("updated_at");
  CREATE INDEX "form_submissions_created_at_idx" ON "form_submissions" USING btree ("created_at");
  CREATE INDEX "addresses_customer_idx" ON "addresses" USING btree ("customer_id");
  CREATE INDEX "addresses_updated_at_idx" ON "addresses" USING btree ("updated_at");
  CREATE INDEX "addresses_created_at_idx" ON "addresses" USING btree ("created_at");
  CREATE INDEX "variants_product_idx" ON "variants" USING btree ("product_id");
  CREATE INDEX "variants_updated_at_idx" ON "variants" USING btree ("updated_at");
  CREATE INDEX "variants_created_at_idx" ON "variants" USING btree ("created_at");
  CREATE INDEX "variants_deleted_at_idx" ON "variants" USING btree ("deleted_at");
  CREATE INDEX "variants__status_idx" ON "variants" USING btree ("_status");
  CREATE INDEX "variants_rels_order_idx" ON "variants_rels" USING btree ("order");
  CREATE INDEX "variants_rels_parent_idx" ON "variants_rels" USING btree ("parent_id");
  CREATE INDEX "variants_rels_path_idx" ON "variants_rels" USING btree ("path");
  CREATE INDEX "variants_rels_variant_options_id_idx" ON "variants_rels" USING btree ("variant_options_id");
  CREATE INDEX "_variants_v_parent_idx" ON "_variants_v" USING btree ("parent_id");
  CREATE INDEX "_variants_v_version_version_product_idx" ON "_variants_v" USING btree ("version_product_id");
  CREATE INDEX "_variants_v_version_version_updated_at_idx" ON "_variants_v" USING btree ("version_updated_at");
  CREATE INDEX "_variants_v_version_version_created_at_idx" ON "_variants_v" USING btree ("version_created_at");
  CREATE INDEX "_variants_v_version_version_deleted_at_idx" ON "_variants_v" USING btree ("version_deleted_at");
  CREATE INDEX "_variants_v_version_version__status_idx" ON "_variants_v" USING btree ("version__status");
  CREATE INDEX "_variants_v_created_at_idx" ON "_variants_v" USING btree ("created_at");
  CREATE INDEX "_variants_v_updated_at_idx" ON "_variants_v" USING btree ("updated_at");
  CREATE INDEX "_variants_v_latest_idx" ON "_variants_v" USING btree ("latest");
  CREATE INDEX "_variants_v_autosave_idx" ON "_variants_v" USING btree ("autosave");
  CREATE INDEX "_variants_v_rels_order_idx" ON "_variants_v_rels" USING btree ("order");
  CREATE INDEX "_variants_v_rels_parent_idx" ON "_variants_v_rels" USING btree ("parent_id");
  CREATE INDEX "_variants_v_rels_path_idx" ON "_variants_v_rels" USING btree ("path");
  CREATE INDEX "_variants_v_rels_variant_options_id_idx" ON "_variants_v_rels" USING btree ("variant_options_id");
  CREATE INDEX "variant_types_updated_at_idx" ON "variant_types" USING btree ("updated_at");
  CREATE INDEX "variant_types_created_at_idx" ON "variant_types" USING btree ("created_at");
  CREATE INDEX "variant_types_deleted_at_idx" ON "variant_types" USING btree ("deleted_at");
  CREATE INDEX "variant_options__variantoptions_options_order_idx" ON "variant_options" USING btree ("_variantoptions_options_order");
  CREATE INDEX "variant_options_variant_type_idx" ON "variant_options" USING btree ("variant_type_id");
  CREATE INDEX "variant_options_updated_at_idx" ON "variant_options" USING btree ("updated_at");
  CREATE INDEX "variant_options_created_at_idx" ON "variant_options" USING btree ("created_at");
  CREATE INDEX "variant_options_deleted_at_idx" ON "variant_options" USING btree ("deleted_at");
  CREATE INDEX "products_gallery_order_idx" ON "products_gallery" USING btree ("_order");
  CREATE INDEX "products_gallery_parent_id_idx" ON "products_gallery" USING btree ("_parent_id");
  CREATE INDEX "products_gallery_image_idx" ON "products_gallery" USING btree ("image_id");
  CREATE INDEX "products_gallery_variant_option_idx" ON "products_gallery" USING btree ("variant_option_id");
  CREATE INDEX "products_blocks_cta_links_order_idx" ON "products_blocks_cta_links" USING btree ("_order");
  CREATE INDEX "products_blocks_cta_links_parent_id_idx" ON "products_blocks_cta_links" USING btree ("_parent_id");
  CREATE INDEX "products_blocks_cta_order_idx" ON "products_blocks_cta" USING btree ("_order");
  CREATE INDEX "products_blocks_cta_parent_id_idx" ON "products_blocks_cta" USING btree ("_parent_id");
  CREATE INDEX "products_blocks_cta_path_idx" ON "products_blocks_cta" USING btree ("_path");
  CREATE INDEX "products_blocks_content_columns_order_idx" ON "products_blocks_content_columns" USING btree ("_order");
  CREATE INDEX "products_blocks_content_columns_parent_id_idx" ON "products_blocks_content_columns" USING btree ("_parent_id");
  CREATE INDEX "products_blocks_content_order_idx" ON "products_blocks_content" USING btree ("_order");
  CREATE INDEX "products_blocks_content_parent_id_idx" ON "products_blocks_content" USING btree ("_parent_id");
  CREATE INDEX "products_blocks_content_path_idx" ON "products_blocks_content" USING btree ("_path");
  CREATE INDEX "products_blocks_media_block_order_idx" ON "products_blocks_media_block" USING btree ("_order");
  CREATE INDEX "products_blocks_media_block_parent_id_idx" ON "products_blocks_media_block" USING btree ("_parent_id");
  CREATE INDEX "products_blocks_media_block_path_idx" ON "products_blocks_media_block" USING btree ("_path");
  CREATE INDEX "products_blocks_media_block_media_idx" ON "products_blocks_media_block" USING btree ("media_id");
  CREATE INDEX "products_included_files_order_idx" ON "products_included_files" USING btree ("_order");
  CREATE INDEX "products_included_files_parent_id_idx" ON "products_included_files" USING btree ("_parent_id");
  CREATE INDEX "products_product_f_a_q_order_idx" ON "products_product_f_a_q" USING btree ("_order");
  CREATE INDEX "products_product_f_a_q_parent_id_idx" ON "products_product_f_a_q" USING btree ("_parent_id");
  CREATE INDEX "products_meta_meta_image_idx" ON "products" USING btree ("meta_image_id");
  CREATE UNIQUE INDEX "products_slug_idx" ON "products" USING btree ("slug");
  CREATE INDEX "products_updated_at_idx" ON "products" USING btree ("updated_at");
  CREATE INDEX "products_created_at_idx" ON "products" USING btree ("created_at");
  CREATE INDEX "products_deleted_at_idx" ON "products" USING btree ("deleted_at");
  CREATE INDEX "products__status_idx" ON "products" USING btree ("_status");
  CREATE INDEX "products_rels_order_idx" ON "products_rels" USING btree ("order");
  CREATE INDEX "products_rels_parent_idx" ON "products_rels" USING btree ("parent_id");
  CREATE INDEX "products_rels_path_idx" ON "products_rels" USING btree ("path");
  CREATE INDEX "products_rels_pages_id_idx" ON "products_rels" USING btree ("pages_id");
  CREATE INDEX "products_rels_variant_types_id_idx" ON "products_rels" USING btree ("variant_types_id");
  CREATE INDEX "products_rels_products_id_idx" ON "products_rels" USING btree ("products_id");
  CREATE INDEX "products_rels_categories_id_idx" ON "products_rels" USING btree ("categories_id");
  CREATE INDEX "_products_v_version_gallery_order_idx" ON "_products_v_version_gallery" USING btree ("_order");
  CREATE INDEX "_products_v_version_gallery_parent_id_idx" ON "_products_v_version_gallery" USING btree ("_parent_id");
  CREATE INDEX "_products_v_version_gallery_image_idx" ON "_products_v_version_gallery" USING btree ("image_id");
  CREATE INDEX "_products_v_version_gallery_variant_option_idx" ON "_products_v_version_gallery" USING btree ("variant_option_id");
  CREATE INDEX "_products_v_blocks_cta_links_order_idx" ON "_products_v_blocks_cta_links" USING btree ("_order");
  CREATE INDEX "_products_v_blocks_cta_links_parent_id_idx" ON "_products_v_blocks_cta_links" USING btree ("_parent_id");
  CREATE INDEX "_products_v_blocks_cta_order_idx" ON "_products_v_blocks_cta" USING btree ("_order");
  CREATE INDEX "_products_v_blocks_cta_parent_id_idx" ON "_products_v_blocks_cta" USING btree ("_parent_id");
  CREATE INDEX "_products_v_blocks_cta_path_idx" ON "_products_v_blocks_cta" USING btree ("_path");
  CREATE INDEX "_products_v_blocks_content_columns_order_idx" ON "_products_v_blocks_content_columns" USING btree ("_order");
  CREATE INDEX "_products_v_blocks_content_columns_parent_id_idx" ON "_products_v_blocks_content_columns" USING btree ("_parent_id");
  CREATE INDEX "_products_v_blocks_content_order_idx" ON "_products_v_blocks_content" USING btree ("_order");
  CREATE INDEX "_products_v_blocks_content_parent_id_idx" ON "_products_v_blocks_content" USING btree ("_parent_id");
  CREATE INDEX "_products_v_blocks_content_path_idx" ON "_products_v_blocks_content" USING btree ("_path");
  CREATE INDEX "_products_v_blocks_media_block_order_idx" ON "_products_v_blocks_media_block" USING btree ("_order");
  CREATE INDEX "_products_v_blocks_media_block_parent_id_idx" ON "_products_v_blocks_media_block" USING btree ("_parent_id");
  CREATE INDEX "_products_v_blocks_media_block_path_idx" ON "_products_v_blocks_media_block" USING btree ("_path");
  CREATE INDEX "_products_v_blocks_media_block_media_idx" ON "_products_v_blocks_media_block" USING btree ("media_id");
  CREATE INDEX "_products_v_version_included_files_order_idx" ON "_products_v_version_included_files" USING btree ("_order");
  CREATE INDEX "_products_v_version_included_files_parent_id_idx" ON "_products_v_version_included_files" USING btree ("_parent_id");
  CREATE INDEX "_products_v_version_product_f_a_q_order_idx" ON "_products_v_version_product_f_a_q" USING btree ("_order");
  CREATE INDEX "_products_v_version_product_f_a_q_parent_id_idx" ON "_products_v_version_product_f_a_q" USING btree ("_parent_id");
  CREATE INDEX "_products_v_parent_idx" ON "_products_v" USING btree ("parent_id");
  CREATE INDEX "_products_v_version_meta_version_meta_image_idx" ON "_products_v" USING btree ("version_meta_image_id");
  CREATE INDEX "_products_v_version_version_slug_idx" ON "_products_v" USING btree ("version_slug");
  CREATE INDEX "_products_v_version_version_updated_at_idx" ON "_products_v" USING btree ("version_updated_at");
  CREATE INDEX "_products_v_version_version_created_at_idx" ON "_products_v" USING btree ("version_created_at");
  CREATE INDEX "_products_v_version_version_deleted_at_idx" ON "_products_v" USING btree ("version_deleted_at");
  CREATE INDEX "_products_v_version_version__status_idx" ON "_products_v" USING btree ("version__status");
  CREATE INDEX "_products_v_created_at_idx" ON "_products_v" USING btree ("created_at");
  CREATE INDEX "_products_v_updated_at_idx" ON "_products_v" USING btree ("updated_at");
  CREATE INDEX "_products_v_latest_idx" ON "_products_v" USING btree ("latest");
  CREATE INDEX "_products_v_autosave_idx" ON "_products_v" USING btree ("autosave");
  CREATE INDEX "_products_v_rels_order_idx" ON "_products_v_rels" USING btree ("order");
  CREATE INDEX "_products_v_rels_parent_idx" ON "_products_v_rels" USING btree ("parent_id");
  CREATE INDEX "_products_v_rels_path_idx" ON "_products_v_rels" USING btree ("path");
  CREATE INDEX "_products_v_rels_pages_id_idx" ON "_products_v_rels" USING btree ("pages_id");
  CREATE INDEX "_products_v_rels_variant_types_id_idx" ON "_products_v_rels" USING btree ("variant_types_id");
  CREATE INDEX "_products_v_rels_products_id_idx" ON "_products_v_rels" USING btree ("products_id");
  CREATE INDEX "_products_v_rels_categories_id_idx" ON "_products_v_rels" USING btree ("categories_id");
  CREATE INDEX "carts_items_order_idx" ON "carts_items" USING btree ("_order");
  CREATE INDEX "carts_items_parent_id_idx" ON "carts_items" USING btree ("_parent_id");
  CREATE INDEX "carts_items_product_idx" ON "carts_items" USING btree ("product_id");
  CREATE INDEX "carts_items_variant_idx" ON "carts_items" USING btree ("variant_id");
  CREATE INDEX "carts_secret_idx" ON "carts" USING btree ("secret");
  CREATE INDEX "carts_customer_idx" ON "carts" USING btree ("customer_id");
  CREATE INDEX "carts_updated_at_idx" ON "carts" USING btree ("updated_at");
  CREATE INDEX "carts_created_at_idx" ON "carts" USING btree ("created_at");
  CREATE INDEX "orders_items_order_idx" ON "orders_items" USING btree ("_order");
  CREATE INDEX "orders_items_parent_id_idx" ON "orders_items" USING btree ("_parent_id");
  CREATE INDEX "orders_items_product_idx" ON "orders_items" USING btree ("product_id");
  CREATE INDEX "orders_items_variant_idx" ON "orders_items" USING btree ("variant_id");
  CREATE INDEX "orders_customer_idx" ON "orders" USING btree ("customer_id");
  CREATE UNIQUE INDEX "orders_access_token_idx" ON "orders" USING btree ("access_token");
  CREATE INDEX "orders_updated_at_idx" ON "orders" USING btree ("updated_at");
  CREATE INDEX "orders_created_at_idx" ON "orders" USING btree ("created_at");
  CREATE INDEX "orders_rels_order_idx" ON "orders_rels" USING btree ("order");
  CREATE INDEX "orders_rels_parent_idx" ON "orders_rels" USING btree ("parent_id");
  CREATE INDEX "orders_rels_path_idx" ON "orders_rels" USING btree ("path");
  CREATE INDEX "orders_rels_transactions_id_idx" ON "orders_rels" USING btree ("transactions_id");
  CREATE INDEX "transactions_items_order_idx" ON "transactions_items" USING btree ("_order");
  CREATE INDEX "transactions_items_parent_id_idx" ON "transactions_items" USING btree ("_parent_id");
  CREATE INDEX "transactions_items_product_idx" ON "transactions_items" USING btree ("product_id");
  CREATE INDEX "transactions_items_variant_idx" ON "transactions_items" USING btree ("variant_id");
  CREATE INDEX "transactions_customer_idx" ON "transactions" USING btree ("customer_id");
  CREATE INDEX "transactions_order_idx" ON "transactions" USING btree ("order_id");
  CREATE INDEX "transactions_cart_idx" ON "transactions" USING btree ("cart_id");
  CREATE INDEX "transactions_updated_at_idx" ON "transactions" USING btree ("updated_at");
  CREATE INDEX "transactions_created_at_idx" ON "transactions" USING btree ("created_at");
  CREATE UNIQUE INDEX "payload_kv_key_idx" ON "payload_kv" USING btree ("key");
  CREATE INDEX "payload_locked_documents_global_slug_idx" ON "payload_locked_documents" USING btree ("global_slug");
  CREATE INDEX "payload_locked_documents_updated_at_idx" ON "payload_locked_documents" USING btree ("updated_at");
  CREATE INDEX "payload_locked_documents_created_at_idx" ON "payload_locked_documents" USING btree ("created_at");
  CREATE INDEX "payload_locked_documents_rels_order_idx" ON "payload_locked_documents_rels" USING btree ("order");
  CREATE INDEX "payload_locked_documents_rels_parent_idx" ON "payload_locked_documents_rels" USING btree ("parent_id");
  CREATE INDEX "payload_locked_documents_rels_path_idx" ON "payload_locked_documents_rels" USING btree ("path");
  CREATE INDEX "payload_locked_documents_rels_users_id_idx" ON "payload_locked_documents_rels" USING btree ("users_id");
  CREATE INDEX "payload_locked_documents_rels_pages_id_idx" ON "payload_locked_documents_rels" USING btree ("pages_id");
  CREATE INDEX "payload_locked_documents_rels_categories_id_idx" ON "payload_locked_documents_rels" USING btree ("categories_id");
  CREATE INDEX "payload_locked_documents_rels_media_id_idx" ON "payload_locked_documents_rels" USING btree ("media_id");
  CREATE INDEX "payload_locked_documents_rels_digital_assets_id_idx" ON "payload_locked_documents_rels" USING btree ("digital_assets_id");
  CREATE INDEX "payload_locked_documents_rels_download_access_id_idx" ON "payload_locked_documents_rels" USING btree ("download_access_id");
  CREATE INDEX "payload_locked_documents_rels_download_logs_id_idx" ON "payload_locked_documents_rels" USING btree ("download_logs_id");
  CREATE INDEX "payload_locked_documents_rels_licenses_id_idx" ON "payload_locked_documents_rels" USING btree ("licenses_id");
  CREATE INDEX "payload_locked_documents_rels_payment_transactions_id_idx" ON "payload_locked_documents_rels" USING btree ("payment_transactions_id");
  CREATE INDEX "payload_locked_documents_rels_coupons_id_idx" ON "payload_locked_documents_rels" USING btree ("coupons_id");
  CREATE INDEX "payload_locked_documents_rels_promo_banners_id_idx" ON "payload_locked_documents_rels" USING btree ("promo_banners_id");
  CREATE INDEX "payload_locked_documents_rels_testimonials_id_idx" ON "payload_locked_documents_rels" USING btree ("testimonials_id");
  CREATE INDEX "payload_locked_documents_rels_support_tickets_id_idx" ON "payload_locked_documents_rels" USING btree ("support_tickets_id");
  CREATE INDEX "payload_locked_documents_rels_support_messages_id_idx" ON "payload_locked_documents_rels" USING btree ("support_messages_id");
  CREATE INDEX "payload_locked_documents_rels_email_templates_id_idx" ON "payload_locked_documents_rels" USING btree ("email_templates_id");
  CREATE INDEX "payload_locked_documents_rels_stock_reservations_id_idx" ON "payload_locked_documents_rels" USING btree ("stock_reservations_id");
  CREATE INDEX "payload_locked_documents_rels_forms_id_idx" ON "payload_locked_documents_rels" USING btree ("forms_id");
  CREATE INDEX "payload_locked_documents_rels_form_submissions_id_idx" ON "payload_locked_documents_rels" USING btree ("form_submissions_id");
  CREATE INDEX "payload_locked_documents_rels_addresses_id_idx" ON "payload_locked_documents_rels" USING btree ("addresses_id");
  CREATE INDEX "payload_locked_documents_rels_variants_id_idx" ON "payload_locked_documents_rels" USING btree ("variants_id");
  CREATE INDEX "payload_locked_documents_rels_variant_types_id_idx" ON "payload_locked_documents_rels" USING btree ("variant_types_id");
  CREATE INDEX "payload_locked_documents_rels_variant_options_id_idx" ON "payload_locked_documents_rels" USING btree ("variant_options_id");
  CREATE INDEX "payload_locked_documents_rels_products_id_idx" ON "payload_locked_documents_rels" USING btree ("products_id");
  CREATE INDEX "payload_locked_documents_rels_carts_id_idx" ON "payload_locked_documents_rels" USING btree ("carts_id");
  CREATE INDEX "payload_locked_documents_rels_orders_id_idx" ON "payload_locked_documents_rels" USING btree ("orders_id");
  CREATE INDEX "payload_locked_documents_rels_transactions_id_idx" ON "payload_locked_documents_rels" USING btree ("transactions_id");
  CREATE INDEX "payload_preferences_key_idx" ON "payload_preferences" USING btree ("key");
  CREATE INDEX "payload_preferences_updated_at_idx" ON "payload_preferences" USING btree ("updated_at");
  CREATE INDEX "payload_preferences_created_at_idx" ON "payload_preferences" USING btree ("created_at");
  CREATE INDEX "payload_preferences_rels_order_idx" ON "payload_preferences_rels" USING btree ("order");
  CREATE INDEX "payload_preferences_rels_parent_idx" ON "payload_preferences_rels" USING btree ("parent_id");
  CREATE INDEX "payload_preferences_rels_path_idx" ON "payload_preferences_rels" USING btree ("path");
  CREATE INDEX "payload_preferences_rels_users_id_idx" ON "payload_preferences_rels" USING btree ("users_id");
  CREATE INDEX "payload_migrations_updated_at_idx" ON "payload_migrations" USING btree ("updated_at");
  CREATE INDEX "payload_migrations_created_at_idx" ON "payload_migrations" USING btree ("created_at");
  CREATE INDEX "header_nav_items_order_idx" ON "header_nav_items" USING btree ("_order");
  CREATE INDEX "header_nav_items_parent_id_idx" ON "header_nav_items" USING btree ("_parent_id");
  CREATE INDEX "header_rels_order_idx" ON "header_rels" USING btree ("order");
  CREATE INDEX "header_rels_parent_idx" ON "header_rels" USING btree ("parent_id");
  CREATE INDEX "header_rels_path_idx" ON "header_rels" USING btree ("path");
  CREATE INDEX "header_rels_pages_id_idx" ON "header_rels" USING btree ("pages_id");
  CREATE INDEX "footer_nav_items_order_idx" ON "footer_nav_items" USING btree ("_order");
  CREATE INDEX "footer_nav_items_parent_id_idx" ON "footer_nav_items" USING btree ("_parent_id");
  CREATE INDEX "footer_rels_order_idx" ON "footer_rels" USING btree ("order");
  CREATE INDEX "footer_rels_parent_idx" ON "footer_rels" USING btree ("parent_id");
  CREATE INDEX "footer_rels_path_idx" ON "footer_rels" USING btree ("path");
  CREATE INDEX "footer_rels_pages_id_idx" ON "footer_rels" USING btree ("pages_id");
  CREATE INDEX "settings_trust_badges_partner_logos_order_idx" ON "settings_trust_badges_partner_logos" USING btree ("_order");
  CREATE INDEX "settings_trust_badges_partner_logos_parent_id_idx" ON "settings_trust_badges_partner_logos" USING btree ("_parent_id");
  CREATE INDEX "settings_trust_badges_partner_logos_logo_idx" ON "settings_trust_badges_partner_logos" USING btree ("logo_id");
  CREATE INDEX "settings_logo_idx" ON "settings" USING btree ("logo_id");
  CREATE INDEX "settings_favicon_idx" ON "settings" USING btree ("favicon_id");
  CREATE INDEX "settings_legal_pages_legal_pages_terms_page_idx" ON "settings" USING btree ("legal_pages_terms_page_id");
  CREATE INDEX "settings_legal_pages_legal_pages_privacy_page_idx" ON "settings" USING btree ("legal_pages_privacy_page_id");
  CREATE INDEX "settings_legal_pages_legal_pages_refund_page_idx" ON "settings" USING btree ("legal_pages_refund_page_id");
params: .[39m
    err: {
      "type": "DrizzleQueryError",
      "message": "Failed query: \n   CREATE TYPE \"public\".\"enum_users_roles\" AS ENUM('admin', 'manager', 'finance', 'support', 'customer');\n  CREATE TYPE \"public\".\"enum_users_status\" AS ENUM('active', 'inactive', 'blocked');\n  CREATE TYPE \"public\".\"enum_pages_hero_links_link_type\" AS ENUM('reference', 'custom');\n  CREATE TYPE \"public\".\"enum_pages_hero_links_link_appearance\" AS ENUM('default', 'outline');\n  CREATE TYPE \"public\".\"enum_pages_blocks_cta_links_link_type\" AS ENUM('reference', 'custom');\n  CREATE TYPE \"public\".\"enum_pages_blocks_cta_links_link_appearance\" AS ENUM('default', 'outline');\n  CREATE TYPE \"public\".\"enum_pages_blocks_content_columns_size\" AS ENUM('oneThird', 'half', 'twoThirds', 'full');\n  CREATE TYPE \"public\".\"enum_pages_blocks_content_columns_link_type\" AS ENUM('reference', 'custom');\n  CREATE TYPE \"public\".\"enum_pages_blocks_content_columns_link_appearance\" AS ENUM('default', 'outline');\n  CREATE TYPE \"public\".\"enum_pages_blocks_archive_populate_by\" AS ENUM('collection', 'selection');\n  CREATE TYPE \"public\".\"enum_pages_blocks_archive_relation_to\" AS ENUM('products');\n  CREATE TYPE \"public\".\"enum_pages_blocks_carousel_populate_by\" AS ENUM('collection', 'selection');\n  CREATE TYPE \"public\".\"enum_pages_blocks_carousel_relation_to\" AS ENUM('products');\n  CREATE TYPE \"public\".\"enum_pages_blocks_banner_style\" AS ENUM('info', 'warning', 'error', 'success');\n  CREATE TYPE \"public\".\"enum_pages_hero_type\" AS ENUM('none', 'aiMarketplace', 'highImpact', 'mediumImpact', 'lowImpact');\n  CREATE TYPE \"public\".\"enum_pages_status\" AS ENUM('draft', 'published');\n  CREATE TYPE \"public\".\"enum__pages_v_version_hero_links_link_type\" AS ENUM('reference', 'custom');\n  CREATE TYPE \"public\".\"enum__pages_v_version_hero_links_link_appearance\" AS ENUM('default', 'outline');\n  CREATE TYPE \"public\".\"enum__pages_v_blocks_cta_links_link_type\" AS ENUM('reference', 'custom');\n  CREATE TYPE \"public\".\"enum__pages_v_blocks_cta_links_link_appearance\" AS ENUM('default', 'outline');\n  CREATE TYPE \"public\".\"enum__pages_v_blocks_content_columns_size\" AS ENUM('oneThird', 'half', 'twoThirds', 'full');\n  CREATE TYPE \"public\".\"enum__pages_v_blocks_content_columns_link_type\" AS ENUM('reference', 'custom');\n  CREATE TYPE \"public\".\"enum__pages_v_blocks_content_columns_link_appearance\" AS ENUM('default', 'outline');\n  CREATE TYPE \"public\".\"enum__pages_v_blocks_archive_populate_by\" AS ENUM('collection', 'selection');\n  CREATE TYPE \"public\".\"enum__pages_v_blocks_archive_relation_to\" AS ENUM('products');\n  CREATE TYPE \"public\".\"enum__pages_v_blocks_carousel_populate_by\" AS ENUM('collection', 'selection');\n  CREATE TYPE \"public\".\"enum__pages_v_blocks_carousel_relation_to\" AS ENUM('products');\n  CREATE TYPE \"public\".\"enum__pages_v_blocks_banner_style\" AS ENUM('info', 'warning', 'error', 'success');\n  CREATE TYPE \"public\".\"enum__pages_v_version_hero_type\" AS ENUM('none', 'aiMarketplace', 'highImpact', 'mediumImpact', 'lowImpact');\n  CREATE TYPE \"public\".\"enum__pages_v_version_status\" AS ENUM('draft', 'published');\n  CREATE TYPE \"public\".\"enum_digital_assets_status\" AS ENUM('active', 'draft', 'archived');\n  CREATE TYPE \"public\".\"enum_download_access_status\" AS ENUM('active', 'expired', 'revoked');\n  CREATE TYPE \"public\".\"enum_licenses_status\" AS ENUM('active', 'inactive', 'expired', 'revoked');\n  CREATE TYPE \"public\".\"enum_payment_transactions_provider\" AS ENUM('stripe', 'midtrans', 'xendit', 'manual', 'dummy');\n  CREATE TYPE \"public\".\"enum_payment_transactions_status\" AS ENUM('created', 'waiting_payment', 'settlement', 'capture', 'deny', 'cancel', 'expire', 'refund');\n  CREATE TYPE \"public\".\"enum_coupons_discount_type\" AS ENUM('percentage', 'fixed');\n  CREATE TYPE \"public\".\"enum_coupons_status\" AS ENUM('active', 'inactive', 'expired');\n  CREATE TYPE \"public\".\"enum_promo_banners_status\" AS ENUM('draft', 'published');\n  CREATE TYPE \"public\".\"enum_testimonials_status\" AS ENUM('draft', 'published');\n  CREATE TYPE \"public\".\"enum_support_tickets_category\" AS ENUM('payment_issue', 'download_problem', 'license_key_problem', 'product_access_problem', 'refund_request', 'technical_support', 'general_question');\n  CREATE TYPE \"public\".\"enum_support_tickets_priority\" AS ENUM('low', 'medium', 'high', 'urgent');\n  CREATE TYPE \"public\".\"enum_support_tickets_status\" AS ENUM('open', 'waiting_customer', 'in_progress', 'resolved', 'closed');\n  CREATE TYPE \"public\".\"enum_support_messages_sender_role\" AS ENUM('customer', 'admin', 'support');\n  CREATE TYPE \"public\".\"enum_email_templates_type\" AS ENUM('welcome', 'order_paid', 'payment_pending', 'download_ready', 'license_created', 'support_reply', 'password_reset');\n  CREATE TYPE \"public\".\"enum_email_templates_status\" AS ENUM('active', 'inactive');\n  CREATE TYPE \"public\".\"enum_stock_reservations_status\" AS ENUM('pending', 'confirmed', 'released');\n  CREATE TYPE \"public\".\"enum_forms_confirmation_type\" AS ENUM('message', 'redirect');\n  CREATE TYPE \"public\".\"enum_addresses_country\" AS ENUM('US', 'GB', 'CA', 'AU', 'AT', 'BE', 'BR', 'BG', 'CY', 'CZ', 'DK', 'EE', 'FI', 'FR', 'DE', 'GR', 'HK', 'HU', 'IN', 'IE', 'IT', 'JP', 'LV', 'LT', 'LU', 'MY', 'MT', 'MX', 'NL', 'NZ', 'NO', 'PL', 'PT', 'RO', 'SG', 'SK', 'SI', 'ES', 'SE', 'CH');\n  CREATE TYPE \"public\".\"enum_variants_status\" AS ENUM('draft', 'published');\n  CREATE TYPE \"public\".\"enum__variants_v_version_status\" AS ENUM('draft', 'published');\n  CREATE TYPE \"public\".\"enum_products_blocks_cta_links_link_type\" AS ENUM('reference', 'custom');\n  CREATE TYPE \"public\".\"enum_products_blocks_cta_links_link_appearance\" AS ENUM('default', 'outline');\n  CREATE TYPE \"public\".\"enum_products_blocks_content_columns_size\" AS ENUM('oneThird', 'half', 'twoThirds', 'full');\n  CREATE TYPE \"public\".\"enum_products_blocks_content_columns_link_type\" AS ENUM('reference', 'custom');\n  CREATE TYPE \"public\".\"enum_products_blocks_content_columns_link_appearance\" AS ENUM('default', 'outline');\n  CREATE TYPE \"public\".\"enum_products_product_type\" AS ENUM('digital', 'license_key', 'ebook', 'template', 'source_code', 'ui_kit', 'prompt_pack');\n  CREATE TYPE \"public\".\"enum_products_license_type\" AS ENUM('standard', 'extended', 'personal', 'commercial', 'unlimited');\n  CREATE TYPE \"public\".\"enum_products_badge\" AS ENUM('new', 'best_seller', 'discount');\n  CREATE TYPE \"public\".\"enum_products_status\" AS ENUM('draft', 'published');\n  CREATE TYPE \"public\".\"enum__products_v_blocks_cta_links_link_type\" AS ENUM('reference', 'custom');\n  CREATE TYPE \"public\".\"enum__products_v_blocks_cta_links_link_appearance\" AS ENUM('default', 'outline');\n  CREATE TYPE \"public\".\"enum__products_v_blocks_content_columns_size\" AS ENUM('oneThird', 'half', 'twoThirds', 'full');\n  CREATE TYPE \"public\".\"enum__products_v_blocks_content_columns_link_type\" AS ENUM('reference', 'custom');\n  CREATE TYPE \"public\".\"enum__products_v_blocks_content_columns_link_appearance\" AS ENUM('default', 'outline');\n  CREATE TYPE \"public\".\"enum__products_v_version_product_type\" AS ENUM('digital', 'license_key', 'ebook', 'template', 'source_code', 'ui_kit', 'prompt_pack');\n  CREATE TYPE \"public\".\"enum__products_v_version_license_type\" AS ENUM('standard', 'extended', 'personal', 'commercial', 'unlimited');\n  CREATE TYPE \"public\".\"enum__products_v_version_badge\" AS ENUM('new', 'best_seller', 'discount');\n  CREATE TYPE \"public\".\"enum__products_v_version_status\" AS ENUM('draft', 'published');\n  CREATE TYPE \"public\".\"enum_carts_currency\" AS ENUM('IDR', 'USD');\n  CREATE TYPE \"public\".\"enum_orders_status\" AS ENUM('processing', 'completed', 'cancelled', 'refunded');\n  CREATE TYPE \"public\".\"enum_orders_currency\" AS ENUM('IDR', 'USD');\n  CREATE TYPE \"public\".\"enum_transactions_payment_method\" AS ENUM('pakasir');\n  CREATE TYPE \"public\".\"enum_transactions_status\" AS ENUM('pending', 'succeeded', 'failed', 'cancelled', 'expired', 'refunded');\n  CREATE TYPE \"public\".\"enum_transactions_currency\" AS ENUM('IDR', 'USD');\n  CREATE TYPE \"public\".\"enum_header_nav_items_link_type\" AS ENUM('reference', 'custom');\n  CREATE TYPE \"public\".\"enum_footer_nav_items_link_type\" AS ENUM('reference', 'custom');\n  CREATE TABLE \"users_roles\" (\n  \t\"order\" integer NOT NULL,\n  \t\"parent_id\" integer NOT NULL,\n  \t\"value\" \"enum_users_roles\",\n  \t\"id\" serial PRIMARY KEY NOT NULL\n  );\n  \n  CREATE TABLE \"users_sessions\" (\n  \t\"_order\" integer NOT NULL,\n  \t\"_parent_id\" integer NOT NULL,\n  \t\"id\" varchar PRIMARY KEY NOT NULL,\n  \t\"created_at\" timestamp(3) with time zone,\n  \t\"expires_at\" timestamp(3) with time zone NOT NULL\n  );\n  \n  CREATE TABLE \"users\" (\n  \t\"id\" serial PRIMARY KEY NOT NULL,\n  \t\"name\" varchar,\n  \t\"google_id\" varchar,\n  \t\"avatar_id\" integer,\n  \t\"status\" \"enum_users_status\" DEFAULT 'active',\n  \t\"updated_at\" timestamp(3) with time zone DEFAULT now() NOT NULL,\n  \t\"created_at\" timestamp(3) with time zone DEFAULT now() NOT NULL,\n  \t\"email\" varchar NOT NULL,\n  \t\"reset_password_token\" varchar,\n  \t\"reset_password_expiration\" timestamp(3) with time zone,\n  \t\"salt\" varchar,\n  \t\"hash\" varchar,\n  \t\"login_attempts\" numeric DEFAULT 0,\n  \t\"lock_until\" timestamp(3) with time zone\n  );\n  \n  CREATE TABLE \"pages_hero_links\" (\n  \t\"_order\" integer NOT NULL,\n  \t\"_parent_id\" integer NOT NULL,\n  \t\"id\" varchar PRIMARY KEY NOT NULL,\n  \t\"link_type\" \"enum_pages_hero_links_link_type\" DEFAULT 'reference',\n  \t\"link_new_tab\" boolean,\n  \t\"link_url\" varchar,\n  \t\"link_label\" varchar,\n  \t\"link_appearance\" \"enum_pages_hero_links_link_appearance\" DEFAULT 'default'\n  );\n  \n  CREATE TABLE \"pages_blocks_cta_links\" (\n  \t\"_order\" integer NOT NULL,\n  \t\"_parent_id\" varchar NOT NULL,\n  \t\"id\" varchar PRIMARY KEY NOT NULL,\n  \t\"link_type\" \"enum_pages_blocks_cta_links_link_type\" DEFAULT 'reference',\n  \t\"link_new_tab\" boolean,\n  \t\"link_url\" varchar,\n  \t\"link_label\" varchar,\n  \t\"link_appearance\" \"enum_pages_blocks_cta_links_link_appearance\" DEFAULT 'default'\n  );\n  \n  CREATE TABLE \"pages_blocks_cta\" (\n  \t\"_order\" integer NOT NULL,\n  \t\"_parent_id\" integer NOT NULL,\n  \t\"_path\" text NOT NULL,\n  \t\"id\" varchar PRIMARY KEY NOT NULL,\n  \t\"rich_text\" jsonb,\n  \t\"block_name\" varchar\n  );\n  \n  CREATE TABLE \"pages_blocks_content_columns\" (\n  \t\"_order\" integer NOT NULL,\n  \t\"_parent_id\" varchar NOT NULL,\n  \t\"id\" varchar PRIMARY KEY NOT NULL,\n  \t\"size\" \"enum_pages_blocks_content_columns_size\" DEFAULT 'oneThird',\n  \t\"rich_text\" jsonb,\n  \t\"enable_link\" boolean,\n  \t\"link_type\" \"enum_pages_blocks_content_columns_link_type\" DEFAULT 'reference',\n  \t\"link_new_tab\" boolean,\n  \t\"link_url\" varchar,\n  \t\"link_label\" varchar,\n  \t\"link_appearance\" \"enum_pages_blocks_content_columns_link_appearance\" DEFAULT 'default'\n  );\n  \n  CREATE TABLE \"pages_blocks_content\" (\n  \t\"_order\" integer NOT NULL,\n  \t\"_parent_id\" integer NOT NULL,\n  \t\"_path\" text NOT NULL,\n  \t\"id\" varchar PRIMARY KEY NOT NULL,\n  \t\"block_name\" varchar\n  );\n  \n  CREATE TABLE \"pages_blocks_media_block\" (\n  \t\"_order\" integer NOT NULL,\n  \t\"_parent_id\" integer NOT NULL,\n  \t\"_path\" text NOT NULL,\n  \t\"id\" varchar PRIMARY KEY NOT NULL,\n  \t\"media_id\" integer,\n  \t\"block_name\" varchar\n  );\n  \n  CREATE TABLE \"pages_blocks_archive\" (\n  \t\"_order\" integer NOT NULL,\n  \t\"_parent_id\" integer NOT NULL,\n  \t\"_path\" text NOT NULL,\n  \t\"id\" varchar PRIMARY KEY NOT NULL,\n  \t\"intro_content\" jsonb,\n  \t\"populate_by\" \"enum_pages_blocks_archive_populate_by\" DEFAULT 'collection',\n  \t\"relation_to\" \"enum_pages_blocks_archive_relation_to\" DEFAULT 'products',\n  \t\"limit\" numeric DEFAULT 10,\n  \t\"block_name\" varchar\n  );\n  \n  CREATE TABLE \"pages_blocks_carousel\" (\n  \t\"_order\" integer NOT NULL,\n  \t\"_parent_id\" integer NOT NULL,\n  \t\"_path\" text NOT NULL,\n  \t\"id\" varchar PRIMARY KEY NOT NULL,\n  \t\"populate_by\" \"enum_pages_blocks_carousel_populate_by\" DEFAULT 'collection',\n  \t\"relation_to\" \"enum_pages_blocks_carousel_relation_to\" DEFAULT 'products',\n  \t\"limit\" numeric DEFAULT 10,\n  \t\"populated_docs_total\" numeric,\n  \t\"block_name\" varchar\n  );\n  \n  CREATE TABLE \"pages_blocks_three_item_grid\" (\n  \t\"_order\" integer NOT NULL,\n  \t\"_parent_id\" integer NOT NULL,\n  \t\"_path\" text NOT NULL,\n  \t\"id\" varchar PRIMARY KEY NOT NULL,\n  \t\"block_name\" varchar\n  );\n  \n  CREATE TABLE \"pages_blocks_banner\" (\n  \t\"_order\" integer NOT NULL,\n  \t\"_parent_id\" integer NOT NULL,\n  \t\"_path\" text NOT NULL,\n  \t\"id\" varchar PRIMARY KEY NOT NULL,\n  \t\"style\" \"enum_pages_blocks_banner_style\" DEFAULT 'info',\n  \t\"content\" jsonb,\n  \t\"block_name\" varchar\n  );\n  \n  CREATE TABLE \"pages_blocks_form_block\" (\n  \t\"_order\" integer NOT NULL,\n  \t\"_parent_id\" integer NOT NULL,\n  \t\"_path\" text NOT NULL,\n  \t\"id\" varchar PRIMARY KEY NOT NULL,\n  \t\"form_id\" integer,\n  \t\"enable_intro\" boolean,\n  \t\"intro_content\" jsonb,\n  \t\"block_name\" varchar\n  );\n  \n  CREATE TABLE \"pages\" (\n  \t\"id\" serial PRIMARY KEY NOT NULL,\n  \t\"title\" varchar,\n  \t\"published_on\" timestamp(3) with time zone,\n  \t\"hero_type\" \"enum_pages_hero_type\" DEFAULT 'aiMarketplace',\n  \t\"hero_rich_text\" jsonb,\n  \t\"hero_media_id\" integer,\n  \t\"meta_title\" varchar,\n  \t\"meta_image_id\" integer,\n  \t\"meta_description\" varchar,\n  \t\"generate_slug\" boolean DEFAULT true,\n  \t\"slug\" varchar,\n  \t\"updated_at\" timestamp(3) with time zone DEFAULT now() NOT NULL,\n  \t\"created_at\" timestamp(3) with time zone DEFAULT now() NOT NULL,\n  \t\"_status\" \"enum_pages_status\" DEFAULT 'draft'\n  );\n  \n  CREATE TABLE \"pages_rels\" (\n  \t\"id\" serial PRIMARY KEY NOT NULL,\n  \t\"order\" integer,\n  \t\"parent_id\" integer NOT NULL,\n  \t\"path\" varchar NOT NULL,\n  \t\"pages_id\" integer,\n  \t\"categories_id\" integer,\n  \t\"products_id\" integer\n  );\n  \n  CREATE TABLE \"_pages_v_version_hero_links\" (\n  \t\"_order\" integer NOT NULL,\n  \t\"_parent_id\" integer NOT NULL,\n  \t\"id\" serial PRIMARY KEY NOT NULL,\n  \t\"link_type\" \"enum__pages_v_version_hero_links_link_type\" DEFAULT 'reference',\n  \t\"link_new_tab\" boolean,\n  \t\"link_url\" varchar,\n  \t\"link_label\" varchar,\n  \t\"link_appearance\" \"enum__pages_v_version_hero_links_link_appearance\" DEFAULT 'default',\n  \t\"_uuid\" varchar\n  );\n  \n  CREATE TABLE \"_pages_v_blocks_cta_links\" (\n  \t\"_order\" integer NOT NULL,\n  \t\"_parent_id\" integer NOT NULL,\n  \t\"id\" serial PRIMARY KEY NOT NULL,\n  \t\"link_type\" \"enum__pages_v_blocks_cta_links_link_type\" DEFAULT 'reference',\n  \t\"link_new_tab\" boolean,\n  \t\"link_url\" varchar,\n  \t\"link_label\" varchar,\n  \t\"link_appearance\" \"enum__pages_v_blocks_cta_links_link_appearance\" DEFAULT 'default',\n  \t\"_uuid\" varchar\n  );\n  \n  CREATE TABLE \"_pages_v_blocks_cta\" (\n  \t\"_order\" integer NOT NULL,\n  \t\"_parent_id\" integer NOT NULL,\n  \t\"_path\" text NOT NULL,\n  \t\"id\" serial PRIMARY KEY NOT NULL,\n  \t\"rich_text\" jsonb,\n  \t\"_uuid\" varchar,\n  \t\"block_name\" varchar\n  );\n  \n  CREATE TABLE \"_pages_v_blocks_content_columns\" (\n  \t\"_order\" integer NOT NULL,\n  \t\"_parent_id\" integer NOT NULL,\n  \t\"id\" serial PRIMARY KEY NOT NULL,\n  \t\"size\" \"enum__pages_v_blocks_content_columns_size\" DEFAULT 'oneThird',\n  \t\"rich_text\" jsonb,\n  \t\"enable_link\" boolean,\n  \t\"link_type\" \"enum__pages_v_blocks_content_columns_link_type\" DEFAULT 'reference',\n  \t\"link_new_tab\" boolean,\n  \t\"link_url\" varchar,\n  \t\"link_label\" varchar,\n  \t\"link_appearance\" \"enum__pages_v_blocks_content_columns_link_appearance\" DEFAULT 'default',\n  \t\"_uuid\" varchar\n  );\n  \n  CREATE TABLE \"_pages_v_blocks_content\" (\n  \t\"_order\" integer NOT NULL,\n  \t\"_parent_id\" integer NOT NULL,\n  \t\"_path\" text NOT NULL,\n  \t\"id\" serial PRIMARY KEY NOT NULL,\n  \t\"_uuid\" varchar,\n  \t\"block_name\" varchar\n  );\n  \n  CREATE TABLE \"_pages_v_blocks_media_block\" (\n  \t\"_order\" integer NOT NULL,\n  \t\"_parent_id\" integer NOT NULL,\n  \t\"_path\" text NOT NULL,\n  \t\"id\" serial PRIMARY KEY NOT NULL,\n  \t\"media_id\" integer,\n  \t\"_uuid\" varchar,\n  \t\"block_name\" varchar\n  );\n  \n  CREATE TABLE \"_pages_v_blocks_archive\" (\n  \t\"_order\" integer NOT NULL,\n  \t\"_parent_id\" integer NOT NULL,\n  \t\"_path\" text NOT NULL,\n  \t\"id\" serial PRIMARY KEY NOT NULL,\n  \t\"intro_content\" jsonb,\n  \t\"populate_by\" \"enum__pages_v_blocks_archive_populate_by\" DEFAULT 'collection',\n  \t\"relation_to\" \"enum__pages_v_blocks_archive_relation_to\" DEFAULT 'products',\n  \t\"limit\" numeric DEFAULT 10,\n  \t\"_uuid\" varchar,\n  \t\"block_name\" varchar\n  );\n  \n  CREATE TABLE \"_pages_v_blocks_carousel\" (\n  \t\"_order\" integer NOT NULL,\n  \t\"_parent_id\" integer NOT NULL,\n  \t\"_path\" text NOT NULL,\n  \t\"id\" serial PRIMARY KEY NOT NULL,\n  \t\"populate_by\" \"enum__pages_v_blocks_carousel_populate_by\" DEFAULT 'collection',\n  \t\"relation_to\" \"enum__pages_v_blocks_carousel_relation_to\" DEFAULT 'products',\n  \t\"limit\" numeric DEFAULT 10,\n  \t\"populated_docs_total\" numeric,\n  \t\"_uuid\" varchar,\n  \t\"block_name\" varchar\n  );\n  \n  CREATE TABLE \"_pages_v_blocks_three_item_grid\" (\n  \t\"_order\" integer NOT NULL,\n  \t\"_parent_id\" integer NOT NULL,\n  \t\"_path\" text NOT NULL,\n  \t\"id\" serial PRIMARY KEY NOT NULL,\n  \t\"_uuid\" varchar,\n  \t\"block_name\" varchar\n  );\n  \n  CREATE TABLE \"_pages_v_blocks_banner\" (\n  \t\"_order\" integer NOT NULL,\n  \t\"_parent_id\" integer NOT NULL,\n  \t\"_path\" text NOT NULL,\n  \t\"id\" serial PRIMARY KEY NOT NULL,\n  \t\"style\" \"enum__pages_v_blocks_banner_style\" DEFAULT 'info',\n  \t\"content\" jsonb,\n  \t\"_uuid\" varchar,\n  \t\"block_name\" varchar\n  );\n  \n  CREATE TABLE \"_pages_v_blocks_form_block\" (\n  \t\"_order\" integer NOT NULL,\n  \t\"_parent_id\" integer NOT NULL,\n  \t\"_path\" text NOT NULL,\n  \t\"id\" serial PRIMARY KEY NOT NULL,\n  \t\"form_id\" integer,\n  \t\"enable_intro\" boolean,\n  \t\"intro_content\" jsonb,\n  \t\"_uuid\" varchar,\n  \t\"block_name\" varchar\n  );\n  \n  CREATE TABLE \"_pages_v\" (\n  \t\"id\" serial PRIMARY KEY NOT NULL,\n  \t\"parent_id\" integer,\n  \t\"version_title\" varchar,\n  \t\"version_published_on\" timestamp(3) with time zone,\n  \t\"version_hero_type\" \"enum__pages_v_version_hero_type\" DEFAULT 'aiMarketplace',\n  \t\"version_hero_rich_text\" jsonb,\n  \t\"version_hero_media_id\" integer,\n  \t\"version_meta_title\" varchar,\n  \t\"version_meta_image_id\" integer,\n  \t\"version_meta_description\" varchar,\n  \t\"version_generate_slug\" boolean DEFAULT true,\n  \t\"version_slug\" varchar,\n  \t\"version_updated_at\" timestamp(3) with time zone,\n  \t\"version_created_at\" timestamp(3) with time zone,\n  \t\"version__status\" \"enum__pages_v_version_status\" DEFAULT 'draft',\n  \t\"created_at\" timestamp(3) with time zone DEFAULT now() NOT NULL,\n  \t\"updated_at\" timestamp(3) with time zone DEFAULT now() NOT NULL,\n  \t\"latest\" boolean,\n  \t\"autosave\" boolean\n  );\n  \n  CREATE TABLE \"_pages_v_rels\" (\n  \t\"id\" serial PRIMARY KEY NOT NULL,\n  \t\"order\" integer,\n  \t\"parent_id\" integer NOT NULL,\n  \t\"path\" varchar NOT NULL,\n  \t\"pages_id\" integer,\n  \t\"categories_id\" integer,\n  \t\"products_id\" integer\n  );\n  \n  CREATE TABLE \"categories\" (\n  \t\"id\" serial PRIMARY KEY NOT NULL,\n  \t\"title\" varchar NOT NULL,\n  \t\"generate_slug\" boolean DEFAULT true,\n  \t\"slug\" varchar NOT NULL,\n  \t\"updated_at\" timestamp(3) with time zone DEFAULT now() NOT NULL,\n  \t\"created_at\" timestamp(3) with time zone DEFAULT now() NOT NULL\n  );\n  \n  CREATE TABLE \"media\" (\n  \t\"id\" serial PRIMARY KEY NOT NULL,\n  \t\"alt\" varchar NOT NULL,\n  \t\"caption\" jsonb,\n  \t\"updated_at\" timestamp(3) with time zone DEFAULT now() NOT NULL,\n  \t\"created_at\" timestamp(3) with time zone DEFAULT now() NOT NULL,\n  \t\"url\" varchar,\n  \t\"thumbnail_u_r_l\" varchar,\n  \t\"filename\" varchar,\n  \t\"mime_type\" varchar,\n  \t\"filesize\" numeric,\n  \t\"width\" numeric,\n  \t\"height\" numeric,\n  \t\"focal_x\" numeric,\n  \t\"focal_y\" numeric\n  );\n  \n  CREATE TABLE \"digital_assets\" (\n  \t\"id\" serial PRIMARY KEY NOT NULL,\n  \t\"product_id\" integer NOT NULL,\n  \t\"file_id\" integer NOT NULL,\n  \t\"file_name\" varchar NOT NULL,\n  \t\"file_size\" numeric,\n  \t\"version\" varchar DEFAULT '1.0.0',\n  \t\"changelog\" varchar,\n  \t\"protected\" boolean DEFAULT true,\n  \t\"status\" \"enum_digital_assets_status\" DEFAULT 'active' NOT NULL,\n  \t\"updated_at\" timestamp(3) with time zone DEFAULT now() NOT NULL,\n  \t\"created_at\" timestamp(3) with time zone DEFAULT now() NOT NULL\n  );\n  \n  CREATE TABLE \"download_access\" (\n  \t\"id\" serial PRIMARY KEY NOT NULL,\n  \t\"customer_id\" integer NOT NULL,\n  \t\"product_id\" integer NOT NULL,\n  \t\"order_id\" integer NOT NULL,\n  \t\"asset_id\" integer NOT NULL,\n  \t\"status\" \"enum_download_access_status\" DEFAULT 'active' NOT NULL,\n  \t\"max_downloads\" numeric DEFAULT 10,\n  \t\"download_count\" numeric DEFAULT 0,\n  \t\"expires_at\" timestamp(3) with time zone,\n  \t\"updated_at\" timestamp(3) with time zone DEFAULT now() NOT NULL,\n  \t\"created_at\" timestamp(3) with time zone DEFAULT now() NOT NULL\n  );\n  \n  CREATE TABLE \"download_logs\" (\n  \t\"id\" serial PRIMARY KEY NOT NULL,\n  \t\"customer_id\" integer NOT NULL,\n  \t\"product_id\" integer NOT NULL,\n  \t\"asset_id\" integer NOT NULL,\n  \t\"order_id\" integer NOT NULL,\n  \t\"ip\" varchar,\n  \t\"user_agent\" varchar,\n  \t\"downloaded_at\" timestamp(3) with time zone,\n  \t\"updated_at\" timestamp(3) with time zone DEFAULT now() NOT NULL,\n  \t\"created_at\" timestamp(3) with time zone DEFAULT now() NOT NULL\n  );\n  \n  CREATE TABLE \"licenses\" (\n  \t\"id\" serial PRIMARY KEY NOT NULL,\n  \t\"customer_id\" integer NOT NULL,\n  \t\"product_id\" integer NOT NULL,\n  \t\"order_id\" integer NOT NULL,\n  \t\"license_key\" varchar NOT NULL,\n  \t\"status\" \"enum_licenses_status\" DEFAULT 'active' NOT NULL,\n  \t\"max_activations\" numeric DEFAULT 1,\n  \t\"activation_count\" numeric DEFAULT 0,\n  \t\"expires_at\" timestamp(3) with time zone,\n  \t\"updated_at\" timestamp(3) with time zone DEFAULT now() NOT NULL,\n  \t\"created_at\" timestamp(3) with time zone DEFAULT now() NOT NULL\n  );\n  \n  CREATE TABLE \"payment_transactions\" (\n  \t\"id\" serial PRIMARY KEY NOT NULL,\n  \t\"order_id\" integer NOT NULL,\n  \t\"customer_id\" integer NOT NULL,\n  \t\"provider\" \"enum_payment_transactions_provider\" NOT NULL,\n  \t\"provider_transaction_id\" varchar NOT NULL,\n  \t\"amount\" numeric NOT NULL,\n  \t\"currency\" varchar DEFAULT 'USD' NOT NULL,\n  \t\"status\" \"enum_payment_transactions_status\" DEFAULT 'created' NOT NULL,\n  \t\"raw_payload\" jsonb,\n  \t\"updated_at\" timestamp(3) with time zone DEFAULT now() NOT NULL,\n  \t\"created_at\" timestamp(3) with time zone DEFAULT now() NOT NULL\n  );\n  \n  CREATE TABLE \"coupons\" (\n  \t\"id\" serial PRIMARY KEY NOT NULL,\n  \t\"code\" varchar NOT NULL,\n  \t\"discount_type\" \"enum_coupons_discount_type\" NOT NULL,\n  \t\"amount\" numeric NOT NULL,\n  \t\"usage_limit\" numeric,\n  \t\"used_count\" numeric DEFAULT 0,\n  \t\"starts_at\" timestamp(3) with time zone,\n  \t\"expires_at\" timestamp(3) with time zone,\n  \t\"status\" \"enum_coupons_status\" DEFAULT 'active' NOT NULL,\n  \t\"updated_at\" timestamp(3) with time zone DEFAULT now() NOT NULL,\n  \t\"created_at\" timestamp(3) with time zone DEFAULT now() NOT NULL\n  );\n  \n  CREATE TABLE \"promo_banners\" (\n  \t\"id\" serial PRIMARY KEY NOT NULL,\n  \t\"title\" varchar NOT NULL,\n  \t\"image_id\" integer NOT NULL,\n  \t\"link\" varchar,\n  \t\"status\" \"enum_promo_banners_status\" DEFAULT 'draft' NOT NULL,\n  \t\"priority\" numeric DEFAULT 0,\n  \t\"start_date\" timestamp(3) with time zone,\n  \t\"end_date\" timestamp(3) with time zone,\n  \t\"updated_at\" timestamp(3) with time zone DEFAULT now() NOT NULL,\n  \t\"created_at\" timestamp(3) with time zone DEFAULT now() NOT NULL\n  );\n  \n  CREATE TABLE \"testimonials\" (\n  \t\"id\" serial PRIMARY KEY NOT NULL,\n  \t\"name\" varchar NOT NULL,\n  \t\"role\" varchar NOT NULL,\n  \t\"avatar_id\" integer,\n  \t\"comment_id\" varchar NOT NULL,\n  \t\"comment_en\" varchar NOT NULL,\n  \t\"rating\" numeric DEFAULT 5 NOT NULL,\n  \t\"status\" \"enum_testimonials_status\" DEFAULT 'draft' NOT NULL,\n  \t\"priority\" numeric DEFAULT 0,\n  \t\"updated_at\" timestamp(3) with time zone DEFAULT now() NOT NULL,\n  \t\"created_at\" timestamp(3) with time zone DEFAULT now() NOT NULL\n  );\n  \n  CREATE TABLE \"support_tickets\" (\n  \t\"id\" serial PRIMARY KEY NOT NULL,\n  \t\"ticket_number\" varchar,\n  \t\"customer_id\" integer NOT NULL,\n  \t\"related_order_id\" integer,\n  \t\"related_product_id\" integer,\n  \t\"subject\" varchar NOT NULL,\n  \t\"category\" \"enum_support_tickets_category\" NOT NULL,\n  \t\"priority\" \"enum_support_tickets_priority\" DEFAULT 'medium' NOT NULL,\n  \t\"status\" \"enum_support_tickets_status\" DEFAULT 'open' NOT NULL,\n  \t\"assigned_to_id\" integer,\n  \t\"updated_at\" timestamp(3) with time zone DEFAULT now() NOT NULL,\n  \t\"created_at\" timestamp(3) with time zone DEFAULT now() NOT NULL\n  );\n  \n  CREATE TABLE \"support_messages_attachments\" (\n  \t\"_order\" integer NOT NULL,\n  \t\"_parent_id\" integer NOT NULL,\n  \t\"id\" varchar PRIMARY KEY NOT NULL,\n  \t\"file_id\" integer NOT NULL\n  );\n  \n  CREATE TABLE \"support_messages\" (\n  \t\"id\" serial PRIMARY KEY NOT NULL,\n  \t\"ticket_id\" integer NOT NULL,\n  \t\"sender_id\" integer NOT NULL,\n  \t\"sender_role\" \"enum_support_messages_sender_role\" NOT NULL,\n  \t\"message\" varchar NOT NULL,\n  \t\"is_internal_note\" boolean DEFAULT false,\n  \t\"updated_at\" timestamp(3) with time zone DEFAULT now() NOT NULL,\n  \t\"created_at\" timestamp(3) with time zone DEFAULT now() NOT NULL\n  );\n  \n  CREATE TABLE \"email_templates\" (\n  \t\"id\" serial PRIMARY KEY NOT NULL,\n  \t\"name\" varchar NOT NULL,\n  \t\"subject\" varchar NOT NULL,\n  \t\"body\" varchar NOT NULL,\n  \t\"type\" \"enum_email_templates_type\" NOT NULL,\n  \t\"status\" \"enum_email_templates_status\" DEFAULT 'active' NOT NULL,\n  \t\"updated_at\" timestamp(3) with time zone DEFAULT now() NOT NULL,\n  \t\"created_at\" timestamp(3) with time zone DEFAULT now() NOT NULL\n  );\n  \n  CREATE TABLE \"stock_reservations\" (\n  \t\"id\" serial PRIMARY KEY NOT NULL,\n  \t\"reservation_id\" varchar NOT NULL,\n  \t\"product_id\" integer NOT NULL,\n  \t\"variant\" varchar,\n  \t\"quantity\" numeric NOT NULL,\n  \t\"status\" \"enum_stock_reservations_status\" DEFAULT 'pending' NOT NULL,\n  \t\"expires_at\" timestamp(3) with time zone NOT NULL,\n  \t\"order_id\" integer,\n  \t\"customer_id\" integer,\n  \t\"cart_id\" varchar,\n  \t\"notes\" varchar,\n  \t\"updated_at\" timestamp(3) with time zone DEFAULT now() NOT NULL,\n  \t\"created_at\" timestamp(3) with time zone DEFAULT now() NOT NULL\n  );\n  \n  CREATE TABLE \"forms_blocks_checkbox\" (\n  \t\"_order\" integer NOT NULL,\n  \t\"_parent_id\" integer NOT NULL,\n  \t\"_path\" text NOT NULL,\n  \t\"id\" varchar PRIMARY KEY NOT NULL,\n  \t\"name\" varchar NOT NULL,\n  \t\"label\" varchar,\n  \t\"width\" numeric,\n  \t\"required\" boolean,\n  \t\"default_value\" boolean,\n  \t\"block_name\" varchar\n  );\n  \n  CREATE TABLE \"forms_blocks_country\" (\n  \t\"_order\" integer NOT NULL,\n  \t\"_parent_id\" integer NOT NULL,\n  \t\"_path\" text NOT NULL,\n  \t\"id\" varchar PRIMARY KEY NOT NULL,\n  \t\"name\" varchar NOT NULL,\n  \t\"label\" varchar,\n  \t\"width\" numeric,\n  \t\"required\" boolean,\n  \t\"block_name\" varchar\n  );\n  \n  CREATE TABLE \"forms_blocks_email\" (\n  \t\"_order\" integer NOT NULL,\n  \t\"_parent_id\" integer NOT NULL,\n  \t\"_path\" text NOT NULL,\n  \t\"id\" varchar PRIMARY KEY NOT NULL,\n  \t\"name\" varchar NOT NULL,\n  \t\"label\" varchar,\n  \t\"width\" numeric,\n  \t\"required\" boolean,\n  \t\"block_name\" varchar\n  );\n  \n  CREATE TABLE \"forms_blocks_message\" (\n  \t\"_order\" integer NOT NULL,\n  \t\"_parent_id\" integer NOT NULL,\n  \t\"_path\" text NOT NULL,\n  \t\"id\" varchar PRIMARY KEY NOT NULL,\n  \t\"message\" jsonb,\n  \t\"block_name\" varchar\n  );\n  \n  CREATE TABLE \"forms_blocks_number\" (\n  \t\"_order\" integer NOT NULL,\n  \t\"_parent_id\" integer NOT NULL,\n  \t\"_path\" text NOT NULL,\n  \t\"id\" varchar PRIMARY KEY NOT NULL,\n  \t\"name\" varchar NOT NULL,\n  \t\"label\" varchar,\n  \t\"width\" numeric,\n  \t\"default_value\" numeric,\n  \t\"required\" boolean,\n  \t\"block_name\" varchar\n  );\n  \n  CREATE TABLE \"forms_blocks_select_options\" (\n  \t\"_order\" integer NOT NULL,\n  \t\"_parent_id\" varchar NOT NULL,\n  \t\"id\" varchar PRIMARY KEY NOT NULL,\n  \t\"label\" varchar NOT NULL,\n  \t\"value\" varchar NOT NULL\n  );\n  \n  CREATE TABLE \"forms_blocks_select\" (\n  \t\"_order\" integer NOT NULL,\n  \t\"_parent_id\" integer NOT NULL,\n  \t\"_path\" text NOT NULL,\n  \t\"id\" varchar PRIMARY KEY NOT NULL,\n  \t\"name\" varchar NOT NULL,\n  \t\"label\" varchar,\n  \t\"width\" numeric,\n  \t\"default_value\" varchar,\n  \t\"placeholder\" varchar,\n  \t\"required\" boolean,\n  \t\"block_name\" varchar\n  );\n  \n  CREATE TABLE \"forms_blocks_state\" (\n  \t\"_order\" integer NOT NULL,\n  \t\"_parent_id\" integer NOT NULL,\n  \t\"_path\" text NOT NULL,\n  \t\"id\" varchar PRIMARY KEY NOT NULL,\n  \t\"name\" varchar NOT NULL,\n  \t\"label\" varchar,\n  \t\"width\" numeric,\n  \t\"required\" boolean,\n  \t\"block_name\" varchar\n  );\n  \n  CREATE TABLE \"forms_blocks_text\" (\n  \t\"_order\" integer NOT NULL,\n  \t\"_parent_id\" integer NOT NULL,\n  \t\"_path\" text NOT NULL,\n  \t\"id\" varchar PRIMARY KEY NOT NULL,\n  \t\"name\" varchar NOT NULL,\n  \t\"label\" varchar,\n  \t\"width\" numeric,\n  \t\"default_value\" varchar,\n  \t\"required\" boolean,\n  \t\"block_name\" varchar\n  );\n  \n  CREATE TABLE \"forms_blocks_textarea\" (\n  \t\"_order\" integer NOT NULL,\n  \t\"_parent_id\" integer NOT NULL,\n  \t\"_path\" text NOT NULL,\n  \t\"id\" varchar PRIMARY KEY NOT NULL,\n  \t\"name\" varchar NOT NULL,\n  \t\"label\" varchar,\n  \t\"width\" numeric,\n  \t\"default_value\" varchar,\n  \t\"required\" boolean,\n  \t\"block_name\" varchar\n  );\n  \n  CREATE TABLE \"forms_emails\" (\n  \t\"_order\" integer NOT NULL,\n  \t\"_parent_id\" integer NOT NULL,\n  \t\"id\" varchar PRIMARY KEY NOT NULL,\n  \t\"email_to\" varchar,\n  \t\"cc\" varchar,\n  \t\"bcc\" varchar,\n  \t\"reply_to\" varchar,\n  \t\"email_from\" varchar,\n  \t\"subject\" varchar DEFAULT 'You''ve received a new message.' NOT NULL,\n  \t\"message\" jsonb\n  );\n  \n  CREATE TABLE \"forms\" (\n  \t\"id\" serial PRIMARY KEY NOT NULL,\n  \t\"title\" varchar NOT NULL,\n  \t\"submit_button_label\" varchar,\n  \t\"confirmation_type\" \"enum_forms_confirmation_type\" DEFAULT 'message',\n  \t\"confirmation_message\" jsonb,\n  \t\"redirect_url\" varchar,\n  \t\"updated_at\" timestamp(3) with time zone DEFAULT now() NOT NULL,\n  \t\"created_at\" timestamp(3) with time zone DEFAULT now() NOT NULL\n  );\n  \n  CREATE TABLE \"form_submissions_submission_data\" (\n  \t\"_order\" integer NOT NULL,\n  \t\"_parent_id\" integer NOT NULL,\n  \t\"id\" varchar PRIMARY KEY NOT NULL,\n  \t\"field\" varchar NOT NULL,\n  \t\"value\" varchar NOT NULL\n  );\n  \n  CREATE TABLE \"form_submissions\" (\n  \t\"id\" serial PRIMARY KEY NOT NULL,\n  \t\"form_id\" integer NOT NULL,\n  \t\"updated_at\" timestamp(3) with time zone DEFAULT now() NOT NULL,\n  \t\"created_at\" timestamp(3) with time zone DEFAULT now() NOT NULL\n  );\n  \n  CREATE TABLE \"addresses\" (\n  \t\"id\" serial PRIMARY KEY NOT NULL,\n  \t\"customer_id\" integer,\n  \t\"title\" varchar,\n  \t\"first_name\" varchar,\n  \t\"last_name\" varchar,\n  \t\"company\" varchar,\n  \t\"address_line1\" varchar,\n  \t\"address_line2\" varchar,\n  \t\"city\" varchar,\n  \t\"state\" varchar,\n  \t\"postal_code\" varchar,\n  \t\"country\" \"enum_addresses_country\" NOT NULL,\n  \t\"phone\" varchar,\n  \t\"updated_at\" timestamp(3) with time zone DEFAULT now() NOT NULL,\n  \t\"created_at\" timestamp(3) with time zone DEFAULT now() NOT NULL\n  );\n  \n  CREATE TABLE \"variants\" (\n  \t\"id\" serial PRIMARY KEY NOT NULL,\n  \t\"title\" varchar,\n  \t\"product_id\" integer,\n  \t\"inventory\" numeric DEFAULT 0,\n  \t\"price_in_i_d_r_enabled\" boolean,\n  \t\"price_in_i_d_r\" numeric,\n  \t\"price_in_u_s_d_enabled\" boolean,\n  \t\"price_in_u_s_d\" numeric,\n  \t\"updated_at\" timestamp(3) with time zone DEFAULT now() NOT NULL,\n  \t\"created_at\" timestamp(3) with time zone DEFAULT now() NOT NULL,\n  \t\"deleted_at\" timestamp(3) with time zone,\n  \t\"_status\" \"enum_variants_status\" DEFAULT 'draft'\n  );\n  \n  CREATE TABLE \"variants_rels\" (\n  \t\"id\" serial PRIMARY KEY NOT NULL,\n  \t\"order\" integer,\n  \t\"parent_id\" integer NOT NULL,\n  \t\"path\" varchar NOT NULL,\n  \t\"variant_options_id\" integer\n  );\n  \n  CREATE TABLE \"_variants_v\" (\n  \t\"id\" serial PRIMARY KEY NOT NULL,\n  \t\"parent_id\" integer,\n  \t\"version_title\" varchar,\n  \t\"version_product_id\" integer,\n  \t\"version_inventory\" numeric DEFAULT 0,\n  \t\"version_price_in_i_d_r_enabled\" boolean,\n  \t\"version_price_in_i_d_r\" numeric,\n  \t\"version_price_in_u_s_d_enabled\" boolean,\n  \t\"version_price_in_u_s_d\" numeric,\n  \t\"version_updated_at\" timestamp(3) with time zone,\n  \t\"version_created_at\" timestamp(3) with time zone,\n  \t\"version_deleted_at\" timestamp(3) with time zone,\n  \t\"version__status\" \"enum__variants_v_version_status\" DEFAULT 'draft',\n  \t\"created_at\" timestamp(3) with time zone DEFAULT now() NOT NULL,\n  \t\"updated_at\" timestamp(3) with time zone DEFAULT now() NOT NULL,\n  \t\"latest\" boolean,\n  \t\"autosave\" boolean\n  );\n  \n  CREATE TABLE \"_variants_v_rels\" (\n  \t\"id\" serial PRIMARY KEY NOT NULL,\n  \t\"order\" integer,\n  \t\"parent_id\" integer NOT NULL,\n  \t\"path\" varchar NOT NULL,\n  \t\"variant_options_id\" integer\n  );\n  \n  CREATE TABLE \"variant_types\" (\n  \t\"id\" serial PRIMARY KEY NOT NULL,\n  \t\"label\" varchar NOT NULL,\n  \t\"name\" varchar NOT NULL,\n  \t\"updated_at\" timestamp(3) with time zone DEFAULT now() NOT NULL,\n  \t\"created_at\" timestamp(3) with time zone DEFAULT now() NOT NULL,\n  \t\"deleted_at\" timestamp(3) with time zone\n  );\n  \n  CREATE TABLE \"variant_options\" (\n  \t\"id\" serial PRIMARY KEY NOT NULL,\n  \t\"_variantoptions_options_order\" varchar,\n  \t\"variant_type_id\" integer NOT NULL,\n  \t\"label\" varchar NOT NULL,\n  \t\"value\" varchar NOT NULL,\n  \t\"updated_at\" timestamp(3) with time zone DEFAULT now() NOT NULL,\n  \t\"created_at\" timestamp(3) with time zone DEFAULT now() NOT NULL,\n  \t\"deleted_at\" timestamp(3) with time zone\n  );\n  \n  CREATE TABLE \"products_gallery\" (\n  \t\"_order\" integer NOT NULL,\n  \t\"_parent_id\" integer NOT NULL,\n  \t\"id\" varchar PRIMARY KEY NOT NULL,\n  \t\"image_id\" integer,\n  \t\"variant_option_id\" integer\n  );\n  \n  CREATE TABLE \"products_blocks_cta_links\" (\n  \t\"_order\" integer NOT NULL,\n  \t\"_parent_id\" varchar NOT NULL,\n  \t\"id\" varchar PRIMARY KEY NOT NULL,\n  \t\"link_type\" \"enum_products_blocks_cta_links_link_type\" DEFAULT 'reference',\n  \t\"link_new_tab\" boolean,\n  \t\"link_url\" varchar,\n  \t\"link_label\" varchar,\n  \t\"link_appearance\" \"enum_products_blocks_cta_links_link_appearance\" DEFAULT 'default'\n  );\n  \n  CREATE TABLE \"products_blocks_cta\" (\n  \t\"_order\" integer NOT NULL,\n  \t\"_parent_id\" integer NOT NULL,\n  \t\"_path\" text NOT NULL,\n  \t\"id\" varchar PRIMARY KEY NOT NULL,\n  \t\"rich_text\" jsonb,\n  \t\"block_name\" varchar\n  );\n  \n  CREATE TABLE \"products_blocks_content_columns\" (\n  \t\"_order\" integer NOT NULL,\n  \t\"_parent_id\" varchar NOT NULL,\n  \t\"id\" varchar PRIMARY KEY NOT NULL,\n  \t\"size\" \"enum_products_blocks_content_columns_size\" DEFAULT 'oneThird',\n  \t\"rich_text\" jsonb,\n  \t\"enable_link\" boolean,\n  \t\"link_type\" \"enum_products_blocks_content_columns_link_type\" DEFAULT 'reference',\n  \t\"link_new_tab\" boolean,\n  \t\"link_url\" varchar,\n  \t\"link_label\" varchar,\n  \t\"link_appearance\" \"enum_products_blocks_content_columns_link_appearance\" DEFAULT 'default'\n  );\n  \n  CREATE TABLE \"products_blocks_content\" (\n  \t\"_order\" integer NOT NULL,\n  \t\"_parent_id\" integer NOT NULL,\n  \t\"_path\" text NOT NULL,\n  \t\"id\" varchar PRIMARY KEY NOT NULL,\n  \t\"block_name\" varchar\n  );\n  \n  CREATE TABLE \"products_blocks_media_block\" (\n  \t\"_order\" integer NOT NULL,\n  \t\"_parent_id\" integer NOT NULL,\n  \t\"_path\" text NOT NULL,\n  \t\"id\" varchar PRIMARY KEY NOT NULL,\n  \t\"media_id\" integer,\n  \t\"block_name\" varchar\n  );\n  \n  CREATE TABLE \"products_included_files\" (\n  \t\"_order\" integer NOT NULL,\n  \t\"_parent_id\" integer NOT NULL,\n  \t\"id\" varchar PRIMARY KEY NOT NULL,\n  \t\"label\" varchar,\n  \t\"format\" varchar,\n  \t\"size\" varchar\n  );\n  \n  CREATE TABLE \"products_product_f_a_q\" (\n  \t\"_order\" integer NOT NULL,\n  \t\"_parent_id\" integer NOT NULL,\n  \t\"id\" varchar PRIMARY KEY NOT NULL,\n  \t\"question\" varchar,\n  \t\"answer\" varchar\n  );\n  \n  CREATE TABLE \"products\" (\n  \t\"id\" serial PRIMARY KEY NOT NULL,\n  \t\"title\" varchar,\n  \t\"short_description\" varchar,\n  \t\"description\" jsonb,\n  \t\"inventory\" numeric DEFAULT 0,\n  \t\"enable_variants\" boolean,\n  \t\"price_in_i_d_r_enabled\" boolean,\n  \t\"price_in_i_d_r\" numeric,\n  \t\"price_in_u_s_d_enabled\" boolean,\n  \t\"price_in_u_s_d\" numeric,\n  \t\"product_type\" \"enum_products_product_type\" DEFAULT 'digital',\n  \t\"license_type\" \"enum_products_license_type\" DEFAULT 'standard',\n  \t\"version\" varchar DEFAULT '1.0.0',\n  \t\"update_policy\" varchar,\n  \t\"refund_policy\" varchar,\n  \t\"is_featured\" boolean DEFAULT false,\n  \t\"badge\" \"enum_products_badge\",\n  \t\"meta_title\" varchar,\n  \t\"meta_image_id\" integer,\n  \t\"meta_description\" varchar,\n  \t\"generate_slug\" boolean DEFAULT true,\n  \t\"slug\" varchar,\n  \t\"updated_at\" timestamp(3) with time zone DEFAULT now() NOT NULL,\n  \t\"created_at\" timestamp(3) with time zone DEFAULT now() NOT NULL,\n  \t\"deleted_at\" timestamp(3) with time zone,\n  \t\"_status\" \"enum_products_status\" DEFAULT 'draft'\n  );\n  \n  CREATE TABLE \"products_rels\" (\n  \t\"id\" serial PRIMARY KEY NOT NULL,\n  \t\"order\" integer,\n  \t\"parent_id\" integer NOT NULL,\n  \t\"path\" varchar NOT NULL,\n  \t\"pages_id\" integer,\n  \t\"variant_types_id\" integer,\n  \t\"products_id\" integer,\n  \t\"categories_id\" integer\n  );\n  \n  CREATE TABLE \"_products_v_version_gallery\" (\n  \t\"_order\" integer NOT NULL,\n  \t\"_parent_id\" integer NOT NULL,\n  \t\"id\" serial PRIMARY KEY NOT NULL,\n  \t\"image_id\" integer,\n  \t\"variant_option_id\" integer,\n  \t\"_uuid\" varchar\n  );\n  \n  CREATE TABLE \"_products_v_blocks_cta_links\" (\n  \t\"_order\" integer NOT NULL,\n  \t\"_parent_id\" integer NOT NULL,\n  \t\"id\" serial PRIMARY KEY NOT NULL,\n  \t\"link_type\" \"enum__products_v_blocks_cta_links_link_type\" DEFAULT 'reference',\n  \t\"link_new_tab\" boolean,\n  \t\"link_url\" varchar,\n  \t\"link_label\" varchar,\n  \t\"link_appearance\" \"enum__products_v_blocks_cta_links_link_appearance\" DEFAULT 'default',\n  \t\"_uuid\" varchar\n  );\n  \n  CREATE TABLE \"_products_v_blocks_cta\" (\n  \t\"_order\" integer NOT NULL,\n  \t\"_parent_id\" integer NOT NULL,\n  \t\"_path\" text NOT NULL,\n  \t\"id\" serial PRIMARY KEY NOT NULL,\n  \t\"rich_text\" jsonb,\n  \t\"_uuid\" varchar,\n  \t\"block_name\" varchar\n  );\n  \n  CREATE TABLE \"_products_v_blocks_content_columns\" (\n  \t\"_order\" integer NOT NULL,\n  \t\"_parent_id\" integer NOT NULL,\n  \t\"id\" serial PRIMARY KEY NOT NULL,\n  \t\"size\" \"enum__products_v_blocks_content_columns_size\" DEFAULT 'oneThird',\n  \t\"rich_text\" jsonb,\n  \t\"enable_link\" boolean,\n  \t\"link_type\" \"enum__products_v_blocks_content_columns_link_type\" DEFAULT 'reference',\n  \t\"link_new_tab\" boolean,\n  \t\"link_url\" varchar,\n  \t\"link_label\" varchar,\n  \t\"link_appearance\" \"enum__products_v_blocks_content_columns_link_appearance\" DEFAULT 'default',\n  \t\"_uuid\" varchar\n  );\n  \n  CREATE TABLE \"_products_v_blocks_content\" (\n  \t\"_order\" integer NOT NULL,\n  \t\"_parent_id\" integer NOT NULL,\n  \t\"_path\" text NOT NULL,\n  \t\"id\" serial PRIMARY KEY NOT NULL,\n  \t\"_uuid\" varchar,\n  \t\"block_name\" varchar\n  );\n  \n  CREATE TABLE \"_products_v_blocks_media_block\" (\n  \t\"_order\" integer NOT NULL,\n  \t\"_parent_id\" integer NOT NULL,\n  \t\"_path\" text NOT NULL,\n  \t\"id\" serial PRIMARY KEY NOT NULL,\n  \t\"media_id\" integer,\n  \t\"_uuid\" varchar,\n  \t\"block_name\" varchar\n  );\n  \n  CREATE TABLE \"_products_v_version_included_files\" (\n  \t\"_order\" integer NOT NULL,\n  \t\"_parent_id\" integer NOT NULL,\n  \t\"id\" serial PRIMARY KEY NOT NULL,\n  \t\"label\" varchar,\n  \t\"format\" varchar,\n  \t\"size\" varchar,\n  \t\"_uuid\" varchar\n  );\n  \n  CREATE TABLE \"_products_v_version_product_f_a_q\" (\n  \t\"_order\" integer NOT NULL,\n  \t\"_parent_id\" integer NOT NULL,\n  \t\"id\" serial PRIMARY KEY NOT NULL,\n  \t\"question\" varchar,\n  \t\"answer\" varchar,\n  \t\"_uuid\" varchar\n  );\n  \n  CREATE TABLE \"_products_v\" (\n  \t\"id\" serial PRIMARY KEY NOT NULL,\n  \t\"parent_id\" integer,\n  \t\"version_title\" varchar,\n  \t\"version_short_description\" varchar,\n  \t\"version_description\" jsonb,\n  \t\"version_inventory\" numeric DEFAULT 0,\n  \t\"version_enable_variants\" boolean,\n  \t\"version_price_in_i_d_r_enabled\" boolean,\n  \t\"version_price_in_i_d_r\" numeric,\n  \t\"version_price_in_u_s_d_enabled\" boolean,\n  \t\"version_price_in_u_s_d\" numeric,\n  \t\"version_product_type\" \"enum__products_v_version_product_type\" DEFAULT 'digital',\n  \t\"version_license_type\" \"enum__products_v_version_license_type\" DEFAULT 'standard',\n  \t\"version_version\" varchar DEFAULT '1.0.0',\n  \t\"version_update_policy\" varchar,\n  \t\"version_refund_policy\" varchar,\n  \t\"version_is_featured\" boolean DEFAULT false,\n  \t\"version_badge\" \"enum__products_v_version_badge\",\n  \t\"version_meta_title\" varchar,\n  \t\"version_meta_image_id\" integer,\n  \t\"version_meta_description\" varchar,\n  \t\"version_generate_slug\" boolean DEFAULT true,\n  \t\"version_slug\" varchar,\n  \t\"version_updated_at\" timestamp(3) with time zone,\n  \t\"version_created_at\" timestamp(3) with time zone,\n  \t\"version_deleted_at\" timestamp(3) with time zone,\n  \t\"version__status\" \"enum__products_v_version_status\" DEFAULT 'draft',\n  \t\"created_at\" timestamp(3) with time zone DEFAULT now() NOT NULL,\n  \t\"updated_at\" timestamp(3) with time zone DEFAULT now() NOT NULL,\n  \t\"latest\" boolean,\n  \t\"autosave\" boolean\n  );\n  \n  CREATE TABLE \"_products_v_rels\" (\n  \t\"id\" serial PRIMARY KEY NOT NULL,\n  \t\"order\" integer,\n  \t\"parent_id\" integer NOT NULL,\n  \t\"path\" varchar NOT NULL,\n  \t\"pages_id\" integer,\n  \t\"variant_types_id\" integer,\n  \t\"products_id\" integer,\n  \t\"categories_id\" integer\n  );\n  \n  CREATE TABLE \"carts_items\" (\n  \t\"_order\" integer NOT NULL,\n  \t\"_parent_id\" integer NOT NULL,\n  \t\"id\" varchar PRIMARY KEY NOT NULL,\n  \t\"product_id\" integer,\n  \t\"variant_id\" integer,\n  \t\"quantity\" numeric DEFAULT 1 NOT NULL\n  );\n  \n  CREATE TABLE \"carts\" (\n  \t\"id\" serial PRIMARY KEY NOT NULL,\n  \t\"secret\" varchar,\n  \t\"customer_id\" integer,\n  \t\"purchased_at\" timestamp(3) with time zone,\n  \t\"subtotal\" numeric,\n  \t\"currency\" \"enum_carts_currency\" DEFAULT 'IDR',\n  \t\"updated_at\" timestamp(3) with time zone DEFAULT now() NOT NULL,\n  \t\"created_at\" timestamp(3) with time zone DEFAULT now() NOT NULL\n  );\n  \n  CREATE TABLE \"orders_items\" (\n  \t\"_order\" integer NOT NULL,\n  \t\"_parent_id\" integer NOT NULL,\n  \t\"id\" varchar PRIMARY KEY NOT NULL,\n  \t\"product_id\" integer,\n  \t\"variant_id\" integer,\n  \t\"quantity\" numeric DEFAULT 1 NOT NULL\n  );\n  \n  CREATE TABLE \"orders\" (\n  \t\"id\" serial PRIMARY KEY NOT NULL,\n  \t\"shipping_address_title\" varchar,\n  \t\"shipping_address_first_name\" varchar,\n  \t\"shipping_address_last_name\" varchar,\n  \t\"shipping_address_company\" varchar,\n  \t\"shipping_address_address_line1\" varchar,\n  \t\"shipping_address_address_line2\" varchar,\n  \t\"shipping_address_city\" varchar,\n  \t\"shipping_address_state\" varchar,\n  \t\"shipping_address_postal_code\" varchar,\n  \t\"shipping_address_country\" varchar,\n  \t\"shipping_address_phone\" varchar,\n  \t\"customer_id\" integer,\n  \t\"customer_email\" varchar,\n  \t\"status\" \"enum_orders_status\" DEFAULT 'processing',\n  \t\"amount\" numeric,\n  \t\"currency\" \"enum_orders_currency\" DEFAULT 'IDR',\n  \t\"access_token\" varchar,\n  \t\"updated_at\" timestamp(3) with time zone DEFAULT now() NOT NULL,\n  \t\"created_at\" timestamp(3) with time zone DEFAULT now() NOT NULL\n  );\n  \n  CREATE TABLE \"orders_rels\" (\n  \t\"id\" serial PRIMARY KEY NOT NULL,\n  \t\"order\" integer,\n  \t\"parent_id\" integer NOT NULL,\n  \t\"path\" varchar NOT NULL,\n  \t\"transactions_id\" integer\n  );\n  \n  CREATE TABLE \"transactions_items\" (\n  \t\"_order\" integer NOT NULL,\n  \t\"_parent_id\" integer NOT NULL,\n  \t\"id\" varchar PRIMARY KEY NOT NULL,\n  \t\"product_id\" integer,\n  \t\"variant_id\" integer,\n  \t\"quantity\" numeric DEFAULT 1 NOT NULL\n  );\n  \n  CREATE TABLE \"transactions\" (\n  \t\"id\" serial PRIMARY KEY NOT NULL,\n  \t\"payment_method\" \"enum_transactions_payment_method\",\n  \t\"pakasir_pakasir_order_i_d\" varchar,\n  \t\"billing_address_title\" varchar,\n  \t\"billing_address_first_name\" varchar,\n  \t\"billing_address_last_name\" varchar,\n  \t\"billing_address_company\" varchar,\n  \t\"billing_address_address_line1\" varchar,\n  \t\"billing_address_address_line2\" varchar,\n  \t\"billing_address_city\" varchar,\n  \t\"billing_address_state\" varchar,\n  \t\"billing_address_postal_code\" varchar,\n  \t\"billing_address_country\" varchar,\n  \t\"billing_address_phone\" varchar,\n  \t\"status\" \"enum_transactions_status\" DEFAULT 'pending' NOT NULL,\n  \t\"customer_id\" integer,\n  \t\"customer_email\" varchar,\n  \t\"order_id\" integer,\n  \t\"cart_id\" integer,\n  \t\"amount\" numeric,\n  \t\"currency\" \"enum_transactions_currency\" DEFAULT 'IDR',\n  \t\"updated_at\" timestamp(3) with time zone DEFAULT now() NOT NULL,\n  \t\"created_at\" timestamp(3) with time zone DEFAULT now() NOT NULL\n  );\n  \n  CREATE TABLE \"payload_kv\" (\n  \t\"id\" serial PRIMARY KEY NOT NULL,\n  \t\"key\" varchar NOT NULL,\n  \t\"data\" jsonb NOT NULL\n  );\n  \n  CREATE TABLE \"payload_locked_documents\" (\n  \t\"id\" serial PRIMARY KEY NOT NULL,\n  \t\"global_slug\" varchar,\n  \t\"updated_at\" timestamp(3) with time zone DEFAULT now() NOT NULL,\n  \t\"created_at\" timestamp(3) with time zone DEFAULT now() NOT NULL\n  );\n  \n  CREATE TABLE \"payload_locked_documents_rels\" (\n  \t\"id\" serial PRIMARY KEY NOT NULL,\n  \t\"order\" integer,\n  \t\"parent_id\" integer NOT NULL,\n  \t\"path\" varchar NOT NULL,\n  \t\"users_id\" integer,\n  \t\"pages_id\" integer,\n  \t\"categories_id\" integer,\n  \t\"media_id\" integer,\n  \t\"digital_assets_id\" integer,\n  \t\"download_access_id\" integer,\n  \t\"download_logs_id\" integer,\n  \t\"licenses_id\" integer,\n  \t\"payment_transactions_id\" integer,\n  \t\"coupons_id\" integer,\n  \t\"promo_banners_id\" integer,\n  \t\"testimonials_id\" integer,\n  \t\"support_tickets_id\" integer,\n  \t\"support_messages_id\" integer,\n  \t\"email_templates_id\" integer,\n  \t\"stock_reservations_id\" integer,\n  \t\"forms_id\" integer,\n  \t\"form_submissions_id\" integer,\n  \t\"addresses_id\" integer,\n  \t\"variants_id\" integer,\n  \t\"variant_types_id\" integer,\n  \t\"variant_options_id\" integer,\n  \t\"products_id\" integer,\n  \t\"carts_id\" integer,\n  \t\"orders_id\" integer,\n  \t\"transactions_id\" integer\n  );\n  \n  CREATE TABLE \"payload_preferences\" (\n  \t\"id\" serial PRIMARY KEY NOT NULL,\n  \t\"key\" varchar,\n  \t\"value\" jsonb,\n  \t\"updated_at\" timestamp(3) with time zone DEFAULT now() NOT NULL,\n  \t\"created_at\" timestamp(3) with time zone DEFAULT now() NOT NULL\n  );\n  \n  CREATE TABLE \"payload_preferences_rels\" (\n  \t\"id\" serial PRIMARY KEY NOT NULL,\n  \t\"order\" integer,\n  \t\"parent_id\" integer NOT NULL,\n  \t\"path\" varchar NOT NULL,\n  \t\"users_id\" integer\n  );\n  \n  CREATE TABLE \"payload_migrations\" (\n  \t\"id\" serial PRIMARY KEY NOT NULL,\n  \t\"name\" varchar,\n  \t\"batch\" numeric,\n  \t\"updated_at\" timestamp(3) with time zone DEFAULT now() NOT NULL,\n  \t\"created_at\" timestamp(3) with time zone DEFAULT now() NOT NULL\n  );\n  \n  CREATE TABLE \"header_nav_items\" (\n  \t\"_order\" integer NOT NULL,\n  \t\"_parent_id\" integer NOT NULL,\n  \t\"id\" varchar PRIMARY KEY NOT NULL,\n  \t\"link_type\" \"enum_header_nav_items_link_type\" DEFAULT 'reference',\n  \t\"link_new_tab\" boolean,\n  \t\"link_url\" varchar,\n  \t\"link_label\" varchar NOT NULL\n  );\n  \n  CREATE TABLE \"header\" (\n  \t\"id\" serial PRIMARY KEY NOT NULL,\n  \t\"updated_at\" timestamp(3) with time zone,\n  \t\"created_at\" timestamp(3) with time zone\n  );\n  \n  CREATE TABLE \"header_rels\" (\n  \t\"id\" serial PRIMARY KEY NOT NULL,\n  \t\"order\" integer,\n  \t\"parent_id\" integer NOT NULL,\n  \t\"path\" varchar NOT NULL,\n  \t\"pages_id\" integer\n  );\n  \n  CREATE TABLE \"footer_nav_items\" (\n  \t\"_order\" integer NOT NULL,\n  \t\"_parent_id\" integer NOT NULL,\n  \t\"id\" varchar PRIMARY KEY NOT NULL,\n  \t\"link_type\" \"enum_footer_nav_items_link_type\" DEFAULT 'reference',\n  \t\"link_new_tab\" boolean,\n  \t\"link_url\" varchar,\n  \t\"link_label\" varchar NOT NULL\n  );\n  \n  CREATE TABLE \"footer\" (\n  \t\"id\" serial PRIMARY KEY NOT NULL,\n  \t\"updated_at\" timestamp(3) with time zone,\n  \t\"created_at\" timestamp(3) with time zone\n  );\n  \n  CREATE TABLE \"footer_rels\" (\n  \t\"id\" serial PRIMARY KEY NOT NULL,\n  \t\"order\" integer,\n  \t\"parent_id\" integer NOT NULL,\n  \t\"path\" varchar NOT NULL,\n  \t\"pages_id\" integer\n  );\n  \n  CREATE TABLE \"settings_trust_badges_partner_logos\" (\n  \t\"_order\" integer NOT NULL,\n  \t\"_parent_id\" integer NOT NULL,\n  \t\"id\" varchar PRIMARY KEY NOT NULL,\n  \t\"logo_id\" integer NOT NULL,\n  \t\"name\" varchar NOT NULL\n  );\n  \n  CREATE TABLE \"settings\" (\n  \t\"id\" serial PRIMARY KEY NOT NULL,\n  \t\"store_name\" varchar DEFAULT 'Citra Commerce' NOT NULL,\n  \t\"logo_id\" integer,\n  \t\"favicon_id\" integer,\n  \t\"primary_color\" varchar DEFAULT '#111827',\n  \t\"support_email\" varchar,\n  \t\"payment_config\" jsonb,\n  \t\"email_config\" jsonb,\n  \t\"storage_config\" jsonb,\n  \t\"trust_badges_total_users\" varchar DEFAULT '10,000+',\n  \t\"trust_badges_satisfaction_rate\" varchar DEFAULT '99%',\n  \t\"trust_badges_support_availability\" varchar DEFAULT '24/7',\n  \t\"legal_pages_terms_page_id\" integer,\n  \t\"legal_pages_privacy_page_id\" integer,\n  \t\"legal_pages_refund_page_id\" integer,\n  \t\"updated_at\" timestamp(3) with time zone,\n  \t\"created_at\" timestamp(3) with time zone\n  );\n  \n  ALTER TABLE \"users_roles\" ADD CONSTRAINT \"users_roles_parent_fk\" FOREIGN KEY (\"parent_id\") REFERENCES \"public\".\"users\"(\"id\") ON DELETE cascade ON UPDATE no action;\n  ALTER TABLE \"users_sessions\" ADD CONSTRAINT \"users_sessions_parent_id_fk\" FOREIGN KEY (\"_parent_id\") REFERENCES \"public\".\"users\"(\"id\") ON DELETE cascade ON UPDATE no action;\n  ALTER TABLE \"users\" ADD CONSTRAINT \"users_avatar_id_media_id_fk\" FOREIGN KEY (\"avatar_id\") REFERENCES \"public\".\"media\"(\"id\") ON DELETE set null ON UPDATE no action;\n  ALTER TABLE \"pages_hero_links\" ADD CONSTRAINT \"pages_hero_links_parent_id_fk\" FOREIGN KEY (\"_parent_id\") REFERENCES \"public\".\"pages\"(\"id\") ON DELETE cascade ON UPDATE no action;\n  ALTER TABLE \"pages_blocks_cta_links\" ADD CONSTRAINT \"pages_blocks_cta_links_parent_id_fk\" FOREIGN KEY (\"_parent_id\") REFERENCES \"public\".\"pages_blocks_cta\"(\"id\") ON DELETE cascade ON UPDATE no action;\n  ALTER TABLE \"pages_blocks_cta\" ADD CONSTRAINT \"pages_blocks_cta_parent_id_fk\" FOREIGN KEY (\"_parent_id\") REFERENCES \"public\".\"pages\"(\"id\") ON DELETE cascade ON UPDATE no action;\n  ALTER TABLE \"pages_blocks_content_columns\" ADD CONSTRAINT \"pages_blocks_content_columns_parent_id_fk\" FOREIGN KEY (\"_parent_id\") REFERENCES \"public\".\"pages_blocks_content\"(\"id\") ON DELETE cascade ON UPDATE no action;\n  ALTER TABLE \"pages_blocks_content\" ADD CONSTRAINT \"pages_blocks_content_parent_id_fk\" FOREIGN KEY (\"_parent_id\") REFERENCES \"public\".\"pages\"(\"id\") ON DELETE cascade ON UPDATE no action;\n  ALTER TABLE \"pages_blocks_media_block\" ADD CONSTRAINT \"pages_blocks_media_block_media_id_media_id_fk\" FOREIGN KEY (\"media_id\") REFERENCES \"public\".\"media\"(\"id\") ON DELETE set null ON UPDATE no action;\n  ALTER TABLE \"pages_blocks_media_block\" ADD CONSTRAINT \"pages_blocks_media_block_parent_id_fk\" FOREIGN KEY (\"_parent_id\") REFERENCES \"public\".\"pages\"(\"id\") ON DELETE cascade ON UPDATE no action;\n  ALTER TABLE \"pages_blocks_archive\" ADD CONSTRAINT \"pages_blocks_archive_parent_id_fk\" FOREIGN KEY (\"_parent_id\") REFERENCES \"public\".\"pages\"(\"id\") ON DELETE cascade ON UPDATE no action;\n  ALTER TABLE \"pages_blocks_carousel\" ADD CONSTRAINT \"pages_blocks_carousel_parent_id_fk\" FOREIGN KEY (\"_parent_id\") REFERENCES \"public\".\"pages\"(\"id\") ON DELETE cascade ON UPDATE no action;\n  ALTER TABLE \"pages_blocks_three_item_grid\" ADD CONSTRAINT \"pages_blocks_three_item_grid_parent_id_fk\" FOREIGN KEY (\"_parent_id\") REFERENCES \"public\".\"pages\"(\"id\") ON DELETE cascade ON UPDATE no action;\n  ALTER TABLE \"pages_blocks_banner\" ADD CONSTRAINT \"pages_blocks_banner_parent_id_fk\" FOREIGN KEY (\"_parent_id\") REFERENCES \"public\".\"pages\"(\"id\") ON DELETE cascade ON UPDATE no action;\n  ALTER TABLE \"pages_blocks_form_block\" ADD CONSTRAINT \"pages_blocks_form_block_form_id_forms_id_fk\" FOREIGN KEY (\"form_id\") REFERENCES \"public\".\"forms\"(\"id\") ON DELETE set null ON UPDATE no action;\n  ALTER TABLE \"pages_blocks_form_block\" ADD CONSTRAINT \"pages_blocks_form_block_parent_id_fk\" FOREIGN KEY (\"_parent_id\") REFERENCES \"public\".\"pages\"(\"id\") ON DELETE cascade ON UPDATE no action;\n  ALTER TABLE \"pages\" ADD CONSTRAINT \"pages_hero_media_id_media_id_fk\" FOREIGN KEY (\"hero_media_id\") REFERENCES \"public\".\"media\"(\"id\") ON DELETE set null ON UPDATE no action;\n  ALTER TABLE \"pages\" ADD CONSTRAINT \"pages_meta_image_id_media_id_fk\" FOREIGN KEY (\"meta_image_id\") REFERENCES \"public\".\"media\"(\"id\") ON DELETE set null ON UPDATE no action;\n  ALTER TABLE \"pages_rels\" ADD CONSTRAINT \"pages_rels_parent_fk\" FOREIGN KEY (\"parent_id\") REFERENCES \"public\".\"pages\"(\"id\") ON DELETE cascade ON UPDATE no action;\n  ALTER TABLE \"pages_rels\" ADD CONSTRAINT \"pages_rels_pages_fk\" FOREIGN KEY (\"pages_id\") REFERENCES \"public\".\"pages\"(\"id\") ON DELETE cascade ON UPDATE no action;\n  ALTER TABLE \"pages_rels\" ADD CONSTRAINT \"pages_rels_categories_fk\" FOREIGN KEY (\"categories_id\") REFERENCES \"public\".\"categories\"(\"id\") ON DELETE cascade ON UPDATE no action;\n  ALTER TABLE \"pages_rels\" ADD CONSTRAINT \"pages_rels_products_fk\" FOREIGN KEY (\"products_id\") REFERENCES \"public\".\"products\"(\"id\") ON DELETE cascade ON UPDATE no action;\n  ALTER TABLE \"_pages_v_version_hero_links\" ADD CONSTRAINT \"_pages_v_version_hero_links_parent_id_fk\" FOREIGN KEY (\"_parent_id\") REFERENCES \"public\".\"_pages_v\"(\"id\") ON DELETE cascade ON UPDATE no action;\n  ALTER TABLE \"_pages_v_blocks_cta_links\" ADD CONSTRAINT \"_pages_v_blocks_cta_links_parent_id_fk\" FOREIGN KEY (\"_parent_id\") REFERENCES \"public\".\"_pages_v_blocks_cta\"(\"id\") ON DELETE cascade ON UPDATE no action;\n  ALTER TABLE \"_pages_v_blocks_cta\" ADD CONSTRAINT \"_pages_v_blocks_cta_parent_id_fk\" FOREIGN KEY (\"_parent_id\") REFERENCES \"public\".\"_pages_v\"(\"id\") ON DELETE cascade ON UPDATE no action;\n  ALTER TABLE \"_pages_v_blocks_content_columns\" ADD CONSTRAINT \"_pages_v_blocks_content_columns_parent_id_fk\" FOREIGN KEY (\"_parent_id\") REFERENCES \"public\".\"_pages_v_blocks_content\"(\"id\") ON DELETE cascade ON UPDATE no action;\n  ALTER TABLE \"_pages_v_blocks_content\" ADD CONSTRAINT \"_pages_v_blocks_content_parent_id_fk\" FOREIGN KEY (\"_parent_id\") REFERENCES \"public\".\"_pages_v\"(\"id\") ON DELETE cascade ON UPDATE no action;\n  ALTER TABLE \"_pages_v_blocks_media_block\" ADD CONSTRAINT \"_pages_v_blocks_media_block_media_id_media_id_fk\" FOREIGN KEY (\"media_id\") REFERENCES \"public\".\"media\"(\"id\") ON DELETE set null ON UPDATE no action;\n  ALTER TABLE \"_pages_v_blocks_media_block\" ADD CONSTRAINT \"_pages_v_blocks_media_block_parent_id_fk\" FOREIGN KEY (\"_parent_id\") REFERENCES \"public\".\"_pages_v\"(\"id\") ON DELETE cascade ON UPDATE no action;\n  ALTER TABLE \"_pages_v_blocks_archive\" ADD CONSTRAINT \"_pages_v_blocks_archive_parent_id_fk\" FOREIGN KEY (\"_parent_id\") REFERENCES \"public\".\"_pages_v\"(\"id\") ON DELETE cascade ON UPDATE no action;\n  ALTER TABLE \"_pages_v_blocks_carousel\" ADD CONSTRAINT \"_pages_v_blocks_carousel_parent_id_fk\" FOREIGN KEY (\"_parent_id\") REFERENCES \"public\".\"_pages_v\"(\"id\") ON DELETE cascade ON UPDATE no action;\n  ALTER TABLE \"_pages_v_blocks_three_item_grid\" ADD CONSTRAINT \"_pages_v_blocks_three_item_grid_parent_id_fk\" FOREIGN KEY (\"_parent_id\") REFERENCES \"public\".\"_pages_v\"(\"id\") ON DELETE cascade ON UPDATE no action;\n  ALTER TABLE \"_pages_v_blocks_banner\" ADD CONSTRAINT \"_pages_v_blocks_banner_parent_id_fk\" FOREIGN KEY (\"_parent_id\") REFERENCES \"public\".\"_pages_v\"(\"id\") ON DELETE cascade ON UPDATE no action;\n  ALTER TABLE \"_pages_v_blocks_form_block\" ADD CONSTRAINT \"_pages_v_blocks_form_block_form_id_forms_id_fk\" FOREIGN KEY (\"form_id\") REFERENCES \"public\".\"forms\"(\"id\") ON DELETE set null ON UPDATE no action;\n  ALTER TABLE \"_pages_v_blocks_form_block\" ADD CONSTRAINT \"_pages_v_blocks_form_block_parent_id_fk\" FOREIGN KEY (\"_parent_id\") REFERENCES \"public\".\"_pages_v\"(\"id\") ON DELETE cascade ON UPDATE no action;\n  ALTER TABLE \"_pages_v\" ADD CONSTRAINT \"_pages_v_parent_id_pages_id_fk\" FOREIGN KEY (\"parent_id\") REFERENCES \"public\".\"pages\"(\"id\") ON DELETE set null ON UPDATE no action;\n  ALTER TABLE \"_pages_v\" ADD CONSTRAINT \"_pages_v_version_hero_media_id_media_id_fk\" FOREIGN KEY (\"version_hero_media_id\") REFERENCES \"public\".\"media\"(\"id\") ON DELETE set null ON UPDATE no action;\n  ALTER TABLE \"_pages_v\" ADD CONSTRAINT \"_pages_v_version_meta_image_id_media_id_fk\" FOREIGN KEY (\"version_meta_image_id\") REFERENCES \"public\".\"media\"(\"id\") ON DELETE set null ON UPDATE no action;\n  ALTER TABLE \"_pages_v_rels\" ADD CONSTRAINT \"_pages_v_rels_parent_fk\" FOREIGN KEY (\"parent_id\") REFERENCES \"public\".\"_pages_v\"(\"id\") ON DELETE cascade ON UPDATE no action;\n  ALTER TABLE \"_pages_v_rels\" ADD CONSTRAINT \"_pages_v_rels_pages_fk\" FOREIGN KEY (\"pages_id\") REFERENCES \"public\".\"pages\"(\"id\") ON DELETE cascade ON UPDATE no action;\n  ALTER TABLE \"_pages_v_rels\" ADD CONSTRAINT \"_pages_v_rels_categories_fk\" FOREIGN KEY (\"categories_id\") REFERENCES \"public\".\"categories\"(\"id\") ON DELETE cascade ON UPDATE no action;\n  ALTER TABLE \"_pages_v_rels\" ADD CONSTRAINT \"_pages_v_rels_products_fk\" FOREIGN KEY (\"products_id\") REFERENCES \"public\".\"products\"(\"id\") ON DELETE cascade ON UPDATE no action;\n  ALTER TABLE \"digital_assets\" ADD CONSTRAINT \"digital_assets_product_id_products_id_fk\" FOREIGN KEY (\"product_id\") REFERENCES \"public\".\"products\"(\"id\") ON DELETE set null ON UPDATE no action;\n  ALTER TABLE \"digital_assets\" ADD CONSTRAINT \"digital_assets_file_id_media_id_fk\" FOREIGN KEY (\"file_id\") REFERENCES \"public\".\"media\"(\"id\") ON DELETE set null ON UPDATE no action;\n  ALTER TABLE \"download_access\" ADD CONSTRAINT \"download_access_customer_id_users_id_fk\" FOREIGN KEY (\"customer_id\") REFERENCES \"public\".\"users\"(\"id\") ON DELETE set null ON UPDATE no action;\n  ALTER TABLE \"download_access\" ADD CONSTRAINT \"download_access_product_id_products_id_fk\" FOREIGN KEY (\"product_id\") REFERENCES \"public\".\"products\"(\"id\") ON DELETE set null ON UPDATE no action;\n  ALTER TABLE \"download_access\" ADD CONSTRAINT \"download_access_order_id_orders_id_fk\" FOREIGN KEY (\"order_id\") REFERENCES \"public\".\"orders\"(\"id\") ON DELETE set null ON UPDATE no action;\n  ALTER TABLE \"download_access\" ADD CONSTRAINT \"download_access_asset_id_digital_assets_id_fk\" FOREIGN KEY (\"asset_id\") REFERENCES \"public\".\"digital_assets\"(\"id\") ON DELETE set null ON UPDATE no action;\n  ALTER TABLE \"download_logs\" ADD CONSTRAINT \"download_logs_customer_id_users_id_fk\" FOREIGN KEY (\"customer_id\") REFERENCES \"public\".\"users\"(\"id\") ON DELETE set null ON UPDATE no action;\n  ALTER TABLE \"download_logs\" ADD CONSTRAINT \"download_logs_product_id_products_id_fk\" FOREIGN KEY (\"product_id\") REFERENCES \"public\".\"products\"(\"id\") ON DELETE set null ON UPDATE no action;\n  ALTER TABLE \"download_logs\" ADD CONSTRAINT \"download_logs_asset_id_digital_assets_id_fk\" FOREIGN KEY (\"asset_id\") REFERENCES \"public\".\"digital_assets\"(\"id\") ON DELETE set null ON UPDATE no action;\n  ALTER TABLE \"download_logs\" ADD CONSTRAINT \"download_logs_order_id_orders_id_fk\" FOREIGN KEY (\"order_id\") REFERENCES \"public\".\"orders\"(\"id\") ON DELETE set null ON UPDATE no action;\n  ALTER TABLE \"licenses\" ADD CONSTRAINT \"licenses_customer_id_users_id_fk\" FOREIGN KEY (\"customer_id\") REFERENCES \"public\".\"users\"(\"id\") ON DELETE set null ON UPDATE no action;\n  ALTER TABLE \"licenses\" ADD CONSTRAINT \"licenses_product_id_products_id_fk\" FOREIGN KEY (\"product_id\") REFERENCES \"public\".\"products\"(\"id\") ON DELETE set null ON UPDATE no action;\n  ALTER TABLE \"licenses\" ADD CONSTRAINT \"licenses_order_id_orders_id_fk\" FOREIGN KEY (\"order_id\") REFERENCES \"public\".\"orders\"(\"id\") ON DELETE set null ON UPDATE no action;\n  ALTER TABLE \"payment_transactions\" ADD CONSTRAINT \"payment_transactions_order_id_orders_id_fk\" FOREIGN KEY (\"order_id\") REFERENCES \"public\".\"orders\"(\"id\") ON DELETE set null ON UPDATE no action;\n  ALTER TABLE \"payment_transactions\" ADD CONSTRAINT \"payment_transactions_customer_id_users_id_fk\" FOREIGN KEY (\"customer_id\") REFERENCES \"public\".\"users\"(\"id\") ON DELETE set null ON UPDATE no action;\n  ALTER TABLE \"promo_banners\" ADD CONSTRAINT \"promo_banners_image_id_media_id_fk\" FOREIGN KEY (\"image_id\") REFERENCES \"public\".\"media\"(\"id\") ON DELETE set null ON UPDATE no action;\n  ALTER TABLE \"testimonials\" ADD CONSTRAINT \"testimonials_avatar_id_media_id_fk\" FOREIGN KEY (\"avatar_id\") REFERENCES \"public\".\"media\"(\"id\") ON DELETE set null ON UPDATE no action;\n  ALTER TABLE \"support_tickets\" ADD CONSTRAINT \"support_tickets_customer_id_users_id_fk\" FOREIGN KEY (\"customer_id\") REFERENCES \"public\".\"users\"(\"id\") ON DELETE set null ON UPDATE no action;\n  ALTER TABLE \"support_tickets\" ADD CONSTRAINT \"support_tickets_related_order_id_orders_id_fk\" FOREIGN KEY (\"related_order_id\") REFERENCES \"public\".\"orders\"(\"id\") ON DELETE set null ON UPDATE no action;\n  ALTER TABLE \"support_tickets\" ADD CONSTRAINT \"support_tickets_related_product_id_products_id_fk\" FOREIGN KEY (\"related_product_id\") REFERENCES \"public\".\"products\"(\"id\") ON DELETE set null ON UPDATE no action;\n  ALTER TABLE \"support_tickets\" ADD CONSTRAINT \"support_tickets_assigned_to_id_users_id_fk\" FOREIGN KEY (\"assigned_to_id\") REFERENCES \"public\".\"users\"(\"id\") ON DELETE set null ON UPDATE no action;\n  ALTER TABLE \"support_messages_attachments\" ADD CONSTRAINT \"support_messages_attachments_file_id_media_id_fk\" FOREIGN KEY (\"file_id\") REFERENCES \"public\".\"media\"(\"id\") ON DELETE set null ON UPDATE no action;\n  ALTER TABLE \"support_messages_attachments\" ADD CONSTRAINT \"support_messages_attachments_parent_id_fk\" FOREIGN KEY (\"_parent_id\") REFERENCES \"public\".\"support_messages\"(\"id\") ON DELETE cascade ON UPDATE no action;\n  ALTER TABLE \"support_messages\" ADD CONSTRAINT \"support_messages_ticket_id_support_tickets_id_fk\" FOREIGN KEY (\"ticket_id\") REFERENCES \"public\".\"support_tickets\"(\"id\") ON DELETE set null ON UPDATE no action;\n  ALTER TABLE \"support_messages\" ADD CONSTRAINT \"support_messages_sender_id_users_id_fk\" FOREIGN KEY (\"sender_id\") REFERENCES \"public\".\"users\"(\"id\") ON DELETE set null ON UPDATE no action;\n  ALTER TABLE \"stock_reservations\" ADD CONSTRAINT \"stock_reservations_product_id_products_id_fk\" FOREIGN KEY (\"product_id\") REFERENCES \"public\".\"products\"(\"id\") ON DELETE set null ON UPDATE no action;\n  ALTER TABLE \"stock_reservations\" ADD CONSTRAINT \"stock_reservations_order_id_orders_id_fk\" FOREIGN KEY (\"order_id\") REFERENCES \"public\".\"orders\"(\"id\") ON DELETE set null ON UPDATE no action;\n  ALTER TABLE \"stock_reservations\" ADD CONSTRAINT \"stock_reservations_customer_id_users_id_fk\" FOREIGN KEY (\"customer_id\") REFERENCES \"public\".\"users\"(\"id\") ON DELETE set null ON UPDATE no action;\n  ALTER TABLE \"forms_blocks_checkbox\" ADD CONSTRAINT \"forms_blocks_checkbox_parent_id_fk\" FOREIGN KEY (\"_parent_id\") REFERENCES \"public\".\"forms\"(\"id\") ON DELETE cascade ON UPDATE no action;\n  ALTER TABLE \"forms_blocks_country\" ADD CONSTRAINT \"forms_blocks_country_parent_id_fk\" FOREIGN KEY (\"_parent_id\") REFERENCES \"public\".\"forms\"(\"id\") ON DELETE cascade ON UPDATE no action;\n  ALTER TABLE \"forms_blocks_email\" ADD CONSTRAINT \"forms_blocks_email_parent_id_fk\" FOREIGN KEY (\"_parent_id\") REFERENCES \"public\".\"forms\"(\"id\") ON DELETE cascade ON UPDATE no action;\n  ALTER TABLE \"forms_blocks_message\" ADD CONSTRAINT \"forms_blocks_message_parent_id_fk\" FOREIGN KEY (\"_parent_id\") REFERENCES \"public\".\"forms\"(\"id\") ON DELETE cascade ON UPDATE no action;\n  ALTER TABLE \"forms_blocks_number\" ADD CONSTRAINT \"forms_blocks_number_parent_id_fk\" FOREIGN KEY (\"_parent_id\") REFERENCES \"public\".\"forms\"(\"id\") ON DELETE cascade ON UPDATE no action;\n  ALTER TABLE \"forms_blocks_select_options\" ADD CONSTRAINT \"forms_blocks_select_options_parent_id_fk\" FOREIGN KEY (\"_parent_id\") REFERENCES \"public\".\"forms_blocks_select\"(\"id\") ON DELETE cascade ON UPDATE no action;\n  ALTER TABLE \"forms_blocks_select\" ADD CONSTRAINT \"forms_blocks_select_parent_id_fk\" FOREIGN KEY (\"_parent_id\") REFERENCES \"public\".\"forms\"(\"id\") ON DELETE cascade ON UPDATE no action;\n  ALTER TABLE \"forms_blocks_state\" ADD CONSTRAINT \"forms_blocks_state_parent_id_fk\" FOREIGN KEY (\"_parent_id\") REFERENCES \"public\".\"forms\"(\"id\") ON DELETE cascade ON UPDATE no action;\n  ALTER TABLE \"forms_blocks_text\" ADD CONSTRAINT \"forms_blocks_text_parent_id_fk\" FOREIGN KEY (\"_parent_id\") REFERENCES \"public\".\"forms\"(\"id\") ON DELETE cascade ON UPDATE no action;\n  ALTER TABLE \"forms_blocks_textarea\" ADD CONSTRAINT \"forms_blocks_textarea_parent_id_fk\" FOREIGN KEY (\"_parent_id\") REFERENCES \"public\".\"forms\"(\"id\") ON DELETE cascade ON UPDATE no action;\n  ALTER TABLE \"forms_emails\" ADD CONSTRAINT \"forms_emails_parent_id_fk\" FOREIGN KEY (\"_parent_id\") REFERENCES \"public\".\"forms\"(\"id\") ON DELETE cascade ON UPDATE no action;\n  ALTER TABLE \"form_submissions_submission_data\" ADD CONSTRAINT \"form_submissions_submission_data_parent_id_fk\" FOREIGN KEY (\"_parent_id\") REFERENCES \"public\".\"form_submissions\"(\"id\") ON DELETE cascade ON UPDATE no action;\n  ALTER TABLE \"form_submissions\" ADD CONSTRAINT \"form_submissions_form_id_forms_id_fk\" FOREIGN KEY (\"form_id\") REFERENCES \"public\".\"forms\"(\"id\") ON DELETE set null ON UPDATE no action;\n  ALTER TABLE \"addresses\" ADD CONSTRAINT \"addresses_customer_id_users_id_fk\" FOREIGN KEY (\"customer_id\") REFERENCES \"public\".\"users\"(\"id\") ON DELETE set null ON UPDATE no action;\n  ALTER TABLE \"variants\" ADD CONSTRAINT \"variants_product_id_products_id_fk\" FOREIGN KEY (\"product_id\") REFERENCES \"public\".\"products\"(\"id\") ON DELETE set null ON UPDATE no action;\n  ALTER TABLE \"variants_rels\" ADD CONSTRAINT \"variants_rels_parent_fk\" FOREIGN KEY (\"parent_id\") REFERENCES \"public\".\"variants\"(\"id\") ON DELETE cascade ON UPDATE no action;\n  ALTER TABLE \"variants_rels\" ADD CONSTRAINT \"variants_rels_variant_options_fk\" FOREIGN KEY (\"variant_options_id\") REFERENCES \"public\".\"variant_options\"(\"id\") ON DELETE cascade ON UPDATE no action;\n  ALTER TABLE \"_variants_v\" ADD CONSTRAINT \"_variants_v_parent_id_variants_id_fk\" FOREIGN KEY (\"parent_id\") REFERENCES \"public\".\"variants\"(\"id\") ON DELETE set null ON UPDATE no action;\n  ALTER TABLE \"_variants_v\" ADD CONSTRAINT \"_variants_v_version_product_id_products_id_fk\" FOREIGN KEY (\"version_product_id\") REFERENCES \"public\".\"products\"(\"id\") ON DELETE set null ON UPDATE no action;\n  ALTER TABLE \"_variants_v_rels\" ADD CONSTRAINT \"_variants_v_rels_parent_fk\" FOREIGN KEY (\"parent_id\") REFERENCES \"public\".\"_variants_v\"(\"id\") ON DELETE cascade ON UPDATE no action;\n  ALTER TABLE \"_variants_v_rels\" ADD CONSTRAINT \"_variants_v_rels_variant_options_fk\" FOREIGN KEY (\"variant_options_id\") REFERENCES \"public\".\"variant_options\"(\"id\") ON DELETE cascade ON UPDATE no action;\n  ALTER TABLE \"variant_options\" ADD CONSTRAINT \"variant_options_variant_type_id_variant_types_id_fk\" FOREIGN KEY (\"variant_type_id\") REFERENCES \"public\".\"variant_types\"(\"id\") ON DELETE set null ON UPDATE no action;\n  ALTER TABLE \"products_gallery\" ADD CONSTRAINT \"products_gallery_image_id_media_id_fk\" FOREIGN KEY (\"image_id\") REFERENCES \"public\".\"media\"(\"id\") ON DELETE set null ON UPDATE no action;\n  ALTER TABLE \"products_gallery\" ADD CONSTRAINT \"products_gallery_variant_option_id_variant_options_id_fk\" FOREIGN KEY (\"variant_option_id\") REFERENCES \"public\".\"variant_options\"(\"id\") ON DELETE set null ON UPDATE no action;\n  ALTER TABLE \"products_gallery\" ADD CONSTRAINT \"products_gallery_parent_id_fk\" FOREIGN KEY (\"_parent_id\") REFERENCES \"public\".\"products\"(\"id\") ON DELETE cascade ON UPDATE no action;\n  ALTER TABLE \"products_blocks_cta_links\" ADD CONSTRAINT \"products_blocks_cta_links_parent_id_fk\" FOREIGN KEY (\"_parent_id\") REFERENCES \"public\".\"products_blocks_cta\"(\"id\") ON DELETE cascade ON UPDATE no action;\n  ALTER TABLE \"products_blocks_cta\" ADD CONSTRAINT \"products_blocks_cta_parent_id_fk\" FOREIGN KEY (\"_parent_id\") REFERENCES \"public\".\"products\"(\"id\") ON DELETE cascade ON UPDATE no action;\n  ALTER TABLE \"products_blocks_content_columns\" ADD CONSTRAINT \"products_blocks_content_columns_parent_id_fk\" FOREIGN KEY (\"_parent_id\") REFERENCES \"public\".\"products_blocks_content\"(\"id\") ON DELETE cascade ON UPDATE no action;\n  ALTER TABLE \"products_blocks_content\" ADD CONSTRAINT \"products_blocks_content_parent_id_fk\" FOREIGN KEY (\"_parent_id\") REFERENCES \"public\".\"products\"(\"id\") ON DELETE cascade ON UPDATE no action;\n  ALTER TABLE \"products_blocks_media_block\" ADD CONSTRAINT \"products_blocks_media_block_media_id_media_id_fk\" FOREIGN KEY (\"media_id\") REFERENCES \"public\".\"media\"(\"id\") ON DELETE set null ON UPDATE no action;\n  ALTER TABLE \"products_blocks_media_block\" ADD CONSTRAINT \"products_blocks_media_block_parent_id_fk\" FOREIGN KEY (\"_parent_id\") REFERENCES \"public\".\"products\"(\"id\") ON DELETE cascade ON UPDATE no action;\n  ALTER TABLE \"products_included_files\" ADD CONSTRAINT \"products_included_files_parent_id_fk\" FOREIGN KEY (\"_parent_id\") REFERENCES \"public\".\"products\"(\"id\") ON DELETE cascade ON UPDATE no action;\n  ALTER TABLE \"products_product_f_a_q\" ADD CONSTRAINT \"products_product_f_a_q_parent_id_fk\" FOREIGN KEY (\"_parent_id\") REFERENCES \"public\".\"products\"(\"id\") ON DELETE cascade ON UPDATE no action;\n  ALTER TABLE \"products\" ADD CONSTRAINT \"products_meta_image_id_media_id_fk\" FOREIGN KEY (\"meta_image_id\") REFERENCES \"public\".\"media\"(\"id\") ON DELETE set null ON UPDATE no action;\n  ALTER TABLE \"products_rels\" ADD CONSTRAINT \"products_rels_parent_fk\" FOREIGN KEY (\"parent_id\") REFERENCES \"public\".\"products\"(\"id\") ON DELETE cascade ON UPDATE no action;\n  ALTER TABLE \"products_rels\" ADD CONSTRAINT \"products_rels_pages_fk\" FOREIGN KEY (\"pages_id\") REFERENCES \"public\".\"pages\"(\"id\") ON DELETE cascade ON UPDATE no action;\n  ALTER TABLE \"products_rels\" ADD CONSTRAINT \"products_rels_variant_types_fk\" FOREIGN KEY (\"variant_types_id\") REFERENCES \"public\".\"variant_types\"(\"id\") ON DELETE cascade ON UPDATE no action;\n  ALTER TABLE \"products_rels\" ADD CONSTRAINT \"products_rels_products_fk\" FOREIGN KEY (\"products_id\") REFERENCES \"public\".\"products\"(\"id\") ON DELETE cascade ON UPDATE no action;\n  ALTER TABLE \"products_rels\" ADD CONSTRAINT \"products_rels_categories_fk\" FOREIGN KEY (\"categories_id\") REFERENCES \"public\".\"categories\"(\"id\") ON DELETE cascade ON UPDATE no action;\n  ALTER TABLE \"_products_v_version_gallery\" ADD CONSTRAINT \"_products_v_version_gallery_image_id_media_id_fk\" FOREIGN KEY (\"image_id\") REFERENCES \"public\".\"media\"(\"id\") ON DELETE set null ON UPDATE no action;\n  ALTER TABLE \"_products_v_version_gallery\" ADD CONSTRAINT \"_products_v_version_gallery_variant_option_id_variant_options_id_fk\" FOREIGN KEY (\"variant_option_id\") REFERENCES \"public\".\"variant_options\"(\"id\") ON DELETE set null ON UPDATE no action;\n  ALTER TABLE \"_products_v_version_gallery\" ADD CONSTRAINT \"_products_v_version_gallery_parent_id_fk\" FOREIGN KEY (\"_parent_id\") REFERENCES \"public\".\"_products_v\"(\"id\") ON DELETE cascade ON UPDATE no action;\n  ALTER TABLE \"_products_v_blocks_cta_links\" ADD CONSTRAINT \"_products_v_blocks_cta_links_parent_id_fk\" FOREIGN KEY (\"_parent_id\") REFERENCES \"public\".\"_products_v_blocks_cta\"(\"id\") ON DELETE cascade ON UPDATE no action;\n  ALTER TABLE \"_products_v_blocks_cta\" ADD CONSTRAINT \"_products_v_blocks_cta_parent_id_fk\" FOREIGN KEY (\"_parent_id\") REFERENCES \"public\".\"_products_v\"(\"id\") ON DELETE cascade ON UPDATE no action;\n  ALTER TABLE \"_products_v_blocks_content_columns\" ADD CONSTRAINT \"_products_v_blocks_content_columns_parent_id_fk\" FOREIGN KEY (\"_parent_id\") REFERENCES \"public\".\"_products_v_blocks_content\"(\"id\") ON DELETE cascade ON UPDATE no action;\n  ALTER TABLE \"_products_v_blocks_content\" ADD CONSTRAINT \"_products_v_blocks_content_parent_id_fk\" FOREIGN KEY (\"_parent_id\") REFERENCES \"public\".\"_products_v\"(\"id\") ON DELETE cascade ON UPDATE no action;\n  ALTER TABLE \"_products_v_blocks_media_block\" ADD CONSTRAINT \"_products_v_blocks_media_block_media_id_media_id_fk\" FOREIGN KEY (\"media_id\") REFERENCES \"public\".\"media\"(\"id\") ON DELETE set null ON UPDATE no action;\n  ALTER TABLE \"_products_v_blocks_media_block\" ADD CONSTRAINT \"_products_v_blocks_media_block_parent_id_fk\" FOREIGN KEY (\"_parent_id\") REFERENCES \"public\".\"_products_v\"(\"id\") ON DELETE cascade ON UPDATE no action;\n  ALTER TABLE \"_products_v_version_included_files\" ADD CONSTRAINT \"_products_v_version_included_files_parent_id_fk\" FOREIGN KEY (\"_parent_id\") REFERENCES \"public\".\"_products_v\"(\"id\") ON DELETE cascade ON UPDATE no action;\n  ALTER TABLE \"_products_v_version_product_f_a_q\" ADD CONSTRAINT \"_products_v_version_product_f_a_q_parent_id_fk\" FOREIGN KEY (\"_parent_id\") REFERENCES \"public\".\"_products_v\"(\"id\") ON DELETE cascade ON UPDATE no action;\n  ALTER TABLE \"_products_v\" ADD CONSTRAINT \"_products_v_parent_id_products_id_fk\" FOREIGN KEY (\"parent_id\") REFERENCES \"public\".\"products\"(\"id\") ON DELETE set null ON UPDATE no action;\n  ALTER TABLE \"_products_v\" ADD CONSTRAINT \"_products_v_version_meta_image_id_media_id_fk\" FOREIGN KEY (\"version_meta_image_id\") REFERENCES \"public\".\"media\"(\"id\") ON DELETE set null ON UPDATE no action;\n  ALTER TABLE \"_products_v_rels\" ADD CONSTRAINT \"_products_v_rels_parent_fk\" FOREIGN KEY (\"parent_id\") REFERENCES \"public\".\"_products_v\"(\"id\") ON DELETE cascade ON UPDATE no action;\n  ALTER TABLE \"_products_v_rels\" ADD CONSTRAINT \"_products_v_rels_pages_fk\" FOREIGN KEY (\"pages_id\") REFERENCES \"public\".\"pages\"(\"id\") ON DELETE cascade ON UPDATE no action;\n  ALTER TABLE \"_products_v_rels\" ADD CONSTRAINT \"_products_v_rels_variant_types_fk\" FOREIGN KEY (\"variant_types_id\") REFERENCES \"public\".\"variant_types\"(\"id\") ON DELETE cascade ON UPDATE no action;\n  ALTER TABLE \"_products_v_rels\" ADD CONSTRAINT \"_products_v_rels_products_fk\" FOREIGN KEY (\"products_id\") REFERENCES \"public\".\"products\"(\"id\") ON DELETE cascade ON UPDATE no action;\n  ALTER TABLE \"_products_v_rels\" ADD CONSTRAINT \"_products_v_rels_categories_fk\" FOREIGN KEY (\"categories_id\") REFERENCES \"public\".\"categories\"(\"id\") ON DELETE cascade ON UPDATE no action;\n  ALTER TABLE \"carts_items\" ADD CONSTRAINT \"carts_items_product_id_products_id_fk\" FOREIGN KEY (\"product_id\") REFERENCES \"public\".\"products\"(\"id\") ON DELETE set null ON UPDATE no action;\n  ALTER TABLE \"carts_items\" ADD CONSTRAINT \"carts_items_variant_id_variants_id_fk\" FOREIGN KEY (\"variant_id\") REFERENCES \"public\".\"variants\"(\"id\") ON DELETE set null ON UPDATE no action;\n  ALTER TABLE \"carts_items\" ADD CONSTRAINT \"carts_items_parent_id_fk\" FOREIGN KEY (\"_parent_id\") REFERENCES \"public\".\"carts\"(\"id\") ON DELETE cascade ON UPDATE no action;\n  ALTER TABLE \"carts\" ADD CONSTRAINT \"carts_customer_id_users_id_fk\" FOREIGN KEY (\"customer_id\") REFERENCES \"public\".\"users\"(\"id\") ON DELETE set null ON UPDATE no action;\n  ALTER TABLE \"orders_items\" ADD CONSTRAINT \"orders_items_product_id_products_id_fk\" FOREIGN KEY (\"product_id\") REFERENCES \"public\".\"products\"(\"id\") ON DELETE set null ON UPDATE no action;\n  ALTER TABLE \"orders_items\" ADD CONSTRAINT \"orders_items_variant_id_variants_id_fk\" FOREIGN KEY (\"variant_id\") REFERENCES \"public\".\"variants\"(\"id\") ON DELETE set null ON UPDATE no action;\n  ALTER TABLE \"orders_items\" ADD CONSTRAINT \"orders_items_parent_id_fk\" FOREIGN KEY (\"_parent_id\") REFERENCES \"public\".\"orders\"(\"id\") ON DELETE cascade ON UPDATE no action;\n  ALTER TABLE \"orders\" ADD CONSTRAINT \"orders_customer_id_users_id_fk\" FOREIGN KEY (\"customer_id\") REFERENCES \"public\".\"users\"(\"id\") ON DELETE set null ON UPDATE no action;\n  ALTER TABLE \"orders_rels\" ADD CONSTRAINT \"orders_rels_parent_fk\" FOREIGN KEY (\"parent_id\") REFERENCES \"public\".\"orders\"(\"id\") ON DELETE cascade ON UPDATE no action;\n  ALTER TABLE \"orders_rels\" ADD CONSTRAINT \"orders_rels_transactions_fk\" FOREIGN KEY (\"transactions_id\") REFERENCES \"public\".\"transactions\"(\"id\") ON DELETE cascade ON UPDATE no action;\n  ALTER TABLE \"transactions_items\" ADD CONSTRAINT \"transactions_items_product_id_products_id_fk\" FOREIGN KEY (\"product_id\") REFERENCES \"public\".\"products\"(\"id\") ON DELETE set null ON UPDATE no action;\n  ALTER TABLE \"transactions_items\" ADD CONSTRAINT \"transactions_items_variant_id_variants_id_fk\" FOREIGN KEY (\"variant_id\") REFERENCES \"public\".\"variants\"(\"id\") ON DELETE set null ON UPDATE no action;\n  ALTER TABLE \"transactions_items\" ADD CONSTRAINT \"transactions_items_parent_id_fk\" FOREIGN KEY (\"_parent_id\") REFERENCES \"public\".\"transactions\"(\"id\") ON DELETE cascade ON UPDATE no action;\n  ALTER TABLE \"transactions\" ADD CONSTRAINT \"transactions_customer_id_users_id_fk\" FOREIGN KEY (\"customer_id\") REFERENCES \"public\".\"users\"(\"id\") ON DELETE set null ON UPDATE no action;\n  ALTER TABLE \"transactions\" ADD CONSTRAINT \"transactions_order_id_orders_id_fk\" FOREIGN KEY (\"order_id\") REFERENCES \"public\".\"orders\"(\"id\") ON DELETE set null ON UPDATE no action;\n  ALTER TABLE \"transactions\" ADD CONSTRAINT \"transactions_cart_id_carts_id_fk\" FOREIGN KEY (\"cart_id\") REFERENCES \"public\".\"carts\"(\"id\") ON DELETE set null ON UPDATE no action;\n  ALTER TABLE \"payload_locked_documents_rels\" ADD CONSTRAINT \"payload_locked_documents_rels_parent_fk\" FOREIGN KEY (\"parent_id\") REFERENCES \"public\".\"payload_locked_documents\"(\"id\") ON DELETE cascade ON UPDATE no action;\n  ALTER TABLE \"payload_locked_documents_rels\" ADD CONSTRAINT \"payload_locked_documents_rels_users_fk\" FOREIGN KEY (\"users_id\") REFERENCES \"public\".\"users\"(\"id\") ON DELETE cascade ON UPDATE no action;\n  ALTER TABLE \"payload_locked_documents_rels\" ADD CONSTRAINT \"payload_locked_documents_rels_pages_fk\" FOREIGN KEY (\"pages_id\") REFERENCES \"public\".\"pages\"(\"id\") ON DELETE cascade ON UPDATE no action;\n  ALTER TABLE \"payload_locked_documents_rels\" ADD CONSTRAINT \"payload_locked_documents_rels_categories_fk\" FOREIGN KEY (\"categories_id\") REFERENCES \"public\".\"categories\"(\"id\") ON DELETE cascade ON UPDATE no action;\n  ALTER TABLE \"payload_locked_documents_rels\" ADD CONSTRAINT \"payload_locked_documents_rels_media_fk\" FOREIGN KEY (\"media_id\") REFERENCES \"public\".\"media\"(\"id\") ON DELETE cascade ON UPDATE no action;\n  ALTER TABLE \"payload_locked_documents_rels\" ADD CONSTRAINT \"payload_locked_documents_rels_digital_assets_fk\" FOREIGN KEY (\"digital_assets_id\") REFERENCES \"public\".\"digital_assets\"(\"id\") ON DELETE cascade ON UPDATE no action;\n  ALTER TABLE \"payload_locked_documents_rels\" ADD CONSTRAINT \"payload_locked_documents_rels_download_access_fk\" FOREIGN KEY (\"download_access_id\") REFERENCES \"public\".\"download_access\"(\"id\") ON DELETE cascade ON UPDATE no action;\n  ALTER TABLE \"payload_locked_documents_rels\" ADD CONSTRAINT \"payload_locked_documents_rels_download_logs_fk\" FOREIGN KEY (\"download_logs_id\") REFERENCES \"public\".\"download_logs\"(\"id\") ON DELETE cascade ON UPDATE no action;\n  ALTER TABLE \"payload_locked_documents_rels\" ADD CONSTRAINT \"payload_locked_documents_rels_licenses_fk\" FOREIGN KEY (\"licenses_id\") REFERENCES \"public\".\"licenses\"(\"id\") ON DELETE cascade ON UPDATE no action;\n  ALTER TABLE \"payload_locked_documents_rels\" ADD CONSTRAINT \"payload_locked_documents_rels_payment_transactions_fk\" FOREIGN KEY (\"payment_transactions_id\") REFERENCES \"public\".\"payment_transactions\"(\"id\") ON DELETE cascade ON UPDATE no action;\n  ALTER TABLE \"payload_locked_documents_rels\" ADD CONSTRAINT \"payload_locked_documents_rels_coupons_fk\" FOREIGN KEY (\"coupons_id\") REFERENCES \"public\".\"coupons\"(\"id\") ON DELETE cascade ON UPDATE no action;\n  ALTER TABLE \"payload_locked_documents_rels\" ADD CONSTRAINT \"payload_locked_documents_rels_promo_banners_fk\" FOREIGN KEY (\"promo_banners_id\") REFERENCES \"public\".\"promo_banners\"(\"id\") ON DELETE cascade ON UPDATE no action;\n  ALTER TABLE \"payload_locked_documents_rels\" ADD CONSTRAINT \"payload_locked_documents_rels_testimonials_fk\" FOREIGN KEY (\"testimonials_id\") REFERENCES \"public\".\"testimonials\"(\"id\") ON DELETE cascade ON UPDATE no action;\n  ALTER TABLE \"payload_locked_documents_rels\" ADD CONSTRAINT \"payload_locked_documents_rels_support_tickets_fk\" FOREIGN KEY (\"support_tickets_id\") REFERENCES \"public\".\"support_tickets\"(\"id\") ON DELETE cascade ON UPDATE no action;\n  ALTER TABLE \"payload_locked_documents_rels\" ADD CONSTRAINT \"payload_locked_documents_rels_support_messages_fk\" FOREIGN KEY (\"support_messages_id\") REFERENCES \"public\".\"support_messages\"(\"id\") ON DELETE cascade ON UPDATE no action;\n  ALTER TABLE \"payload_locked_documents_rels\" ADD CONSTRAINT \"payload_locked_documents_rels_email_templates_fk\" FOREIGN KEY (\"email_templates_id\") REFERENCES \"public\".\"email_templates\"(\"id\") ON DELETE cascade ON UPDATE no action;\n  ALTER TABLE \"payload_locked_documents_rels\" ADD CONSTRAINT \"payload_locked_documents_rels_stock_reservations_fk\" FOREIGN KEY (\"stock_reservations_id\") REFERENCES \"public\".\"stock_reservations\"(\"id\") ON DELETE cascade ON UPDATE no action;\n  ALTER TABLE \"payload_locked_documents_rels\" ADD CONSTRAINT \"payload_locked_documents_rels_forms_fk\" FOREIGN KEY (\"forms_id\") REFERENCES \"public\".\"forms\"(\"id\") ON DELETE cascade ON UPDATE no action;\n  ALTER TABLE \"payload_locked_documents_rels\" ADD CONSTRAINT \"payload_locked_documents_rels_form_submissions_fk\" FOREIGN KEY (\"form_submissions_id\") REFERENCES \"public\".\"form_submissions\"(\"id\") ON DELETE cascade ON UPDATE no action;\n  ALTER TABLE \"payload_locked_documents_rels\" ADD CONSTRAINT \"payload_locked_documents_rels_addresses_fk\" FOREIGN KEY (\"addresses_id\") REFERENCES \"public\".\"addresses\"(\"id\") ON DELETE cascade ON UPDATE no action;\n  ALTER TABLE \"payload_locked_documents_rels\" ADD CONSTRAINT \"payload_locked_documents_rels_variants_fk\" FOREIGN KEY (\"variants_id\") REFERENCES \"public\".\"variants\"(\"id\") ON DELETE cascade ON UPDATE no action;\n  ALTER TABLE \"payload_locked_documents_rels\" ADD CONSTRAINT \"payload_locked_documents_rels_variant_types_fk\" FOREIGN KEY (\"variant_types_id\") REFERENCES \"public\".\"variant_types\"(\"id\") ON DELETE cascade ON UPDATE no action;\n  ALTER TABLE \"payload_locked_documents_rels\" ADD CONSTRAINT \"payload_locked_documents_rels_variant_options_fk\" FOREIGN KEY (\"variant_options_id\") REFERENCES \"public\".\"variant_options\"(\"id\") ON DELETE cascade ON UPDATE no action;\n  ALTER TABLE \"payload_locked_documents_rels\" ADD CONSTRAINT \"payload_locked_documents_rels_products_fk\" FOREIGN KEY (\"products_id\") REFERENCES \"public\".\"products\"(\"id\") ON DELETE cascade ON UPDATE no action;\n  ALTER TABLE \"payload_locked_documents_rels\" ADD CONSTRAINT \"payload_locked_documents_rels_carts_fk\" FOREIGN KEY (\"carts_id\") REFERENCES \"public\".\"carts\"(\"id\") ON DELETE cascade ON UPDATE no action;\n  ALTER TABLE \"payload_locked_documents_rels\" ADD CONSTRAINT \"payload_locked_documents_rels_orders_fk\" FOREIGN KEY (\"orders_id\") REFERENCES \"public\".\"orders\"(\"id\") ON DELETE cascade ON UPDATE no action;\n  ALTER TABLE \"payload_locked_documents_rels\" ADD CONSTRAINT \"payload_locked_documents_rels_transactions_fk\" FOREIGN KEY (\"transactions_id\") REFERENCES \"public\".\"transactions\"(\"id\") ON DELETE cascade ON UPDATE no action;\n  ALTER TABLE \"payload_preferences_rels\" ADD CONSTRAINT \"payload_preferences_rels_parent_fk\" FOREIGN KEY (\"parent_id\") REFERENCES \"public\".\"payload_preferences\"(\"id\") ON DELETE cascade ON UPDATE no action;\n  ALTER TABLE \"payload_preferences_rels\" ADD CONSTRAINT \"payload_preferences_rels_users_fk\" FOREIGN KEY (\"users_id\") REFERENCES \"public\".\"users\"(\"id\") ON DELETE cascade ON UPDATE no action;\n  ALTER TABLE \"header_nav_items\" ADD CONSTRAINT \"header_nav_items_parent_id_fk\" FOREIGN KEY (\"_parent_id\") REFERENCES \"public\".\"header\"(\"id\") ON DELETE cascade ON UPDATE no action;\n  ALTER TABLE \"header_rels\" ADD CONSTRAINT \"header_rels_parent_fk\" FOREIGN KEY (\"parent_id\") REFERENCES \"public\".\"header\"(\"id\") ON DELETE cascade ON UPDATE no action;\n  ALTER TABLE \"header_rels\" ADD CONSTRAINT \"header_rels_pages_fk\" FOREIGN KEY (\"pages_id\") REFERENCES \"public\".\"pages\"(\"id\") ON DELETE cascade ON UPDATE no action;\n  ALTER TABLE \"footer_nav_items\" ADD CONSTRAINT \"footer_nav_items_parent_id_fk\" FOREIGN KEY (\"_parent_id\") REFERENCES \"public\".\"footer\"(\"id\") ON DELETE cascade ON UPDATE no action;\n  ALTER TABLE \"footer_rels\" ADD CONSTRAINT \"footer_rels_parent_fk\" FOREIGN KEY (\"parent_id\") REFERENCES \"public\".\"footer\"(\"id\") ON DELETE cascade ON UPDATE no action;\n  ALTER TABLE \"footer_rels\" ADD CONSTRAINT \"footer_rels_pages_fk\" FOREIGN KEY (\"pages_id\") REFERENCES \"public\".\"pages\"(\"id\") ON DELETE cascade ON UPDATE no action;\n  ALTER TABLE \"settings_trust_badges_partner_logos\" ADD CONSTRAINT \"settings_trust_badges_partner_logos_logo_id_media_id_fk\" FOREIGN KEY (\"logo_id\") REFERENCES \"public\".\"media\"(\"id\") ON DELETE set null ON UPDATE no action;\n  ALTER TABLE \"settings_trust_badges_partner_logos\" ADD CONSTRAINT \"settings_trust_badges_partner_logos_parent_id_fk\" FOREIGN KEY (\"_parent_id\") REFERENCES \"public\".\"settings\"(\"id\") ON DELETE cascade ON UPDATE no action;\n  ALTER TABLE \"settings\" ADD CONSTRAINT \"settings_logo_id_media_id_fk\" FOREIGN KEY (\"logo_id\") REFERENCES \"public\".\"media\"(\"id\") ON DELETE set null ON UPDATE no action;\n  ALTER TABLE \"settings\" ADD CONSTRAINT \"settings_favicon_id_media_id_fk\" FOREIGN KEY (\"favicon_id\") REFERENCES \"public\".\"media\"(\"id\") ON DELETE set null ON UPDATE no action;\n  ALTER TABLE \"settings\" ADD CONSTRAINT \"settings_legal_pages_terms_page_id_pages_id_fk\" FOREIGN KEY (\"legal_pages_terms_page_id\") REFERENCES \"public\".\"pages\"(\"id\") ON DELETE set null ON UPDATE no action;\n  ALTER TABLE \"settings\" ADD CONSTRAINT \"settings_legal_pages_privacy_page_id_pages_id_fk\" FOREIGN KEY (\"legal_pages_privacy_page_id\") REFERENCES \"public\".\"pages\"(\"id\") ON DELETE set null ON UPDATE no action;\n  ALTER TABLE \"settings\" ADD CONSTRAINT \"settings_legal_pages_refund_page_id_pages_id_fk\" FOREIGN KEY (\"legal_pages_refund_page_id\") REFERENCES \"public\".\"pages\"(\"id\") ON DELETE set null ON UPDATE no action;\n  CREATE INDEX \"users_roles_order_idx\" ON \"users_roles\" USING btree (\"order\");\n  CREATE INDEX \"users_roles_parent_idx\" ON \"users_roles\" USING btree (\"parent_id\");\n  CREATE INDEX \"users_sessions_order_idx\" ON \"users_sessions\" USING btree (\"_order\");\n  CREATE INDEX \"users_sessions_parent_id_idx\" ON \"users_sessions\" USING btree (\"_parent_id\");\n  CREATE UNIQUE INDEX \"users_google_id_idx\" ON \"users\" USING btree (\"google_id\");\n  CREATE INDEX \"users_avatar_idx\" ON \"users\" USING btree (\"avatar_id\");\n  CREATE INDEX \"users_updated_at_idx\" ON \"users\" USING btree (\"updated_at\");\n  CREATE INDEX \"users_created_at_idx\" ON \"users\" USING btree (\"created_at\");\n  CREATE UNIQUE INDEX \"users_email_idx\" ON \"users\" USING btree (\"email\");\n  CREATE INDEX \"pages_hero_links_order_idx\" ON \"pages_hero_links\" USING btree (\"_order\");\n  CREATE INDEX \"pages_hero_links_parent_id_idx\" ON \"pages_hero_links\" USING btree (\"_parent_id\");\n  CREATE INDEX \"pages_blocks_cta_links_order_idx\" ON \"pages_blocks_cta_links\" USING btree (\"_order\");\n  CREATE INDEX \"pages_blocks_cta_links_parent_id_idx\" ON \"pages_blocks_cta_links\" USING btree (\"_parent_id\");\n  CREATE INDEX \"pages_blocks_cta_order_idx\" ON \"pages_blocks_cta\" USING btree (\"_order\");\n  CREATE INDEX \"pages_blocks_cta_parent_id_idx\" ON \"pages_blocks_cta\" USING btree (\"_parent_id\");\n  CREATE INDEX \"pages_blocks_cta_path_idx\" ON \"pages_blocks_cta\" USING btree (\"_path\");\n  CREATE INDEX \"pages_blocks_content_columns_order_idx\" ON \"pages_blocks_content_columns\" USING btree (\"_order\");\n  CREATE INDEX \"pages_blocks_content_columns_parent_id_idx\" ON \"pages_blocks_content_columns\" USING btree (\"_parent_id\");\n  CREATE INDEX \"pages_blocks_content_order_idx\" ON \"pages_blocks_content\" USING btree (\"_order\");\n  CREATE INDEX \"pages_blocks_content_parent_id_idx\" ON \"pages_blocks_content\" USING btree (\"_parent_id\");\n  CREATE INDEX \"pages_blocks_content_path_idx\" ON \"pages_blocks_content\" USING btree (\"_path\");\n  CREATE INDEX \"pages_blocks_media_block_order_idx\" ON \"pages_blocks_media_block\" USING btree (\"_order\");\n  CREATE INDEX \"pages_blocks_media_block_parent_id_idx\" ON \"pages_blocks_media_block\" USING btree (\"_parent_id\");\n  CREATE INDEX \"pages_blocks_media_block_path_idx\" ON \"pages_blocks_media_block\" USING btree (\"_path\");\n  CREATE INDEX \"pages_blocks_media_block_media_idx\" ON \"pages_blocks_media_block\" USING btree (\"media_id\");\n  CREATE INDEX \"pages_blocks_archive_order_idx\" ON \"pages_blocks_archive\" USING btree (\"_order\");\n  CREATE INDEX \"pages_blocks_archive_parent_id_idx\" ON \"pages_blocks_archive\" USING btree (\"_parent_id\");\n  CREATE INDEX \"pages_blocks_archive_path_idx\" ON \"pages_blocks_archive\" USING btree (\"_path\");\n  CREATE INDEX \"pages_blocks_carousel_order_idx\" ON \"pages_blocks_carousel\" USING btree (\"_order\");\n  CREATE INDEX \"pages_blocks_carousel_parent_id_idx\" ON \"pages_blocks_carousel\" USING btree (\"_parent_id\");\n  CREATE INDEX \"pages_blocks_carousel_path_idx\" ON \"pages_blocks_carousel\" USING btree (\"_path\");\n  CREATE INDEX \"pages_blocks_three_item_grid_order_idx\" ON \"pages_blocks_three_item_grid\" USING btree (\"_order\");\n  CREATE INDEX \"pages_blocks_three_item_grid_parent_id_idx\" ON \"pages_blocks_three_item_grid\" USING btree (\"_parent_id\");\n  CREATE INDEX \"pages_blocks_three_item_grid_path_idx\" ON \"pages_blocks_three_item_grid\" USING btree (\"_path\");\n  CREATE INDEX \"pages_blocks_banner_order_idx\" ON \"pages_blocks_banner\" USING btree (\"_order\");\n  CREATE INDEX \"pages_blocks_banner_parent_id_idx\" ON \"pages_blocks_banner\" USING btree (\"_parent_id\");\n  CREATE INDEX \"pages_blocks_banner_path_idx\" ON \"pages_blocks_banner\" USING btree (\"_path\");\n  CREATE INDEX \"pages_blocks_form_block_order_idx\" ON \"pages_blocks_form_block\" USING btree (\"_order\");\n  CREATE INDEX \"pages_blocks_form_block_parent_id_idx\" ON \"pages_blocks_form_block\" USING btree (\"_parent_id\");\n  CREATE INDEX \"pages_blocks_form_block_path_idx\" ON \"pages_blocks_form_block\" USING btree (\"_path\");\n  CREATE INDEX \"pages_blocks_form_block_form_idx\" ON \"pages_blocks_form_block\" USING btree (\"form_id\");\n  CREATE INDEX \"pages_hero_hero_media_idx\" ON \"pages\" USING btree (\"hero_media_id\");\n  CREATE INDEX \"pages_meta_meta_image_idx\" ON \"pages\" USING btree (\"meta_image_id\");\n  CREATE UNIQUE INDEX \"pages_slug_idx\" ON \"pages\" USING btree (\"slug\");\n  CREATE INDEX \"pages_updated_at_idx\" ON \"pages\" USING btree (\"updated_at\");\n  CREATE INDEX \"pages_created_at_idx\" ON \"pages\" USING btree (\"created_at\");\n  CREATE INDEX \"pages__status_idx\" ON \"pages\" USING btree (\"_status\");\n  CREATE INDEX \"pages_rels_order_idx\" ON \"pages_rels\" USING btree (\"order\");\n  CREATE INDEX \"pages_rels_parent_idx\" ON \"pages_rels\" USING btree (\"parent_id\");\n  CREATE INDEX \"pages_rels_path_idx\" ON \"pages_rels\" USING btree (\"path\");\n  CREATE INDEX \"pages_rels_pages_id_idx\" ON \"pages_rels\" USING btree (\"pages_id\");\n  CREATE INDEX \"pages_rels_categories_id_idx\" ON \"pages_rels\" USING btree (\"categories_id\");\n  CREATE INDEX \"pages_rels_products_id_idx\" ON \"pages_rels\" USING btree (\"products_id\");\n  CREATE INDEX \"_pages_v_version_hero_links_order_idx\" ON \"_pages_v_version_hero_links\" USING btree (\"_order\");\n  CREATE INDEX \"_pages_v_version_hero_links_parent_id_idx\" ON \"_pages_v_version_hero_links\" USING btree (\"_parent_id\");\n  CREATE INDEX \"_pages_v_blocks_cta_links_order_idx\" ON \"_pages_v_blocks_cta_links\" USING btree (\"_order\");\n  CREATE INDEX \"_pages_v_blocks_cta_links_parent_id_idx\" ON \"_pages_v_blocks_cta_links\" USING btree (\"_parent_id\");\n  CREATE INDEX \"_pages_v_blocks_cta_order_idx\" ON \"_pages_v_blocks_cta\" USING btree (\"_order\");\n  CREATE INDEX \"_pages_v_blocks_cta_parent_id_idx\" ON \"_pages_v_blocks_cta\" USING btree (\"_parent_id\");\n  CREATE INDEX \"_pages_v_blocks_cta_path_idx\" ON \"_pages_v_blocks_cta\" USING btree (\"_path\");\n  CREATE INDEX \"_pages_v_blocks_content_columns_order_idx\" ON \"_pages_v_blocks_content_columns\" USING btree (\"_order\");\n  CREATE INDEX \"_pages_v_blocks_content_columns_parent_id_idx\" ON \"_pages_v_blocks_content_columns\" USING btree (\"_parent_id\");\n  CREATE INDEX \"_pages_v_blocks_content_order_idx\" ON \"_pages_v_blocks_content\" USING btree (\"_order\");\n  CREATE INDEX \"_pages_v_blocks_content_parent_id_idx\" ON \"_pages_v_blocks_content\" USING btree (\"_parent_id\");\n  CREATE INDEX \"_pages_v_blocks_content_path_idx\" ON \"_pages_v_blocks_content\" USING btree (\"_path\");\n  CREATE INDEX \"_pages_v_blocks_media_block_order_idx\" ON \"_pages_v_blocks_media_block\" USING btree (\"_order\");\n  CREATE INDEX \"_pages_v_blocks_media_block_parent_id_idx\" ON \"_pages_v_blocks_media_block\" USING btree (\"_parent_id\");\n  CREATE INDEX \"_pages_v_blocks_media_block_path_idx\" ON \"_pages_v_blocks_media_block\" USING btree (\"_path\");\n  CREATE INDEX \"_pages_v_blocks_media_block_media_idx\" ON \"_pages_v_blocks_media_block\" USING btree (\"media_id\");\n  CREATE INDEX \"_pages_v_blocks_archive_order_idx\" ON \"_pages_v_blocks_archive\" USING btree (\"_order\");\n  CREATE INDEX \"_pages_v_blocks_archive_parent_id_idx\" ON \"_pages_v_blocks_archive\" USING btree (\"_parent_id\");\n  CREATE INDEX \"_pages_v_blocks_archive_path_idx\" ON \"_pages_v_blocks_archive\" USING btree (\"_path\");\n  CREATE INDEX \"_pages_v_blocks_carousel_order_idx\" ON \"_pages_v_blocks_carousel\" USING btree (\"_order\");\n  CREATE INDEX \"_pages_v_blocks_carousel_parent_id_idx\" ON \"_pages_v_blocks_carousel\" USING btree (\"_parent_id\");\n  CREATE INDEX \"_pages_v_blocks_carousel_path_idx\" ON \"_pages_v_blocks_carousel\" USING btree (\"_path\");\n  CREATE INDEX \"_pages_v_blocks_three_item_grid_order_idx\" ON \"_pages_v_blocks_three_item_grid\" USING btree (\"_order\");\n  CREATE INDEX \"_pages_v_blocks_three_item_grid_parent_id_idx\" ON \"_pages_v_blocks_three_item_grid\" USING btree (\"_parent_id\");\n  CREATE INDEX \"_pages_v_blocks_three_item_grid_path_idx\" ON \"_pages_v_blocks_three_item_grid\" USING btree (\"_path\");\n  CREATE INDEX \"_pages_v_blocks_banner_order_idx\" ON \"_pages_v_blocks_banner\" USING btree (\"_order\");\n  CREATE INDEX \"_pages_v_blocks_banner_parent_id_idx\" ON \"_pages_v_blocks_banner\" USING btree (\"_parent_id\");\n  CREATE INDEX \"_pages_v_blocks_banner_path_idx\" ON \"_pages_v_blocks_banner\" USING btree (\"_path\");\n  CREATE INDEX \"_pages_v_blocks_form_block_order_idx\" ON \"_pages_v_blocks_form_block\" USING btree (\"_order\");\n  CREATE INDEX \"_pages_v_blocks_form_block_parent_id_idx\" ON \"_pages_v_blocks_form_block\" USING btree (\"_parent_id\");\n  CREATE INDEX \"_pages_v_blocks_form_block_path_idx\" ON \"_pages_v_blocks_form_block\" USING btree (\"_path\");\n  CREATE INDEX \"_pages_v_blocks_form_block_form_idx\" ON \"_pages_v_blocks_form_block\" USING btree (\"form_id\");\n  CREATE INDEX \"_pages_v_parent_idx\" ON \"_pages_v\" USING btree (\"parent_id\");\n  CREATE INDEX \"_pages_v_version_hero_version_hero_media_idx\" ON \"_pages_v\" USING btree (\"version_hero_media_id\");\n  CREATE INDEX \"_pages_v_version_meta_version_meta_image_idx\" ON \"_pages_v\" USING btree (\"version_meta_image_id\");\n  CREATE INDEX \"_pages_v_version_version_slug_idx\" ON \"_pages_v\" USING btree (\"version_slug\");\n  CREATE INDEX \"_pages_v_version_version_updated_at_idx\" ON \"_pages_v\" USING btree (\"version_updated_at\");\n  CREATE INDEX \"_pages_v_version_version_created_at_idx\" ON \"_pages_v\" USING btree (\"version_created_at\");\n  CREATE INDEX \"_pages_v_version_version__status_idx\" ON \"_pages_v\" USING btree (\"version__status\");\n  CREATE INDEX \"_pages_v_created_at_idx\" ON \"_pages_v\" USING btree (\"created_at\");\n  CREATE INDEX \"_pages_v_updated_at_idx\" ON \"_pages_v\" USING btree (\"updated_at\");\n  CREATE INDEX \"_pages_v_latest_idx\" ON \"_pages_v\" USING btree (\"latest\");\n  CREATE INDEX \"_pages_v_autosave_idx\" ON \"_pages_v\" USING btree (\"autosave\");\n  CREATE INDEX \"_pages_v_rels_order_idx\" ON \"_pages_v_rels\" USING btree (\"order\");\n  CREATE INDEX \"_pages_v_rels_parent_idx\" ON \"_pages_v_rels\" USING btree (\"parent_id\");\n  CREATE INDEX \"_pages_v_rels_path_idx\" ON \"_pages_v_rels\" USING btree (\"path\");\n  CREATE INDEX \"_pages_v_rels_pages_id_idx\" ON \"_pages_v_rels\" USING btree (\"pages_id\");\n  CREATE INDEX \"_pages_v_rels_categories_id_idx\" ON \"_pages_v_rels\" USING btree (\"categories_id\");\n  CREATE INDEX \"_pages_v_rels_products_id_idx\" ON \"_pages_v_rels\" USING btree (\"products_id\");\n  CREATE UNIQUE INDEX \"categories_slug_idx\" ON \"categories\" USING btree (\"slug\");\n  CREATE INDEX \"categories_updated_at_idx\" ON \"categories\" USING btree (\"updated_at\");\n  CREATE INDEX \"categories_created_at_idx\" ON \"categories\" USING btree (\"created_at\");\n  CREATE INDEX \"media_updated_at_idx\" ON \"media\" USING btree (\"updated_at\");\n  CREATE INDEX \"media_created_at_idx\" ON \"media\" USING btree (\"created_at\");\n  CREATE UNIQUE INDEX \"media_filename_idx\" ON \"media\" USING btree (\"filename\");\n  CREATE INDEX \"digital_assets_product_idx\" ON \"digital_assets\" USING btree (\"product_id\");\n  CREATE INDEX \"digital_assets_file_idx\" ON \"digital_assets\" USING btree (\"file_id\");\n  CREATE INDEX \"digital_assets_updated_at_idx\" ON \"digital_assets\" USING btree (\"updated_at\");\n  CREATE INDEX \"digital_assets_created_at_idx\" ON \"digital_assets\" USING btree (\"created_at\");\n  CREATE INDEX \"download_access_customer_idx\" ON \"download_access\" USING btree (\"customer_id\");\n  CREATE INDEX \"download_access_product_idx\" ON \"download_access\" USING btree (\"product_id\");\n  CREATE INDEX \"download_access_order_idx\" ON \"download_access\" USING btree (\"order_id\");\n  CREATE INDEX \"download_access_asset_idx\" ON \"download_access\" USING btree (\"asset_id\");\n  CREATE INDEX \"download_access_updated_at_idx\" ON \"download_access\" USING btree (\"updated_at\");\n  CREATE INDEX \"download_access_created_at_idx\" ON \"download_access\" USING btree (\"created_at\");\n  CREATE INDEX \"download_logs_customer_idx\" ON \"download_logs\" USING btree (\"customer_id\");\n  CREATE INDEX \"download_logs_product_idx\" ON \"download_logs\" USING btree (\"product_id\");\n  CREATE INDEX \"download_logs_asset_idx\" ON \"download_logs\" USING btree (\"asset_id\");\n  CREATE INDEX \"download_logs_order_idx\" ON \"download_logs\" USING btree (\"order_id\");\n  CREATE INDEX \"download_logs_updated_at_idx\" ON \"download_logs\" USING btree (\"updated_at\");\n  CREATE INDEX \"download_logs_created_at_idx\" ON \"download_logs\" USING btree (\"created_at\");\n  CREATE INDEX \"licenses_customer_idx\" ON \"licenses\" USING btree (\"customer_id\");\n  CREATE INDEX \"licenses_product_idx\" ON \"licenses\" USING btree (\"product_id\");\n  CREATE INDEX \"licenses_order_idx\" ON \"licenses\" USING btree (\"order_id\");\n  CREATE UNIQUE INDEX \"licenses_license_key_idx\" ON \"licenses\" USING btree (\"license_key\");\n  CREATE INDEX \"licenses_updated_at_idx\" ON \"licenses\" USING btree (\"updated_at\");\n  CREATE INDEX \"licenses_created_at_idx\" ON \"licenses\" USING btree (\"created_at\");\n  CREATE INDEX \"payment_transactions_order_idx\" ON \"payment_transactions\" USING btree (\"order_id\");\n  CREATE INDEX \"payment_transactions_customer_idx\" ON \"payment_transactions\" USING btree (\"customer_id\");\n  CREATE INDEX \"payment_transactions_provider_transaction_id_idx\" ON \"payment_transactions\" USING btree (\"provider_transaction_id\");\n  CREATE INDEX \"payment_transactions_updated_at_idx\" ON \"payment_transactions\" USING btree (\"updated_at\");\n  CREATE INDEX \"payment_transactions_created_at_idx\" ON \"payment_transactions\" USING btree (\"created_at\");\n  CREATE UNIQUE INDEX \"coupons_code_idx\" ON \"coupons\" USING btree (\"code\");\n  CREATE INDEX \"coupons_updated_at_idx\" ON \"coupons\" USING btree (\"updated_at\");\n  CREATE INDEX \"coupons_created_at_idx\" ON \"coupons\" USING btree (\"created_at\");\n  CREATE INDEX \"promo_banners_image_idx\" ON \"promo_banners\" USING btree (\"image_id\");\n  CREATE INDEX \"promo_banners_updated_at_idx\" ON \"promo_banners\" USING btree (\"updated_at\");\n  CREATE INDEX \"promo_banners_created_at_idx\" ON \"promo_banners\" USING btree (\"created_at\");\n  CREATE INDEX \"testimonials_avatar_idx\" ON \"testimonials\" USING btree (\"avatar_id\");\n  CREATE INDEX \"testimonials_updated_at_idx\" ON \"testimonials\" USING btree (\"updated_at\");\n  CREATE INDEX \"testimonials_created_at_idx\" ON \"testimonials\" USING btree (\"created_at\");\n  CREATE UNIQUE INDEX \"support_tickets_ticket_number_idx\" ON \"support_tickets\" USING btree (\"ticket_number\");\n  CREATE INDEX \"support_tickets_customer_idx\" ON \"support_tickets\" USING btree (\"customer_id\");\n  CREATE INDEX \"support_tickets_related_order_idx\" ON \"support_tickets\" USING btree (\"related_order_id\");\n  CREATE INDEX \"support_tickets_related_product_idx\" ON \"support_tickets\" USING btree (\"related_product_id\");\n  CREATE INDEX \"support_tickets_assigned_to_idx\" ON \"support_tickets\" USING btree (\"assigned_to_id\");\n  CREATE INDEX \"support_tickets_updated_at_idx\" ON \"support_tickets\" USING btree (\"updated_at\");\n  CREATE INDEX \"support_tickets_created_at_idx\" ON \"support_tickets\" USING btree (\"created_at\");\n  CREATE INDEX \"support_messages_attachments_order_idx\" ON \"support_messages_attachments\" USING btree (\"_order\");\n  CREATE INDEX \"support_messages_attachments_parent_id_idx\" ON \"support_messages_attachments\" USING btree (\"_parent_id\");\n  CREATE INDEX \"support_messages_attachments_file_idx\" ON \"support_messages_attachments\" USING btree (\"file_id\");\n  CREATE INDEX \"support_messages_ticket_idx\" ON \"support_messages\" USING btree (\"ticket_id\");\n  CREATE INDEX \"support_messages_sender_idx\" ON \"support_messages\" USING btree (\"sender_id\");\n  CREATE INDEX \"support_messages_updated_at_idx\" ON \"support_messages\" USING btree (\"updated_at\");\n  CREATE INDEX \"support_messages_created_at_idx\" ON \"support_messages\" USING btree (\"created_at\");\n  CREATE INDEX \"email_templates_updated_at_idx\" ON \"email_templates\" USING btree (\"updated_at\");\n  CREATE INDEX \"email_templates_created_at_idx\" ON \"email_templates\" USING btree (\"created_at\");\n  CREATE INDEX \"stock_reservations_reservation_id_idx\" ON \"stock_reservations\" USING btree (\"reservation_id\");\n  CREATE INDEX \"stock_reservations_product_idx\" ON \"stock_reservations\" USING btree (\"product_id\");\n  CREATE INDEX \"stock_reservations_variant_idx\" ON \"stock_reservations\" USING btree (\"variant\");\n  CREATE INDEX \"stock_reservations_status_idx\" ON \"stock_reservations\" USING btree (\"status\");\n  CREATE INDEX \"stock_reservations_expires_at_idx\" ON \"stock_reservations\" USING btree (\"expires_at\");\n  CREATE INDEX \"stock_reservations_order_idx\" ON \"stock_reservations\" USING btree (\"order_id\");\n  CREATE INDEX \"stock_reservations_customer_idx\" ON \"stock_reservations\" USING btree (\"customer_id\");\n  CREATE INDEX \"stock_reservations_cart_id_idx\" ON \"stock_reservations\" USING btree (\"cart_id\");\n  CREATE INDEX \"stock_reservations_updated_at_idx\" ON \"stock_reservations\" USING btree (\"updated_at\");\n  CREATE INDEX \"stock_reservations_created_at_idx\" ON \"stock_reservations\" USING btree (\"created_at\");\n  CREATE INDEX \"forms_blocks_checkbox_order_idx\" ON \"forms_blocks_checkbox\" USING btree (\"_order\");\n  CREATE INDEX \"forms_blocks_checkbox_parent_id_idx\" ON \"forms_blocks_checkbox\" USING btree (\"_parent_id\");\n  CREATE INDEX \"forms_blocks_checkbox_path_idx\" ON \"forms_blocks_checkbox\" USING btree (\"_path\");\n  CREATE INDEX \"forms_blocks_country_order_idx\" ON \"forms_blocks_country\" USING btree (\"_order\");\n  CREATE INDEX \"forms_blocks_country_parent_id_idx\" ON \"forms_blocks_country\" USING btree (\"_parent_id\");\n  CREATE INDEX \"forms_blocks_country_path_idx\" ON \"forms_blocks_country\" USING btree (\"_path\");\n  CREATE INDEX \"forms_blocks_email_order_idx\" ON \"forms_blocks_email\" USING btree (\"_order\");\n  CREATE INDEX \"forms_blocks_email_parent_id_idx\" ON \"forms_blocks_email\" USING btree (\"_parent_id\");\n  CREATE INDEX \"forms_blocks_email_path_idx\" ON \"forms_blocks_email\" USING btree (\"_path\");\n  CREATE INDEX \"forms_blocks_message_order_idx\" ON \"forms_blocks_message\" USING btree (\"_order\");\n  CREATE INDEX \"forms_blocks_message_parent_id_idx\" ON \"forms_blocks_message\" USING btree (\"_parent_id\");\n  CREATE INDEX \"forms_blocks_message_path_idx\" ON \"forms_blocks_message\" USING btree (\"_path\");\n  CREATE INDEX \"forms_blocks_number_order_idx\" ON \"forms_blocks_number\" USING btree (\"_order\");\n  CREATE INDEX \"forms_blocks_number_parent_id_idx\" ON \"forms_blocks_number\" USING btree (\"_parent_id\");\n  CREATE INDEX \"forms_blocks_number_path_idx\" ON \"forms_blocks_number\" USING btree (\"_path\");\n  CREATE INDEX \"forms_blocks_select_options_order_idx\" ON \"forms_blocks_select_options\" USING btree (\"_order\");\n  CREATE INDEX \"forms_blocks_select_options_parent_id_idx\" ON \"forms_blocks_select_options\" USING btree (\"_parent_id\");\n  CREATE INDEX \"forms_blocks_select_order_idx\" ON \"forms_blocks_select\" USING btree (\"_order\");\n  CREATE INDEX \"forms_blocks_select_parent_id_idx\" ON \"forms_blocks_select\" USING btree (\"_parent_id\");\n  CREATE INDEX \"forms_blocks_select_path_idx\" ON \"forms_blocks_select\" USING btree (\"_path\");\n  CREATE INDEX \"forms_blocks_state_order_idx\" ON \"forms_blocks_state\" USING btree (\"_order\");\n  CREATE INDEX \"forms_blocks_state_parent_id_idx\" ON \"forms_blocks_state\" USING btree (\"_parent_id\");\n  CREATE INDEX \"forms_blocks_state_path_idx\" ON \"forms_blocks_state\" USING btree (\"_path\");\n  CREATE INDEX \"forms_blocks_text_order_idx\" ON \"forms_blocks_text\" USING btree (\"_order\");\n  CREATE INDEX \"forms_blocks_text_parent_id_idx\" ON \"forms_blocks_text\" USING btree (\"_parent_id\");\n  CREATE INDEX \"forms_blocks_text_path_idx\" ON \"forms_blocks_text\" USING btree (\"_path\");\n  CREATE INDEX \"forms_blocks_textarea_order_idx\" ON \"forms_blocks_textarea\" USING btree (\"_order\");\n  CREATE INDEX \"forms_blocks_textarea_parent_id_idx\" ON \"forms_blocks_textarea\" USING btree (\"_parent_id\");\n  CREATE INDEX \"forms_blocks_textarea_path_idx\" ON \"forms_blocks_textarea\" USING btree (\"_path\");\n  CREATE INDEX \"forms_emails_order_idx\" ON \"forms_emails\" USING btree (\"_order\");\n  CREATE INDEX \"forms_emails_parent_id_idx\" ON \"forms_emails\" USING btree (\"_parent_id\");\n  CREATE INDEX \"forms_updated_at_idx\" ON \"forms\" USING btree (\"updated_at\");\n  CREATE INDEX \"forms_created_at_idx\" ON \"forms\" USING btree (\"created_at\");\n  CREATE INDEX \"form_submissions_submission_data_order_idx\" ON \"form_submissions_submission_data\" USING btree (\"_order\");\n  CREATE INDEX \"form_submissions_submission_data_parent_id_idx\" ON \"form_submissions_submission_data\" USING btree (\"_parent_id\");\n  CREATE INDEX \"form_submissions_form_idx\" ON \"form_submissions\" USING btree (\"form_id\");\n  CREATE INDEX \"form_submissions_updated_at_idx\" ON \"form_submissions\" USING btree (\"updated_at\");\n  CREATE INDEX \"form_submissions_created_at_idx\" ON \"form_submissions\" USING btree (\"created_at\");\n  CREATE INDEX \"addresses_customer_idx\" ON \"addresses\" USING btree (\"customer_id\");\n  CREATE INDEX \"addresses_updated_at_idx\" ON \"addresses\" USING btree (\"updated_at\");\n  CREATE INDEX \"addresses_created_at_idx\" ON \"addresses\" USING btree (\"created_at\");\n  CREATE INDEX \"variants_product_idx\" ON \"variants\" USING btree (\"product_id\");\n  CREATE INDEX \"variants_updated_at_idx\" ON \"variants\" USING btree (\"updated_at\");\n  CREATE INDEX \"variants_created_at_idx\" ON \"variants\" USING btree (\"created_at\");\n  CREATE INDEX \"variants_deleted_at_idx\" ON \"variants\" USING btree (\"deleted_at\");\n  CREATE INDEX \"variants__status_idx\" ON \"variants\" USING btree (\"_status\");\n  CREATE INDEX \"variants_rels_order_idx\" ON \"variants_rels\" USING btree (\"order\");\n  CREATE INDEX \"variants_rels_parent_idx\" ON \"variants_rels\" USING btree (\"parent_id\");\n  CREATE INDEX \"variants_rels_path_idx\" ON \"variants_rels\" USING btree (\"path\");\n  CREATE INDEX \"variants_rels_variant_options_id_idx\" ON \"variants_rels\" USING btree (\"variant_options_id\");\n  CREATE INDEX \"_variants_v_parent_idx\" ON \"_variants_v\" USING btree (\"parent_id\");\n  CREATE INDEX \"_variants_v_version_version_product_idx\" ON \"_variants_v\" USING btree (\"version_product_id\");\n  CREATE INDEX \"_variants_v_version_version_updated_at_idx\" ON \"_variants_v\" USING btree (\"version_updated_at\");\n  CREATE INDEX \"_variants_v_version_version_created_at_idx\" ON \"_variants_v\" USING btree (\"version_created_at\");\n  CREATE INDEX \"_variants_v_version_version_deleted_at_idx\" ON \"_variants_v\" USING btree (\"version_deleted_at\");\n  CREATE INDEX \"_variants_v_version_version__status_idx\" ON \"_variants_v\" USING btree (\"version__status\");\n  CREATE INDEX \"_variants_v_created_at_idx\" ON \"_variants_v\" USING btree (\"created_at\");\n  CREATE INDEX \"_variants_v_updated_at_idx\" ON \"_variants_v\" USING btree (\"updated_at\");\n  CREATE INDEX \"_variants_v_latest_idx\" ON \"_variants_v\" USING btree (\"latest\");\n  CREATE INDEX \"_variants_v_autosave_idx\" ON \"_variants_v\" USING btree (\"autosave\");\n  CREATE INDEX \"_variants_v_rels_order_idx\" ON \"_variants_v_rels\" USING btree (\"order\");\n  CREATE INDEX \"_variants_v_rels_parent_idx\" ON \"_variants_v_rels\" USING btree (\"parent_id\");\n  CREATE INDEX \"_variants_v_rels_path_idx\" ON \"_variants_v_rels\" USING btree (\"path\");\n  CREATE INDEX \"_variants_v_rels_variant_options_id_idx\" ON \"_variants_v_rels\" USING btree (\"variant_options_id\");\n  CREATE INDEX \"variant_types_updated_at_idx\" ON \"variant_types\" USING btree (\"updated_at\");\n  CREATE INDEX \"variant_types_created_at_idx\" ON \"variant_types\" USING btree (\"created_at\");\n  CREATE INDEX \"variant_types_deleted_at_idx\" ON \"variant_types\" USING btree (\"deleted_at\");\n  CREATE INDEX \"variant_options__variantoptions_options_order_idx\" ON \"variant_options\" USING btree (\"_variantoptions_options_order\");\n  CREATE INDEX \"variant_options_variant_type_idx\" ON \"variant_options\" USING btree (\"variant_type_id\");\n  CREATE INDEX \"variant_options_updated_at_idx\" ON \"variant_options\" USING btree (\"updated_at\");\n  CREATE INDEX \"variant_options_created_at_idx\" ON \"variant_options\" USING btree (\"created_at\");\n  CREATE INDEX \"variant_options_deleted_at_idx\" ON \"variant_options\" USING btree (\"deleted_at\");\n  CREATE INDEX \"products_gallery_order_idx\" ON \"products_gallery\" USING btree (\"_order\");\n  CREATE INDEX \"products_gallery_parent_id_idx\" ON \"products_gallery\" USING btree (\"_parent_id\");\n  CREATE INDEX \"products_gallery_image_idx\" ON \"products_gallery\" USING btree (\"image_id\");\n  CREATE INDEX \"products_gallery_variant_option_idx\" ON \"products_gallery\" USING btree (\"variant_option_id\");\n  CREATE INDEX \"products_blocks_cta_links_order_idx\" ON \"products_blocks_cta_links\" USING btree (\"_order\");\n  CREATE INDEX \"products_blocks_cta_links_parent_id_idx\" ON \"products_blocks_cta_links\" USING btree (\"_parent_id\");\n  CREATE INDEX \"products_blocks_cta_order_idx\" ON \"products_blocks_cta\" USING btree (\"_order\");\n  CREATE INDEX \"products_blocks_cta_parent_id_idx\" ON \"products_blocks_cta\" USING btree (\"_parent_id\");\n  CREATE INDEX \"products_blocks_cta_path_idx\" ON \"products_blocks_cta\" USING btree (\"_path\");\n  CREATE INDEX \"products_blocks_content_columns_order_idx\" ON \"products_blocks_content_columns\" USING btree (\"_order\");\n  CREATE INDEX \"products_blocks_content_columns_parent_id_idx\" ON \"products_blocks_content_columns\" USING btree (\"_parent_id\");\n  CREATE INDEX \"products_blocks_content_order_idx\" ON \"products_blocks_content\" USING btree (\"_order\");\n  CREATE INDEX \"products_blocks_content_parent_id_idx\" ON \"products_blocks_content\" USING btree (\"_parent_id\");\n  CREATE INDEX \"products_blocks_content_path_idx\" ON \"products_blocks_content\" USING btree (\"_path\");\n  CREATE INDEX \"products_blocks_media_block_order_idx\" ON \"products_blocks_media_block\" USING btree (\"_order\");\n  CREATE INDEX \"products_blocks_media_block_parent_id_idx\" ON \"products_blocks_media_block\" USING btree (\"_parent_id\");\n  CREATE INDEX \"products_blocks_media_block_path_idx\" ON \"products_blocks_media_block\" USING btree (\"_path\");\n  CREATE INDEX \"products_blocks_media_block_media_idx\" ON \"products_blocks_media_block\" USING btree (\"media_id\");\n  CREATE INDEX \"products_included_files_order_idx\" ON \"products_included_files\" USING btree (\"_order\");\n  CREATE INDEX \"products_included_files_parent_id_idx\" ON \"products_included_files\" USING btree (\"_parent_id\");\n  CREATE INDEX \"products_product_f_a_q_order_idx\" ON \"products_product_f_a_q\" USING btree (\"_order\");\n  CREATE INDEX \"products_product_f_a_q_parent_id_idx\" ON \"products_product_f_a_q\" USING btree (\"_parent_id\");\n  CREATE INDEX \"products_meta_meta_image_idx\" ON \"products\" USING btree (\"meta_image_id\");\n  CREATE UNIQUE INDEX \"products_slug_idx\" ON \"products\" USING btree (\"slug\");\n  CREATE INDEX \"products_updated_at_idx\" ON \"products\" USING btree (\"updated_at\");\n  CREATE INDEX \"products_created_at_idx\" ON \"products\" USING btree (\"created_at\");\n  CREATE INDEX \"products_deleted_at_idx\" ON \"products\" USING btree (\"deleted_at\");\n  CREATE INDEX \"products__status_idx\" ON \"products\" USING btree (\"_status\");\n  CREATE INDEX \"products_rels_order_idx\" ON \"products_rels\" USING btree (\"order\");\n  CREATE INDEX \"products_rels_parent_idx\" ON \"products_rels\" USING btree (\"parent_id\");\n  CREATE INDEX \"products_rels_path_idx\" ON \"products_rels\" USING btree (\"path\");\n  CREATE INDEX \"products_rels_pages_id_idx\" ON \"products_rels\" USING btree (\"pages_id\");\n  CREATE INDEX \"products_rels_variant_types_id_idx\" ON \"products_rels\" USING btree (\"variant_types_id\");\n  CREATE INDEX \"products_rels_products_id_idx\" ON \"products_rels\" USING btree (\"products_id\");\n  CREATE INDEX \"products_rels_categories_id_idx\" ON \"products_rels\" USING btree (\"categories_id\");\n  CREATE INDEX \"_products_v_version_gallery_order_idx\" ON \"_products_v_version_gallery\" USING btree (\"_order\");\n  CREATE INDEX \"_products_v_version_gallery_parent_id_idx\" ON \"_products_v_version_gallery\" USING btree (\"_parent_id\");\n  CREATE INDEX \"_products_v_version_gallery_image_idx\" ON \"_products_v_version_gallery\" USING btree (\"image_id\");\n  CREATE INDEX \"_products_v_version_gallery_variant_option_idx\" ON \"_products_v_version_gallery\" USING btree (\"variant_option_id\");\n  CREATE INDEX \"_products_v_blocks_cta_links_order_idx\" ON \"_products_v_blocks_cta_links\" USING btree (\"_order\");\n  CREATE INDEX \"_products_v_blocks_cta_links_parent_id_idx\" ON \"_products_v_blocks_cta_links\" USING btree (\"_parent_id\");\n  CREATE INDEX \"_products_v_blocks_cta_order_idx\" ON \"_products_v_blocks_cta\" USING btree (\"_order\");\n  CREATE INDEX \"_products_v_blocks_cta_parent_id_idx\" ON \"_products_v_blocks_cta\" USING btree (\"_parent_id\");\n  CREATE INDEX \"_products_v_blocks_cta_path_idx\" ON \"_products_v_blocks_cta\" USING btree (\"_path\");\n  CREATE INDEX \"_products_v_blocks_content_columns_order_idx\" ON \"_products_v_blocks_content_columns\" USING btree (\"_order\");\n  CREATE INDEX \"_products_v_blocks_content_columns_parent_id_idx\" ON \"_products_v_blocks_content_columns\" USING btree (\"_parent_id\");\n  CREATE INDEX \"_products_v_blocks_content_order_idx\" ON \"_products_v_blocks_content\" USING btree (\"_order\");\n  CREATE INDEX \"_products_v_blocks_content_parent_id_idx\" ON \"_products_v_blocks_content\" USING btree (\"_parent_id\");\n  CREATE INDEX \"_products_v_blocks_content_path_idx\" ON \"_products_v_blocks_content\" USING btree (\"_path\");\n  CREATE INDEX \"_products_v_blocks_media_block_order_idx\" ON \"_products_v_blocks_media_block\" USING btree (\"_order\");\n  CREATE INDEX \"_products_v_blocks_media_block_parent_id_idx\" ON \"_products_v_blocks_media_block\" USING btree (\"_parent_id\");\n  CREATE INDEX \"_products_v_blocks_media_block_path_idx\" ON \"_products_v_blocks_media_block\" USING btree (\"_path\");\n  CREATE INDEX \"_products_v_blocks_media_block_media_idx\" ON \"_products_v_blocks_media_block\" USING btree (\"media_id\");\n  CREATE INDEX \"_products_v_version_included_files_order_idx\" ON \"_products_v_version_included_files\" USING btree (\"_order\");\n  CREATE INDEX \"_products_v_version_included_files_parent_id_idx\" ON \"_products_v_version_included_files\" USING btree (\"_parent_id\");\n  CREATE INDEX \"_products_v_version_product_f_a_q_order_idx\" ON \"_products_v_version_product_f_a_q\" USING btree (\"_order\");\n  CREATE INDEX \"_products_v_version_product_f_a_q_parent_id_idx\" ON \"_products_v_version_product_f_a_q\" USING btree (\"_parent_id\");\n  CREATE INDEX \"_products_v_parent_idx\" ON \"_products_v\" USING btree (\"parent_id\");\n  CREATE INDEX \"_products_v_version_meta_version_meta_image_idx\" ON \"_products_v\" USING btree (\"version_meta_image_id\");\n  CREATE INDEX \"_products_v_version_version_slug_idx\" ON \"_products_v\" USING btree (\"version_slug\");\n  CREATE INDEX \"_products_v_version_version_updated_at_idx\" ON \"_products_v\" USING btree (\"version_updated_at\");\n  CREATE INDEX \"_products_v_version_version_created_at_idx\" ON \"_products_v\" USING btree (\"version_created_at\");\n  CREATE INDEX \"_products_v_version_version_deleted_at_idx\" ON \"_products_v\" USING btree (\"version_deleted_at\");\n  CREATE INDEX \"_products_v_version_version__status_idx\" ON \"_products_v\" USING btree (\"version__status\");\n  CREATE INDEX \"_products_v_created_at_idx\" ON \"_products_v\" USING btree (\"created_at\");\n  CREATE INDEX \"_products_v_updated_at_idx\" ON \"_products_v\" USING btree (\"updated_at\");\n  CREATE INDEX \"_products_v_latest_idx\" ON \"_products_v\" USING btree (\"latest\");\n  CREATE INDEX \"_products_v_autosave_idx\" ON \"_products_v\" USING btree (\"autosave\");\n  CREATE INDEX \"_products_v_rels_order_idx\" ON \"_products_v_rels\" USING btree (\"order\");\n  CREATE INDEX \"_products_v_rels_parent_idx\" ON \"_products_v_rels\" USING btree (\"parent_id\");\n  CREATE INDEX \"_products_v_rels_path_idx\" ON \"_products_v_rels\" USING btree (\"path\");\n  CREATE INDEX \"_products_v_rels_pages_id_idx\" ON \"_products_v_rels\" USING btree (\"pages_id\");\n  CREATE INDEX \"_products_v_rels_variant_types_id_idx\" ON \"_products_v_rels\" USING btree (\"variant_types_id\");\n  CREATE INDEX \"_products_v_rels_products_id_idx\" ON \"_products_v_rels\" USING btree (\"products_id\");\n  CREATE INDEX \"_products_v_rels_categories_id_idx\" ON \"_products_v_rels\" USING btree (\"categories_id\");\n  CREATE INDEX \"carts_items_order_idx\" ON \"carts_items\" USING btree (\"_order\");\n  CREATE INDEX \"carts_items_parent_id_idx\" ON \"carts_items\" USING btree (\"_parent_id\");\n  CREATE INDEX \"carts_items_product_idx\" ON \"carts_items\" USING btree (\"product_id\");\n  CREATE INDEX \"carts_items_variant_idx\" ON \"carts_items\" USING btree (\"variant_id\");\n  CREATE INDEX \"carts_secret_idx\" ON \"carts\" USING btree (\"secret\");\n  CREATE INDEX \"carts_customer_idx\" ON \"carts\" USING btree (\"customer_id\");\n  CREATE INDEX \"carts_updated_at_idx\" ON \"carts\" USING btree (\"updated_at\");\n  CREATE INDEX \"carts_created_at_idx\" ON \"carts\" USING btree (\"created_at\");\n  CREATE INDEX \"orders_items_order_idx\" ON \"orders_items\" USING btree (\"_order\");\n  CREATE INDEX \"orders_items_parent_id_idx\" ON \"orders_items\" USING btree (\"_parent_id\");\n  CREATE INDEX \"orders_items_product_idx\" ON \"orders_items\" USING btree (\"product_id\");\n  CREATE INDEX \"orders_items_variant_idx\" ON \"orders_items\" USING btree (\"variant_id\");\n  CREATE INDEX \"orders_customer_idx\" ON \"orders\" USING btree (\"customer_id\");\n  CREATE UNIQUE INDEX \"orders_access_token_idx\" ON \"orders\" USING btree (\"access_token\");\n  CREATE INDEX \"orders_updated_at_idx\" ON \"orders\" USING btree (\"updated_at\");\n  CREATE INDEX \"orders_created_at_idx\" ON \"orders\" USING btree (\"created_at\");\n  CREATE INDEX \"orders_rels_order_idx\" ON \"orders_rels\" USING btree (\"order\");\n  CREATE INDEX \"orders_rels_parent_idx\" ON \"orders_rels\" USING btree (\"parent_id\");\n  CREATE INDEX \"orders_rels_path_idx\" ON \"orders_rels\" USING btree (\"path\");\n  CREATE INDEX \"orders_rels_transactions_id_idx\" ON \"orders_rels\" USING btree (\"transactions_id\");\n  CREATE INDEX \"transactions_items_order_idx\" ON \"transactions_items\" USING btree (\"_order\");\n  CREATE INDEX \"transactions_items_parent_id_idx\" ON \"transactions_items\" USING btree (\"_parent_id\");\n  CREATE INDEX \"transactions_items_product_idx\" ON \"transactions_items\" USING btree (\"product_id\");\n  CREATE INDEX \"transactions_items_variant_idx\" ON \"transactions_items\" USING btree (\"variant_id\");\n  CREATE INDEX \"transactions_customer_idx\" ON \"transactions\" USING btree (\"customer_id\");\n  CREATE INDEX \"transactions_order_idx\" ON \"transactions\" USING btree (\"order_id\");\n  CREATE INDEX \"transactions_cart_idx\" ON \"transactions\" USING btree (\"cart_id\");\n  CREATE INDEX \"transactions_updated_at_idx\" ON \"transactions\" USING btree (\"updated_at\");\n  CREATE INDEX \"transactions_created_at_idx\" ON \"transactions\" USING btree (\"created_at\");\n  CREATE UNIQUE INDEX \"payload_kv_key_idx\" ON \"payload_kv\" USING btree (\"key\");\n  CREATE INDEX \"payload_locked_documents_global_slug_idx\" ON \"payload_locked_documents\" USING btree (\"global_slug\");\n  CREATE INDEX \"payload_locked_documents_updated_at_idx\" ON \"payload_locked_documents\" USING btree (\"updated_at\");\n  CREATE INDEX \"payload_locked_documents_created_at_idx\" ON \"payload_locked_documents\" USING btree (\"created_at\");\n  CREATE INDEX \"payload_locked_documents_rels_order_idx\" ON \"payload_locked_documents_rels\" USING btree (\"order\");\n  CREATE INDEX \"payload_locked_documents_rels_parent_idx\" ON \"payload_locked_documents_rels\" USING btree (\"parent_id\");\n  CREATE INDEX \"payload_locked_documents_rels_path_idx\" ON \"payload_locked_documents_rels\" USING btree (\"path\");\n  CREATE INDEX \"payload_locked_documents_rels_users_id_idx\" ON \"payload_locked_documents_rels\" USING btree (\"users_id\");\n  CREATE INDEX \"payload_locked_documents_rels_pages_id_idx\" ON \"payload_locked_documents_rels\" USING btree (\"pages_id\");\n  CREATE INDEX \"payload_locked_documents_rels_categories_id_idx\" ON \"payload_locked_documents_rels\" USING btree (\"categories_id\");\n  CREATE INDEX \"payload_locked_documents_rels_media_id_idx\" ON \"payload_locked_documents_rels\" USING btree (\"media_id\");\n  CREATE INDEX \"payload_locked_documents_rels_digital_assets_id_idx\" ON \"payload_locked_documents_rels\" USING btree (\"digital_assets_id\");\n  CREATE INDEX \"payload_locked_documents_rels_download_access_id_idx\" ON \"payload_locked_documents_rels\" USING btree (\"download_access_id\");\n  CREATE INDEX \"payload_locked_documents_rels_download_logs_id_idx\" ON \"payload_locked_documents_rels\" USING btree (\"download_logs_id\");\n  CREATE INDEX \"payload_locked_documents_rels_licenses_id_idx\" ON \"payload_locked_documents_rels\" USING btree (\"licenses_id\");\n  CREATE INDEX \"payload_locked_documents_rels_payment_transactions_id_idx\" ON \"payload_locked_documents_rels\" USING btree (\"payment_transactions_id\");\n  CREATE INDEX \"payload_locked_documents_rels_coupons_id_idx\" ON \"payload_locked_documents_rels\" USING btree (\"coupons_id\");\n  CREATE INDEX \"payload_locked_documents_rels_promo_banners_id_idx\" ON \"payload_locked_documents_rels\" USING btree (\"promo_banners_id\");\n  CREATE INDEX \"payload_locked_documents_rels_testimonials_id_idx\" ON \"payload_locked_documents_rels\" USING btree (\"testimonials_id\");\n  CREATE INDEX \"payload_locked_documents_rels_support_tickets_id_idx\" ON \"payload_locked_documents_rels\" USING btree (\"support_tickets_id\");\n  CREATE INDEX \"payload_locked_documents_rels_support_messages_id_idx\" ON \"payload_locked_documents_rels\" USING btree (\"support_messages_id\");\n  CREATE INDEX \"payload_locked_documents_rels_email_templates_id_idx\" ON \"payload_locked_documents_rels\" USING btree (\"email_templates_id\");\n  CREATE INDEX \"payload_locked_documents_rels_stock_reservations_id_idx\" ON \"payload_locked_documents_rels\" USING btree (\"stock_reservations_id\");\n  CREATE INDEX \"payload_locked_documents_rels_forms_id_idx\" ON \"payload_locked_documents_rels\" USING btree (\"forms_id\");\n  CREATE INDEX \"payload_locked_documents_rels_form_submissions_id_idx\" ON \"payload_locked_documents_rels\" USING btree (\"form_submissions_id\");\n  CREATE INDEX \"payload_locked_documents_rels_addresses_id_idx\" ON \"payload_locked_documents_rels\" USING btree (\"addresses_id\");\n  CREATE INDEX \"payload_locked_documents_rels_variants_id_idx\" ON \"payload_locked_documents_rels\" USING btree (\"variants_id\");\n  CREATE INDEX \"payload_locked_documents_rels_variant_types_id_idx\" ON \"payload_locked_documents_rels\" USING btree (\"variant_types_id\");\n  CREATE INDEX \"payload_locked_documents_rels_variant_options_id_idx\" ON \"payload_locked_documents_rels\" USING btree (\"variant_options_id\");\n  CREATE INDEX \"payload_locked_documents_rels_products_id_idx\" ON \"payload_locked_documents_rels\" USING btree (\"products_id\");\n  CREATE INDEX \"payload_locked_documents_rels_carts_id_idx\" ON \"payload_locked_documents_rels\" USING btree (\"carts_id\");\n  CREATE INDEX \"payload_locked_documents_rels_orders_id_idx\" ON \"payload_locked_documents_rels\" USING btree (\"orders_id\");\n  CREATE INDEX \"payload_locked_documents_rels_transactions_id_idx\" ON \"payload_locked_documents_rels\" USING btree (\"transactions_id\");\n  CREATE INDEX \"payload_preferences_key_idx\" ON \"payload_preferences\" USING btree (\"key\");\n  CREATE INDEX \"payload_preferences_updated_at_idx\" ON \"payload_preferences\" USING btree (\"updated_at\");\n  CREATE INDEX \"payload_preferences_created_at_idx\" ON \"payload_preferences\" USING btree (\"created_at\");\n  CREATE INDEX \"payload_preferences_rels_order_idx\" ON \"payload_preferences_rels\" USING btree (\"order\");\n  CREATE INDEX \"payload_preferences_rels_parent_idx\" ON \"payload_preferences_rels\" USING btree (\"parent_id\");\n  CREATE INDEX \"payload_preferences_rels_path_idx\" ON \"payload_preferences_rels\" USING btree (\"path\");\n  CREATE INDEX \"payload_preferences_rels_users_id_idx\" ON \"payload_preferences_rels\" USING btree (\"users_id\");\n  CREATE INDEX \"payload_migrations_updated_at_idx\" ON \"payload_migrations\" USING btree (\"updated_at\");\n  CREATE INDEX \"payload_migrations_created_at_idx\" ON \"payload_migrations\" USING btree (\"created_at\");\n  CREATE INDEX \"header_nav_items_order_idx\" ON \"header_nav_items\" USING btree (\"_order\");\n  CREATE INDEX \"header_nav_items_parent_id_idx\" ON \"header_nav_items\" USING btree (\"_parent_id\");\n  CREATE INDEX \"header_rels_order_idx\" ON \"header_rels\" USING btree (\"order\");\n  CREATE INDEX \"header_rels_parent_idx\" ON \"header_rels\" USING btree (\"parent_id\");\n  CREATE INDEX \"header_rels_path_idx\" ON \"header_rels\" USING btree (\"path\");\n  CREATE INDEX \"header_rels_pages_id_idx\" ON \"header_rels\" USING btree (\"pages_id\");\n  CREATE INDEX \"footer_nav_items_order_idx\" ON \"footer_nav_items\" USING btree (\"_order\");\n  CREATE INDEX \"footer_nav_items_parent_id_idx\" ON \"footer_nav_items\" USING btree (\"_parent_id\");\n  CREATE INDEX \"footer_rels_order_idx\" ON \"footer_rels\" USING btree (\"order\");\n  CREATE INDEX \"footer_rels_parent_idx\" ON \"footer_rels\" USING btree (\"parent_id\");\n  CREATE INDEX \"footer_rels_path_idx\" ON \"footer_rels\" USING btree (\"path\");\n  CREATE INDEX \"footer_rels_pages_id_idx\" ON \"footer_rels\" USING btree (\"pages_id\");\n  CREATE INDEX \"settings_trust_badges_partner_logos_order_idx\" ON \"settings_trust_badges_partner_logos\" USING btree (\"_order\");\n  CREATE INDEX \"settings_trust_badges_partner_logos_parent_id_idx\" ON \"settings_trust_badges_partner_logos\" USING btree (\"_parent_id\");\n  CREATE INDEX \"settings_trust_badges_partner_logos_logo_idx\" ON \"settings_trust_badges_partner_logos\" USING btree (\"logo_id\");\n  CREATE INDEX \"settings_logo_idx\" ON \"settings\" USING btree (\"logo_id\");\n  CREATE INDEX \"settings_favicon_idx\" ON \"settings\" USING btree (\"favicon_id\");\n  CREATE INDEX \"settings_legal_pages_legal_pages_terms_page_idx\" ON \"settings\" USING btree (\"legal_pages_terms_page_id\");\n  CREATE INDEX \"settings_legal_pages_legal_pages_privacy_page_idx\" ON \"settings\" USING btree (\"legal_pages_privacy_page_id\");\n  CREATE INDEX \"settings_legal_pages_legal_pages_refund_page_idx\" ON \"settings\" USING btree (\"legal_pages_refund_page_id\");\nparams: : tipe « enum_users_roles » sudah ada",
      "stack":
          Error: Failed query: 
             CREATE TYPE "public"."enum_users_roles" AS ENUM('admin', 'manager', 'finance', 'support', 'customer');
            CREATE TYPE "public"."enum_users_status" AS ENUM('active', 'inactive', 'blocked');
            CREATE TYPE "public"."enum_pages_hero_links_link_type" AS ENUM('reference', 'custom');
            CREATE TYPE "public"."enum_pages_hero_links_link_appearance" AS ENUM('default', 'outline');
            CREATE TYPE "public"."enum_pages_blocks_cta_links_link_type" AS ENUM('reference', 'custom');
            CREATE TYPE "public"."enum_pages_blocks_cta_links_link_appearance" AS ENUM('default', 'outline');
            CREATE TYPE "public"."enum_pages_blocks_content_columns_size" AS ENUM('oneThird', 'half', 'twoThirds', 'full');
            CREATE TYPE "public"."enum_pages_blocks_content_columns_link_type" AS ENUM('reference', 'custom');
            CREATE TYPE "public"."enum_pages_blocks_content_columns_link_appearance" AS ENUM('default', 'outline');
            CREATE TYPE "public"."enum_pages_blocks_archive_populate_by" AS ENUM('collection', 'selection');
            CREATE TYPE "public"."enum_pages_blocks_archive_relation_to" AS ENUM('products');
            CREATE TYPE "public"."enum_pages_blocks_carousel_populate_by" AS ENUM('collection', 'selection');
            CREATE TYPE "public"."enum_pages_blocks_carousel_relation_to" AS ENUM('products');
            CREATE TYPE "public"."enum_pages_blocks_banner_style" AS ENUM('info', 'warning', 'error', 'success');
            CREATE TYPE "public"."enum_pages_hero_type" AS ENUM('none', 'aiMarketplace', 'highImpact', 'mediumImpact', 'lowImpact');
            CREATE TYPE "public"."enum_pages_status" AS ENUM('draft', 'published');
            CREATE TYPE "public"."enum__pages_v_version_hero_links_link_type" AS ENUM('reference', 'custom');
            CREATE TYPE "public"."enum__pages_v_version_hero_links_link_appearance" AS ENUM('default', 'outline');
            CREATE TYPE "public"."enum__pages_v_blocks_cta_links_link_type" AS ENUM('reference', 'custom');
            CREATE TYPE "public"."enum__pages_v_blocks_cta_links_link_appearance" AS ENUM('default', 'outline');
            CREATE TYPE "public"."enum__pages_v_blocks_content_columns_size" AS ENUM('oneThird', 'half', 'twoThirds', 'full');
            CREATE TYPE "public"."enum__pages_v_blocks_content_columns_link_type" AS ENUM('reference', 'custom');
            CREATE TYPE "public"."enum__pages_v_blocks_content_columns_link_appearance" AS ENUM('default', 'outline');
            CREATE TYPE "public"."enum__pages_v_blocks_archive_populate_by" AS ENUM('collection', 'selection');
            CREATE TYPE "public"."enum__pages_v_blocks_archive_relation_to" AS ENUM('products');
            CREATE TYPE "public"."enum__pages_v_blocks_carousel_populate_by" AS ENUM('collection', 'selection');
            CREATE TYPE "public"."enum__pages_v_blocks_carousel_relation_to" AS ENUM('products');
            CREATE TYPE "public"."enum__pages_v_blocks_banner_style" AS ENUM('info', 'warning', 'error', 'success');
            CREATE TYPE "public"."enum__pages_v_version_hero_type" AS ENUM('none', 'aiMarketplace', 'highImpact', 'mediumImpact', 'lowImpact');
            CREATE TYPE "public"."enum__pages_v_version_status" AS ENUM('draft', 'published');
            CREATE TYPE "public"."enum_digital_assets_status" AS ENUM('active', 'draft', 'archived');
            CREATE TYPE "public"."enum_download_access_status" AS ENUM('active', 'expired', 'revoked');
            CREATE TYPE "public"."enum_licenses_status" AS ENUM('active', 'inactive', 'expired', 'revoked');
            CREATE TYPE "public"."enum_payment_transactions_provider" AS ENUM('stripe', 'midtrans', 'xendit', 'manual', 'dummy');
            CREATE TYPE "public"."enum_payment_transactions_status" AS ENUM('created', 'waiting_payment', 'settlement', 'capture', 'deny', 'cancel', 'expire', 'refund');
            CREATE TYPE "public"."enum_coupons_discount_type" AS ENUM('percentage', 'fixed');
            CREATE TYPE "public"."enum_coupons_status" AS ENUM('active', 'inactive', 'expired');
            CREATE TYPE "public"."enum_promo_banners_status" AS ENUM('draft', 'published');
            CREATE TYPE "public"."enum_testimonials_status" AS ENUM('draft', 'published');
            CREATE TYPE "public"."enum_support_tickets_category" AS ENUM('payment_issue', 'download_problem', 'license_key_problem', 'product_access_problem', 'refund_request', 'technical_support', 'general_question');
            CREATE TYPE "public"."enum_support_tickets_priority" AS ENUM('low', 'medium', 'high', 'urgent');
            CREATE TYPE "public"."enum_support_tickets_status" AS ENUM('open', 'waiting_customer', 'in_progress', 'resolved', 'closed');
            CREATE TYPE "public"."enum_support_messages_sender_role" AS ENUM('customer', 'admin', 'support');
            CREATE TYPE "public"."enum_email_templates_type" AS ENUM('welcome', 'order_paid', 'payment_pending', 'download_ready', 'license_created', 'support_reply', 'password_reset');
            CREATE TYPE "public"."enum_email_templates_status" AS ENUM('active', 'inactive');
            CREATE TYPE "public"."enum_stock_reservations_status" AS ENUM('pending', 'confirmed', 'released');
            CREATE TYPE "public"."enum_forms_confirmation_type" AS ENUM('message', 'redirect');
            CREATE TYPE "public"."enum_addresses_country" AS ENUM('US', 'GB', 'CA', 'AU', 'AT', 'BE', 'BR', 'BG', 'CY', 'CZ', 'DK', 'EE', 'FI', 'FR', 'DE', 'GR', 'HK', 'HU', 'IN', 'IE', 'IT', 'JP', 'LV', 'LT', 'LU', 'MY', 'MT', 'MX', 'NL', 'NZ', 'NO', 'PL', 'PT', 'RO', 'SG', 'SK', 'SI', 'ES', 'SE', 'CH');
            CREATE TYPE "public"."enum_variants_status" AS ENUM('draft', 'published');
            CREATE TYPE "public"."enum__variants_v_version_status" AS ENUM('draft', 'published');
            CREATE TYPE "public"."enum_products_blocks_cta_links_link_type" AS ENUM('reference', 'custom');
            CREATE TYPE "public"."enum_products_blocks_cta_links_link_appearance" AS ENUM('default', 'outline');
            CREATE TYPE "public"."enum_products_blocks_content_columns_size" AS ENUM('oneThird', 'half', 'twoThirds', 'full');
            CREATE TYPE "public"."enum_products_blocks_content_columns_link_type" AS ENUM('reference', 'custom');
            CREATE TYPE "public"."enum_products_blocks_content_columns_link_appearance" AS ENUM('default', 'outline');
            CREATE TYPE "public"."enum_products_product_type" AS ENUM('digital', 'license_key', 'ebook', 'template', 'source_code', 'ui_kit', 'prompt_pack');
            CREATE TYPE "public"."enum_products_license_type" AS ENUM('standard', 'extended', 'personal', 'commercial', 'unlimited');
            CREATE TYPE "public"."enum_products_badge" AS ENUM('new', 'best_seller', 'discount');
            CREATE TYPE "public"."enum_products_status" AS ENUM('draft', 'published');
            CREATE TYPE "public"."enum__products_v_blocks_cta_links_link_type" AS ENUM('reference', 'custom');
            CREATE TYPE "public"."enum__products_v_blocks_cta_links_link_appearance" AS ENUM('default', 'outline');
            CREATE TYPE "public"."enum__products_v_blocks_content_columns_size" AS ENUM('oneThird', 'half', 'twoThirds', 'full');
            CREATE TYPE "public"."enum__products_v_blocks_content_columns_link_type" AS ENUM('reference', 'custom');
            CREATE TYPE "public"."enum__products_v_blocks_content_columns_link_appearance" AS ENUM('default', 'outline');
            CREATE TYPE "public"."enum__products_v_version_product_type" AS ENUM('digital', 'license_key', 'ebook', 'template', 'source_code', 'ui_kit', 'prompt_pack');
            CREATE TYPE "public"."enum__products_v_version_license_type" AS ENUM('standard', 'extended', 'personal', 'commercial', 'unlimited');
            CREATE TYPE "public"."enum__products_v_version_badge" AS ENUM('new', 'best_seller', 'discount');
            CREATE TYPE "public"."enum__products_v_version_status" AS ENUM('draft', 'published');
            CREATE TYPE "public"."enum_carts_currency" AS ENUM('IDR', 'USD');
            CREATE TYPE "public"."enum_orders_status" AS ENUM('processing', 'completed', 'cancelled', 'refunded');
            CREATE TYPE "public"."enum_orders_currency" AS ENUM('IDR', 'USD');
            CREATE TYPE "public"."enum_transactions_payment_method" AS ENUM('pakasir');
            CREATE TYPE "public"."enum_transactions_status" AS ENUM('pending', 'succeeded', 'failed', 'cancelled', 'expired', 'refunded');
            CREATE TYPE "public"."enum_transactions_currency" AS ENUM('IDR', 'USD');
            CREATE TYPE "public"."enum_header_nav_items_link_type" AS ENUM('reference', 'custom');
            CREATE TYPE "public"."enum_footer_nav_items_link_type" AS ENUM('reference', 'custom');
            CREATE TABLE "users_roles" (
            	"order" integer NOT NULL,
            	"parent_id" integer NOT NULL,
            	"value" "enum_users_roles",
            	"id" serial PRIMARY KEY NOT NULL
            );
            
            CREATE TABLE "users_sessions" (
            	"_order" integer NOT NULL,
            	"_parent_id" integer NOT NULL,
            	"id" varchar PRIMARY KEY NOT NULL,
            	"created_at" timestamp(3) with time zone,
            	"expires_at" timestamp(3) with time zone NOT NULL
            );
            
            CREATE TABLE "users" (
            	"id" serial PRIMARY KEY NOT NULL,
            	"name" varchar,
            	"google_id" varchar,
            	"avatar_id" integer,
            	"status" "enum_users_status" DEFAULT 'active',
            	"updated_at" timestamp(3) with time zone DEFAULT now() NOT NULL,
            	"created_at" timestamp(3) with time zone DEFAULT now() NOT NULL,
            	"email" varchar NOT NULL,
            	"reset_password_token" varchar,
            	"reset_password_expiration" timestamp(3) with time zone,
            	"salt" varchar,
            	"hash" varchar,
            	"login_attempts" numeric DEFAULT 0,
            	"lock_until" timestamp(3) with time zone
            );
            
            CREATE TABLE "pages_hero_links" (
            	"_order" integer NOT NULL,
            	"_parent_id" integer NOT NULL,
            	"id" varchar PRIMARY KEY NOT NULL,
            	"link_type" "enum_pages_hero_links_link_type" DEFAULT 'reference',
            	"link_new_tab" boolean,
            	"link_url" varchar,
            	"link_label" varchar,
            	"link_appearance" "enum_pages_hero_links_link_appearance" DEFAULT 'default'
            );
            
            CREATE TABLE "pages_blocks_cta_links" (
            	"_order" integer NOT NULL,
            	"_parent_id" varchar NOT NULL,
            	"id" varchar PRIMARY KEY NOT NULL,
            	"link_type" "enum_pages_blocks_cta_links_link_type" DEFAULT 'reference',
            	"link_new_tab" boolean,
            	"link_url" varchar,
            	"link_label" varchar,
            	"link_appearance" "enum_pages_blocks_cta_links_link_appearance" DEFAULT 'default'
            );
            
            CREATE TABLE "pages_blocks_cta" (
            	"_order" integer NOT NULL,
            	"_parent_id" integer NOT NULL,
            	"_path" text NOT NULL,
            	"id" varchar PRIMARY KEY NOT NULL,
            	"rich_text" jsonb,
            	"block_name" varchar
            );
            
            CREATE TABLE "pages_blocks_content_columns" (
            	"_order" integer NOT NULL,
            	"_parent_id" varchar NOT NULL,
            	"id" varchar PRIMARY KEY NOT NULL,
            	"size" "enum_pages_blocks_content_columns_size" DEFAULT 'oneThird',
            	"rich_text" jsonb,
            	"enable_link" boolean,
            	"link_type" "enum_pages_blocks_content_columns_link_type" DEFAULT 'reference',
            	"link_new_tab" boolean,
            	"link_url" varchar,
            	"link_label" varchar,
            	"link_appearance" "enum_pages_blocks_content_columns_link_appearance" DEFAULT 'default'
            );
            
            CREATE TABLE "pages_blocks_content" (
            	"_order" integer NOT NULL,
            	"_parent_id" integer NOT NULL,
            	"_path" text NOT NULL,
            	"id" varchar PRIMARY KEY NOT NULL,
            	"block_name" varchar
            );
            
            CREATE TABLE "pages_blocks_media_block" (
            	"_order" integer NOT NULL,
            	"_parent_id" integer NOT NULL,
            	"_path" text NOT NULL,
            	"id" varchar PRIMARY KEY NOT NULL,
            	"media_id" integer,
            	"block_name" varchar
            );
            
            CREATE TABLE "pages_blocks_archive" (
            	"_order" integer NOT NULL,
            	"_parent_id" integer NOT NULL,
            	"_path" text NOT NULL,
            	"id" varchar PRIMARY KEY NOT NULL,
            	"intro_content" jsonb,
            	"populate_by" "enum_pages_blocks_archive_populate_by" DEFAULT 'collection',
            	"relation_to" "enum_pages_blocks_archive_relation_to" DEFAULT 'products',
            	"limit" numeric DEFAULT 10,
            	"block_name" varchar
            );
            
            CREATE TABLE "pages_blocks_carousel" (
            	"_order" integer NOT NULL,
            	"_parent_id" integer NOT NULL,
            	"_path" text NOT NULL,
            	"id" varchar PRIMARY KEY NOT NULL,
            	"populate_by" "enum_pages_blocks_carousel_populate_by" DEFAULT 'collection',
            	"relation_to" "enum_pages_blocks_carousel_relation_to" DEFAULT 'products',
            	"limit" numeric DEFAULT 10,
            	"populated_docs_total" numeric,
            	"block_name" varchar
            );
            
            CREATE TABLE "pages_blocks_three_item_grid" (
            	"_order" integer NOT NULL,
            	"_parent_id" integer NOT NULL,
            	"_path" text NOT NULL,
            	"id" varchar PRIMARY KEY NOT NULL,
            	"block_name" varchar
            );
            
            CREATE TABLE "pages_blocks_banner" (
            	"_order" integer NOT NULL,
            	"_parent_id" integer NOT NULL,
            	"_path" text NOT NULL,
            	"id" varchar PRIMARY KEY NOT NULL,
            	"style" "enum_pages_blocks_banner_style" DEFAULT 'info',
            	"content" jsonb,
            	"block_name" varchar
            );
            
            CREATE TABLE "pages_blocks_form_block" (
            	"_order" integer NOT NULL,
            	"_parent_id" integer NOT NULL,
            	"_path" text NOT NULL,
            	"id" varchar PRIMARY KEY NOT NULL,
            	"form_id" integer,
            	"enable_intro" boolean,
            	"intro_content" jsonb,
            	"block_name" varchar
            );
            
            CREATE TABLE "pages" (
            	"id" serial PRIMARY KEY NOT NULL,
            	"title" varchar,
            	"published_on" timestamp(3) with time zone,
            	"hero_type" "enum_pages_hero_type" DEFAULT 'aiMarketplace',
            	"hero_rich_text" jsonb,
            	"hero_media_id" integer,
            	"meta_title" varchar,
            	"meta_image_id" integer,
            	"meta_description" varchar,
            	"generate_slug" boolean DEFAULT true,
            	"slug" varchar,
            	"updated_at" timestamp(3) with time zone DEFAULT now() NOT NULL,
            	"created_at" timestamp(3) with time zone DEFAULT now() NOT NULL,
            	"_status" "enum_pages_status" DEFAULT 'draft'
            );
            
            CREATE TABLE "pages_rels" (
            	"id" serial PRIMARY KEY NOT NULL,
            	"order" integer,
            	"parent_id" integer NOT NULL,
            	"path" varchar NOT NULL,
            	"pages_id" integer,
            	"categories_id" integer,
            	"products_id" integer
            );
            
            CREATE TABLE "_pages_v_version_hero_links" (
            	"_order" integer NOT NULL,
            	"_parent_id" integer NOT NULL,
            	"id" serial PRIMARY KEY NOT NULL,
            	"link_type" "enum__pages_v_version_hero_links_link_type" DEFAULT 'reference',
            	"link_new_tab" boolean,
            	"link_url" varchar,
            	"link_label" varchar,
            	"link_appearance" "enum__pages_v_version_hero_links_link_appearance" DEFAULT 'default',
            	"_uuid" varchar
            );
            
            CREATE TABLE "_pages_v_blocks_cta_links" (
            	"_order" integer NOT NULL,
            	"_parent_id" integer NOT NULL,
            	"id" serial PRIMARY KEY NOT NULL,
            	"link_type" "enum__pages_v_blocks_cta_links_link_type" DEFAULT 'reference',
            	"link_new_tab" boolean,
            	"link_url" varchar,
            	"link_label" varchar,
            	"link_appearance" "enum__pages_v_blocks_cta_links_link_appearance" DEFAULT 'default',
            	"_uuid" varchar
            );
            
            CREATE TABLE "_pages_v_blocks_cta" (
            	"_order" integer NOT NULL,
            	"_parent_id" integer NOT NULL,
            	"_path" text NOT NULL,
            	"id" serial PRIMARY KEY NOT NULL,
            	"rich_text" jsonb,
            	"_uuid" varchar,
            	"block_name" varchar
            );
            
            CREATE TABLE "_pages_v_blocks_content_columns" (
            	"_order" integer NOT NULL,
            	"_parent_id" integer NOT NULL,
            	"id" serial PRIMARY KEY NOT NULL,
            	"size" "enum__pages_v_blocks_content_columns_size" DEFAULT 'oneThird',
            	"rich_text" jsonb,
            	"enable_link" boolean,
            	"link_type" "enum__pages_v_blocks_content_columns_link_type" DEFAULT 'reference',
            	"link_new_tab" boolean,
            	"link_url" varchar,
            	"link_label" varchar,
            	"link_appearance" "enum__pages_v_blocks_content_columns_link_appearance" DEFAULT 'default',
            	"_uuid" varchar
            );
            
            CREATE TABLE "_pages_v_blocks_content" (
            	"_order" integer NOT NULL,
            	"_parent_id" integer NOT NULL,
            	"_path" text NOT NULL,
            	"id" serial PRIMARY KEY NOT NULL,
            	"_uuid" varchar,
            	"block_name" varchar
            );
            
            CREATE TABLE "_pages_v_blocks_media_block" (
            	"_order" integer NOT NULL,
            	"_parent_id" integer NOT NULL,
            	"_path" text NOT NULL,
            	"id" serial PRIMARY KEY NOT NULL,
            	"media_id" integer,
            	"_uuid" varchar,
            	"block_name" varchar
            );
            
            CREATE TABLE "_pages_v_blocks_archive" (
            	"_order" integer NOT NULL,
            	"_parent_id" integer NOT NULL,
            	"_path" text NOT NULL,
            	"id" serial PRIMARY KEY NOT NULL,
            	"intro_content" jsonb,
            	"populate_by" "enum__pages_v_blocks_archive_populate_by" DEFAULT 'collection',
            	"relation_to" "enum__pages_v_blocks_archive_relation_to" DEFAULT 'products',
            	"limit" numeric DEFAULT 10,
            	"_uuid" varchar,
            	"block_name" varchar
            );
            
            CREATE TABLE "_pages_v_blocks_carousel" (
            	"_order" integer NOT NULL,
            	"_parent_id" integer NOT NULL,
            	"_path" text NOT NULL,
            	"id" serial PRIMARY KEY NOT NULL,
            	"populate_by" "enum__pages_v_blocks_carousel_populate_by" DEFAULT 'collection',
            	"relation_to" "enum__pages_v_blocks_carousel_relation_to" DEFAULT 'products',
            	"limit" numeric DEFAULT 10,
            	"populated_docs_total" numeric,
            	"_uuid" varchar,
            	"block_name" varchar
            );
            
            CREATE TABLE "_pages_v_blocks_three_item_grid" (
            	"_order" integer NOT NULL,
            	"_parent_id" integer NOT NULL,
            	"_path" text NOT NULL,
            	"id" serial PRIMARY KEY NOT NULL,
            	"_uuid" varchar,
            	"block_name" varchar
            );
            
            CREATE TABLE "_pages_v_blocks_banner" (
            	"_order" integer NOT NULL,
            	"_parent_id" integer NOT NULL,
            	"_path" text NOT NULL,
            	"id" serial PRIMARY KEY NOT NULL,
            	"style" "enum__pages_v_blocks_banner_style" DEFAULT 'info',
            	"content" jsonb,
            	"_uuid" varchar,
            	"block_name" varchar
            );
            
            CREATE TABLE "_pages_v_blocks_form_block" (
            	"_order" integer NOT NULL,
            	"_parent_id" integer NOT NULL,
            	"_path" text NOT NULL,
            	"id" serial PRIMARY KEY NOT NULL,
            	"form_id" integer,
            	"enable_intro" boolean,
            	"intro_content" jsonb,
            	"_uuid" varchar,
            	"block_name" varchar
            );
            
            CREATE TABLE "_pages_v" (
            	"id" serial PRIMARY KEY NOT NULL,
            	"parent_id" integer,
            	"version_title" varchar,
            	"version_published_on" timestamp(3) with time zone,
            	"version_hero_type" "enum__pages_v_version_hero_type" DEFAULT 'aiMarketplace',
            	"version_hero_rich_text" jsonb,
            	"version_hero_media_id" integer,
            	"version_meta_title" varchar,
            	"version_meta_image_id" integer,
            	"version_meta_description" varchar,
            	"version_generate_slug" boolean DEFAULT true,
            	"version_slug" varchar,
            	"version_updated_at" timestamp(3) with time zone,
            	"version_created_at" timestamp(3) with time zone,
            	"version__status" "enum__pages_v_version_status" DEFAULT 'draft',
            	"created_at" timestamp(3) with time zone DEFAULT now() NOT NULL,
            	"updated_at" timestamp(3) with time zone DEFAULT now() NOT NULL,
            	"latest" boolean,
            	"autosave" boolean
            );
            
            CREATE TABLE "_pages_v_rels" (
            	"id" serial PRIMARY KEY NOT NULL,
            	"order" integer,
            	"parent_id" integer NOT NULL,
            	"path" varchar NOT NULL,
            	"pages_id" integer,
            	"categories_id" integer,
            	"products_id" integer
            );
            
            CREATE TABLE "categories" (
            	"id" serial PRIMARY KEY NOT NULL,
            	"title" varchar NOT NULL,
            	"generate_slug" boolean DEFAULT true,
            	"slug" varchar NOT NULL,
            	"updated_at" timestamp(3) with time zone DEFAULT now() NOT NULL,
            	"created_at" timestamp(3) with time zone DEFAULT now() NOT NULL
            );
            
            CREATE TABLE "media" (
            	"id" serial PRIMARY KEY NOT NULL,
            	"alt" varchar NOT NULL,
            	"caption" jsonb,
            	"updated_at" timestamp(3) with time zone DEFAULT now() NOT NULL,
            	"created_at" timestamp(3) with time zone DEFAULT now() NOT NULL,
            	"url" varchar,
            	"thumbnail_u_r_l" varchar,
            	"filename" varchar,
            	"mime_type" varchar,
            	"filesize" numeric,
            	"width" numeric,
            	"height" numeric,
            	"focal_x" numeric,
            	"focal_y" numeric
            );
            
            CREATE TABLE "digital_assets" (
            	"id" serial PRIMARY KEY NOT NULL,
            	"product_id" integer NOT NULL,
            	"file_id" integer NOT NULL,
            	"file_name" varchar NOT NULL,
            	"file_size" numeric,
            	"version" varchar DEFAULT '1.0.0',
            	"changelog" varchar,
            	"protected" boolean DEFAULT true,
            	"status" "enum_digital_assets_status" DEFAULT 'active' NOT NULL,
            	"updated_at" timestamp(3) with time zone DEFAULT now() NOT NULL,
            	"created_at" timestamp(3) with time zone DEFAULT now() NOT NULL
            );
            
            CREATE TABLE "download_access" (
            	"id" serial PRIMARY KEY NOT NULL,
            	"customer_id" integer NOT NULL,
            	"product_id" integer NOT NULL,
            	"order_id" integer NOT NULL,
            	"asset_id" integer NOT NULL,
            	"status" "enum_download_access_status" DEFAULT 'active' NOT NULL,
            	"max_downloads" numeric DEFAULT 10,
            	"download_count" numeric DEFAULT 0,
            	"expires_at" timestamp(3) with time zone,
            	"updated_at" timestamp(3) with time zone DEFAULT now() NOT NULL,
            	"created_at" timestamp(3) with time zone DEFAULT now() NOT NULL
            );
            
            CREATE TABLE "download_logs" (
            	"id" serial PRIMARY KEY NOT NULL,
            	"customer_id" integer NOT NULL,
            	"product_id" integer NOT NULL,
            	"asset_id" integer NOT NULL,
            	"order_id" integer NOT NULL,
            	"ip" varchar,
            	"user_agent" varchar,
            	"downloaded_at" timestamp(3) with time zone,
            	"updated_at" timestamp(3) with time zone DEFAULT now() NOT NULL,
            	"created_at" timestamp(3) with time zone DEFAULT now() NOT NULL
            );
            
            CREATE TABLE "licenses" (
            	"id" serial PRIMARY KEY NOT NULL,
            	"customer_id" integer NOT NULL,
            	"product_id" integer NOT NULL,
            	"order_id" integer NOT NULL,
            	"license_key" varchar NOT NULL,
            	"status" "enum_licenses_status" DEFAULT 'active' NOT NULL,
            	"max_activations" numeric DEFAULT 1,
            	"activation_count" numeric DEFAULT 0,
            	"expires_at" timestamp(3) with time zone,
            	"updated_at" timestamp(3) with time zone DEFAULT now() NOT NULL,
            	"created_at" timestamp(3) with time zone DEFAULT now() NOT NULL
            );
            
            CREATE TABLE "payment_transactions" (
            	"id" serial PRIMARY KEY NOT NULL,
            	"order_id" integer NOT NULL,
            	"customer_id" integer NOT NULL,
            	"provider" "enum_payment_transactions_provider" NOT NULL,
            	"provider_transaction_id" varchar NOT NULL,
            	"amount" numeric NOT NULL,
            	"currency" varchar DEFAULT 'USD' NOT NULL,
            	"status" "enum_payment_transactions_status" DEFAULT 'created' NOT NULL,
            	"raw_payload" jsonb,
            	"updated_at" timestamp(3) with time zone DEFAULT now() NOT NULL,
            	"created_at" timestamp(3) with time zone DEFAULT now() NOT NULL
            );
            
            CREATE TABLE "coupons" (
            	"id" serial PRIMARY KEY NOT NULL,
            	"code" varchar NOT NULL,
            	"discount_type" "enum_coupons_discount_type" NOT NULL,
            	"amount" numeric NOT NULL,
            	"usage_limit" numeric,
            	"used_count" numeric DEFAULT 0,
            	"starts_at" timestamp(3) with time zone,
            	"expires_at" timestamp(3) with time zone,
            	"status" "enum_coupons_status" DEFAULT 'active' NOT NULL,
            	"updated_at" timestamp(3) with time zone DEFAULT now() NOT NULL,
            	"created_at" timestamp(3) with time zone DEFAULT now() NOT NULL
            );
            
            CREATE TABLE "promo_banners" (
            	"id" serial PRIMARY KEY NOT NULL,
            	"title" varchar NOT NULL,
            	"image_id" integer NOT NULL,
            	"link" varchar,
            	"status" "enum_promo_banners_status" DEFAULT 'draft' NOT NULL,
            	"priority" numeric DEFAULT 0,
            	"start_date" timestamp(3) with time zone,
            	"end_date" timestamp(3) with time zone,
            	"updated_at" timestamp(3) with time zone DEFAULT now() NOT NULL,
            	"created_at" timestamp(3) with time zone DEFAULT now() NOT NULL
            );
            
            CREATE TABLE "testimonials" (
            	"id" serial PRIMARY KEY NOT NULL,
            	"name" varchar NOT NULL,
            	"role" varchar NOT NULL,
            	"avatar_id" integer,
            	"comment_id" varchar NOT NULL,
            	"comment_en" varchar NOT NULL,
            	"rating" numeric DEFAULT 5 NOT NULL,
            	"status" "enum_testimonials_status" DEFAULT 'draft' NOT NULL,
            	"priority" numeric DEFAULT 0,
            	"updated_at" timestamp(3) with time zone DEFAULT now() NOT NULL,
            	"created_at" timestamp(3) with time zone DEFAULT now() NOT NULL
            );
            
            CREATE TABLE "support_tickets" (
            	"id" serial PRIMARY KEY NOT NULL,
            	"ticket_number" varchar,
            	"customer_id" integer NOT NULL,
            	"related_order_id" integer,
            	"related_product_id" integer,
            	"subject" varchar NOT NULL,
            	"category" "enum_support_tickets_category" NOT NULL,
            	"priority" "enum_support_tickets_priority" DEFAULT 'medium' NOT NULL,
            	"status" "enum_support_tickets_status" DEFAULT 'open' NOT NULL,
            	"assigned_to_id" integer,
            	"updated_at" timestamp(3) with time zone DEFAULT now() NOT NULL,
            	"created_at" timestamp(3) with time zone DEFAULT now() NOT NULL
            );
            
            CREATE TABLE "support_messages_attachments" (
            	"_order" integer NOT NULL,
            	"_parent_id" integer NOT NULL,
            	"id" varchar PRIMARY KEY NOT NULL,
            	"file_id" integer NOT NULL
            );
            
            CREATE TABLE "support_messages" (
            	"id" serial PRIMARY KEY NOT NULL,
            	"ticket_id" integer NOT NULL,
            	"sender_id" integer NOT NULL,
            	"sender_role" "enum_support_messages_sender_role" NOT NULL,
            	"message" varchar NOT NULL,
            	"is_internal_note" boolean DEFAULT false,
            	"updated_at" timestamp(3) with time zone DEFAULT now() NOT NULL,
            	"created_at" timestamp(3) with time zone DEFAULT now() NOT NULL
            );
            
            CREATE TABLE "email_templates" (
            	"id" serial PRIMARY KEY NOT NULL,
            	"name" varchar NOT NULL,
            	"subject" varchar NOT NULL,
            	"body" varchar NOT NULL,
            	"type" "enum_email_templates_type" NOT NULL,
            	"status" "enum_email_templates_status" DEFAULT 'active' NOT NULL,
            	"updated_at" timestamp(3) with time zone DEFAULT now() NOT NULL,
            	"created_at" timestamp(3) with time zone DEFAULT now() NOT NULL
            );
            
            CREATE TABLE "stock_reservations" (
            	"id" serial PRIMARY KEY NOT NULL,
            	"reservation_id" varchar NOT NULL,
            	"product_id" integer NOT NULL,
            	"variant" varchar,
            	"quantity" numeric NOT NULL,
            	"status" "enum_stock_reservations_status" DEFAULT 'pending' NOT NULL,
            	"expires_at" timestamp(3) with time zone NOT NULL,
            	"order_id" integer,
            	"customer_id" integer,
            	"cart_id" varchar,
            	"notes" varchar,
            	"updated_at" timestamp(3) with time zone DEFAULT now() NOT NULL,
            	"created_at" timestamp(3) with time zone DEFAULT now() NOT NULL
            );
            
            CREATE TABLE "forms_blocks_checkbox" (
            	"_order" integer NOT NULL,
            	"_parent_id" integer NOT NULL,
            	"_path" text NOT NULL,
            	"id" varchar PRIMARY KEY NOT NULL,
            	"name" varchar NOT NULL,
            	"label" varchar,
            	"width" numeric,
            	"required" boolean,
            	"default_value" boolean,
            	"block_name" varchar
            );
            
            CREATE TABLE "forms_blocks_country" (
            	"_order" integer NOT NULL,
            	"_parent_id" integer NOT NULL,
            	"_path" text NOT NULL,
            	"id" varchar PRIMARY KEY NOT NULL,
            	"name" varchar NOT NULL,
            	"label" varchar,
            	"width" numeric,
            	"required" boolean,
            	"block_name" varchar
            );
            
            CREATE TABLE "forms_blocks_email" (
            	"_order" integer NOT NULL,
            	"_parent_id" integer NOT NULL,
            	"_path" text NOT NULL,
            	"id" varchar PRIMARY KEY NOT NULL,
            	"name" varchar NOT NULL,
            	"label" varchar,
            	"width" numeric,
            	"required" boolean,
            	"block_name" varchar
            );
            
            CREATE TABLE "forms_blocks_message" (
            	"_order" integer NOT NULL,
            	"_parent_id" integer NOT NULL,
            	"_path" text NOT NULL,
            	"id" varchar PRIMARY KEY NOT NULL,
            	"message" jsonb,
            	"block_name" varchar
            );
            
            CREATE TABLE "forms_blocks_number" (
            	"_order" integer NOT NULL,
            	"_parent_id" integer NOT NULL,
            	"_path" text NOT NULL,
            	"id" varchar PRIMARY KEY NOT NULL,
            	"name" varchar NOT NULL,
            	"label" varchar,
            	"width" numeric,
            	"default_value" numeric,
            	"required" boolean,
            	"block_name" varchar
            );
            
            CREATE TABLE "forms_blocks_select_options" (
            	"_order" integer NOT NULL,
            	"_parent_id" varchar NOT NULL,
            	"id" varchar PRIMARY KEY NOT NULL,
            	"label" varchar NOT NULL,
            	"value" varchar NOT NULL
            );
            
            CREATE TABLE "forms_blocks_select" (
            	"_order" integer NOT NULL,
            	"_parent_id" integer NOT NULL,
            	"_path" text NOT NULL,
            	"id" varchar PRIMARY KEY NOT NULL,
            	"name" varchar NOT NULL,
            	"label" varchar,
            	"width" numeric,
            	"default_value" varchar,
            	"placeholder" varchar,
            	"required" boolean,
            	"block_name" varchar
            );
            
            CREATE TABLE "forms_blocks_state" (
            	"_order" integer NOT NULL,
            	"_parent_id" integer NOT NULL,
            	"_path" text NOT NULL,
            	"id" varchar PRIMARY KEY NOT NULL,
            	"name" varchar NOT NULL,
            	"label" varchar,
            	"width" numeric,
            	"required" boolean,
            	"block_name" varchar
            );
            
            CREATE TABLE "forms_blocks_text" (
            	"_order" integer NOT NULL,
            	"_parent_id" integer NOT NULL,
            	"_path" text NOT NULL,
            	"id" varchar PRIMARY KEY NOT NULL,
            	"name" varchar NOT NULL,
            	"label" varchar,
            	"width" numeric,
            	"default_value" varchar,
            	"required" boolean,
            	"block_name" varchar
            );
            
            CREATE TABLE "forms_blocks_textarea" (
            	"_order" integer NOT NULL,
            	"_parent_id" integer NOT NULL,
            	"_path" text NOT NULL,
            	"id" varchar PRIMARY KEY NOT NULL,
            	"name" varchar NOT NULL,
            	"label" varchar,
            	"width" numeric,
            	"default_value" varchar,
            	"required" boolean,
            	"block_name" varchar
            );
            
            CREATE TABLE "forms_emails" (
            	"_order" integer NOT NULL,
            	"_parent_id" integer NOT NULL,
            	"id" varchar PRIMARY KEY NOT NULL,
            	"email_to" varchar,
            	"cc" varchar,
            	"bcc" varchar,
            	"reply_to" varchar,
            	"email_from" varchar,
            	"subject" varchar DEFAULT 'You''ve received a new message.' NOT NULL,
            	"message" jsonb
            );
            
            CREATE TABLE "forms" (
            	"id" serial PRIMARY KEY NOT NULL,
            	"title" varchar NOT NULL,
            	"submit_button_label" varchar,
            	"confirmation_type" "enum_forms_confirmation_type" DEFAULT 'message',
            	"confirmation_message" jsonb,
            	"redirect_url" varchar,
            	"updated_at" timestamp(3) with time zone DEFAULT now() NOT NULL,
            	"created_at" timestamp(3) with time zone DEFAULT now() NOT NULL
            );
            
            CREATE TABLE "form_submissions_submission_data" (
            	"_order" integer NOT NULL,
            	"_parent_id" integer NOT NULL,
            	"id" varchar PRIMARY KEY NOT NULL,
            	"field" varchar NOT NULL,
            	"value" varchar NOT NULL
            );
            
            CREATE TABLE "form_submissions" (
            	"id" serial PRIMARY KEY NOT NULL,
            	"form_id" integer NOT NULL,
            	"updated_at" timestamp(3) with time zone DEFAULT now() NOT NULL,
            	"created_at" timestamp(3) with time zone DEFAULT now() NOT NULL
            );
            
            CREATE TABLE "addresses" (
            	"id" serial PRIMARY KEY NOT NULL,
            	"customer_id" integer,
            	"title" varchar,
            	"first_name" varchar,
            	"last_name" varchar,
            	"company" varchar,
            	"address_line1" varchar,
            	"address_line2" varchar,
            	"city" varchar,
            	"state" varchar,
            	"postal_code" varchar,
            	"country" "enum_addresses_country" NOT NULL,
            	"phone" varchar,
            	"updated_at" timestamp(3) with time zone DEFAULT now() NOT NULL,
            	"created_at" timestamp(3) with time zone DEFAULT now() NOT NULL
            );
            
            CREATE TABLE "variants" (
            	"id" serial PRIMARY KEY NOT NULL,
            	"title" varchar,
            	"product_id" integer,
            	"inventory" numeric DEFAULT 0,
            	"price_in_i_d_r_enabled" boolean,
            	"price_in_i_d_r" numeric,
            	"price_in_u_s_d_enabled" boolean,
            	"price_in_u_s_d" numeric,
            	"updated_at" timestamp(3) with time zone DEFAULT now() NOT NULL,
            	"created_at" timestamp(3) with time zone DEFAULT now() NOT NULL,
            	"deleted_at" timestamp(3) with time zone,
            	"_status" "enum_variants_status" DEFAULT 'draft'
            );
            
            CREATE TABLE "variants_rels" (
            	"id" serial PRIMARY KEY NOT NULL,
            	"order" integer,
            	"parent_id" integer NOT NULL,
            	"path" varchar NOT NULL,
            	"variant_options_id" integer
            );
            
            CREATE TABLE "_variants_v" (
            	"id" serial PRIMARY KEY NOT NULL,
            	"parent_id" integer,
            	"version_title" varchar,
            	"version_product_id" integer,
            	"version_inventory" numeric DEFAULT 0,
            	"version_price_in_i_d_r_enabled" boolean,
            	"version_price_in_i_d_r" numeric,
            	"version_price_in_u_s_d_enabled" boolean,
            	"version_price_in_u_s_d" numeric,
            	"version_updated_at" timestamp(3) with time zone,
            	"version_created_at" timestamp(3) with time zone,
            	"version_deleted_at" timestamp(3) with time zone,
            	"version__status" "enum__variants_v_version_status" DEFAULT 'draft',
            	"created_at" timestamp(3) with time zone DEFAULT now() NOT NULL,
            	"updated_at" timestamp(3) with time zone DEFAULT now() NOT NULL,
            	"latest" boolean,
            	"autosave" boolean
            );
            
            CREATE TABLE "_variants_v_rels" (
            	"id" serial PRIMARY KEY NOT NULL,
            	"order" integer,
            	"parent_id" integer NOT NULL,
            	"path" varchar NOT NULL,
            	"variant_options_id" integer
            );
            
            CREATE TABLE "variant_types" (
            	"id" serial PRIMARY KEY NOT NULL,
            	"label" varchar NOT NULL,
            	"name" varchar NOT NULL,
            	"updated_at" timestamp(3) with time zone DEFAULT now() NOT NULL,
            	"created_at" timestamp(3) with time zone DEFAULT now() NOT NULL,
            	"deleted_at" timestamp(3) with time zone
            );
            
            CREATE TABLE "variant_options" (
            	"id" serial PRIMARY KEY NOT NULL,
            	"_variantoptions_options_order" varchar,
            	"variant_type_id" integer NOT NULL,
            	"label" varchar NOT NULL,
            	"value" varchar NOT NULL,
            	"updated_at" timestamp(3) with time zone DEFAULT now() NOT NULL,
            	"created_at" timestamp(3) with time zone DEFAULT now() NOT NULL,
            	"deleted_at" timestamp(3) with time zone
            );
            
            CREATE TABLE "products_gallery" (
            	"_order" integer NOT NULL,
            	"_parent_id" integer NOT NULL,
            	"id" varchar PRIMARY KEY NOT NULL,
            	"image_id" integer,
            	"variant_option_id" integer
            );
            
            CREATE TABLE "products_blocks_cta_links" (
            	"_order" integer NOT NULL,
            	"_parent_id" varchar NOT NULL,
            	"id" varchar PRIMARY KEY NOT NULL,
            	"link_type" "enum_products_blocks_cta_links_link_type" DEFAULT 'reference',
            	"link_new_tab" boolean,
            	"link_url" varchar,
            	"link_label" varchar,
            	"link_appearance" "enum_products_blocks_cta_links_link_appearance" DEFAULT 'default'
            );
            
            CREATE TABLE "products_blocks_cta" (
            	"_order" integer NOT NULL,
            	"_parent_id" integer NOT NULL,
            	"_path" text NOT NULL,
            	"id" varchar PRIMARY KEY NOT NULL,
            	"rich_text" jsonb,
            	"block_name" varchar
            );
            
            CREATE TABLE "products_blocks_content_columns" (
            	"_order" integer NOT NULL,
            	"_parent_id" varchar NOT NULL,
            	"id" varchar PRIMARY KEY NOT NULL,
            	"size" "enum_products_blocks_content_columns_size" DEFAULT 'oneThird',
            	"rich_text" jsonb,
            	"enable_link" boolean,
            	"link_type" "enum_products_blocks_content_columns_link_type" DEFAULT 'reference',
            	"link_new_tab" boolean,
            	"link_url" varchar,
            	"link_label" varchar,
            	"link_appearance" "enum_products_blocks_content_columns_link_appearance" DEFAULT 'default'
            );
            
            CREATE TABLE "products_blocks_content" (
            	"_order" integer NOT NULL,
            	"_parent_id" integer NOT NULL,
            	"_path" text NOT NULL,
            	"id" varchar PRIMARY KEY NOT NULL,
            	"block_name" varchar
            );
            
            CREATE TABLE "products_blocks_media_block" (
            	"_order" integer NOT NULL,
            	"_parent_id" integer NOT NULL,
            	"_path" text NOT NULL,
            	"id" varchar PRIMARY KEY NOT NULL,
            	"media_id" integer,
            	"block_name" varchar
            );
            
            CREATE TABLE "products_included_files" (
            	"_order" integer NOT NULL,
            	"_parent_id" integer NOT NULL,
            	"id" varchar PRIMARY KEY NOT NULL,
            	"label" varchar,
            	"format" varchar,
            	"size" varchar
            );
            
            CREATE TABLE "products_product_f_a_q" (
            	"_order" integer NOT NULL,
            	"_parent_id" integer NOT NULL,
            	"id" varchar PRIMARY KEY NOT NULL,
            	"question" varchar,
            	"answer" varchar
            );
            
            CREATE TABLE "products" (
            	"id" serial PRIMARY KEY NOT NULL,
            	"title" varchar,
            	"short_description" varchar,
            	"description" jsonb,
            	"inventory" numeric DEFAULT 0,
            	"enable_variants" boolean,
            	"price_in_i_d_r_enabled" boolean,
            	"price_in_i_d_r" numeric,
            	"price_in_u_s_d_enabled" boolean,
            	"price_in_u_s_d" numeric,
            	"product_type" "enum_products_product_type" DEFAULT 'digital',
            	"license_type" "enum_products_license_type" DEFAULT 'standard',
            	"version" varchar DEFAULT '1.0.0',
            	"update_policy" varchar,
            	"refund_policy" varchar,
            	"is_featured" boolean DEFAULT false,
            	"badge" "enum_products_badge",
            	"meta_title" varchar,
            	"meta_image_id" integer,
            	"meta_description" varchar,
            	"generate_slug" boolean DEFAULT true,
            	"slug" varchar,
            	"updated_at" timestamp(3) with time zone DEFAULT now() NOT NULL,
            	"created_at" timestamp(3) with time zone DEFAULT now() NOT NULL,
            	"deleted_at" timestamp(3) with time zone,
            	"_status" "enum_products_status" DEFAULT 'draft'
            );
            
            CREATE TABLE "products_rels" (
            	"id" serial PRIMARY KEY NOT NULL,
            	"order" integer,
            	"parent_id" integer NOT NULL,
            	"path" varchar NOT NULL,
            	"pages_id" integer,
            	"variant_types_id" integer,
            	"products_id" integer,
            	"categories_id" integer
            );
            
            CREATE TABLE "_products_v_version_gallery" (
            	"_order" integer NOT NULL,
            	"_parent_id" integer NOT NULL,
            	"id" serial PRIMARY KEY NOT NULL,
            	"image_id" integer,
            	"variant_option_id" integer,
            	"_uuid" varchar
            );
            
            CREATE TABLE "_products_v_blocks_cta_links" (
            	"_order" integer NOT NULL,
            	"_parent_id" integer NOT NULL,
            	"id" serial PRIMARY KEY NOT NULL,
            	"link_type" "enum__products_v_blocks_cta_links_link_type" DEFAULT 'reference',
            	"link_new_tab" boolean,
            	"link_url" varchar,
            	"link_label" varchar,
            	"link_appearance" "enum__products_v_blocks_cta_links_link_appearance" DEFAULT 'default',
            	"_uuid" varchar
            );
            
            CREATE TABLE "_products_v_blocks_cta" (
            	"_order" integer NOT NULL,
            	"_parent_id" integer NOT NULL,
            	"_path" text NOT NULL,
            	"id" serial PRIMARY KEY NOT NULL,
            	"rich_text" jsonb,
            	"_uuid" varchar,
            	"block_name" varchar
            );
            
            CREATE TABLE "_products_v_blocks_content_columns" (
            	"_order" integer NOT NULL,
            	"_parent_id" integer NOT NULL,
            	"id" serial PRIMARY KEY NOT NULL,
            	"size" "enum__products_v_blocks_content_columns_size" DEFAULT 'oneThird',
            	"rich_text" jsonb,
            	"enable_link" boolean,
            	"link_type" "enum__products_v_blocks_content_columns_link_type" DEFAULT 'reference',
            	"link_new_tab" boolean,
            	"link_url" varchar,
            	"link_label" varchar,
            	"link_appearance" "enum__products_v_blocks_content_columns_link_appearance" DEFAULT 'default',
            	"_uuid" varchar
            );
            
            CREATE TABLE "_products_v_blocks_content" (
            	"_order" integer NOT NULL,
            	"_parent_id" integer NOT NULL,
            	"_path" text NOT NULL,
            	"id" serial PRIMARY KEY NOT NULL,
            	"_uuid" varchar,
            	"block_name" varchar
            );
            
            CREATE TABLE "_products_v_blocks_media_block" (
            	"_order" integer NOT NULL,
            	"_parent_id" integer NOT NULL,
            	"_path" text NOT NULL,
            	"id" serial PRIMARY KEY NOT NULL,
            	"media_id" integer,
            	"_uuid" varchar,
            	"block_name" varchar
            );
            
            CREATE TABLE "_products_v_version_included_files" (
            	"_order" integer NOT NULL,
            	"_parent_id" integer NOT NULL,
            	"id" serial PRIMARY KEY NOT NULL,
            	"label" varchar,
            	"format" varchar,
            	"size" varchar,
            	"_uuid" varchar
            );
            
            CREATE TABLE "_products_v_version_product_f_a_q" (
            	"_order" integer NOT NULL,
            	"_parent_id" integer NOT NULL,
            	"id" serial PRIMARY KEY NOT NULL,
            	"question" varchar,
            	"answer" varchar,
            	"_uuid" varchar
            );
            
            CREATE TABLE "_products_v" (
            	"id" serial PRIMARY KEY NOT NULL,
            	"parent_id" integer,
            	"version_title" varchar,
            	"version_short_description" varchar,
            	"version_description" jsonb,
            	"version_inventory" numeric DEFAULT 0,
            	"version_enable_variants" boolean,
            	"version_price_in_i_d_r_enabled" boolean,
            	"version_price_in_i_d_r" numeric,
            	"version_price_in_u_s_d_enabled" boolean,
            	"version_price_in_u_s_d" numeric,
            	"version_product_type" "enum__products_v_version_product_type" DEFAULT 'digital',
            	"version_license_type" "enum__products_v_version_license_type" DEFAULT 'standard',
            	"version_version" varchar DEFAULT '1.0.0',
            	"version_update_policy" varchar,
            	"version_refund_policy" varchar,
            	"version_is_featured" boolean DEFAULT false,
            	"version_badge" "enum__products_v_version_badge",
            	"version_meta_title" varchar,
            	"version_meta_image_id" integer,
            	"version_meta_description" varchar,
            	"version_generate_slug" boolean DEFAULT true,
            	"version_slug" varchar,
            	"version_updated_at" timestamp(3) with time zone,
            	"version_created_at" timestamp(3) with time zone,
            	"version_deleted_at" timestamp(3) with time zone,
            	"version__status" "enum__products_v_version_status" DEFAULT 'draft',
            	"created_at" timestamp(3) with time zone DEFAULT now() NOT NULL,
            	"updated_at" timestamp(3) with time zone DEFAULT now() NOT NULL,
            	"latest" boolean,
            	"autosave" boolean
            );
            
            CREATE TABLE "_products_v_rels" (
            	"id" serial PRIMARY KEY NOT NULL,
            	"order" integer,
            	"parent_id" integer NOT NULL,
            	"path" varchar NOT NULL,
            	"pages_id" integer,
            	"variant_types_id" integer,
            	"products_id" integer,
            	"categories_id" integer
            );
            
            CREATE TABLE "carts_items" (
            	"_order" integer NOT NULL,
            	"_parent_id" integer NOT NULL,
            	"id" varchar PRIMARY KEY NOT NULL,
            	"product_id" integer,
            	"variant_id" integer,
            	"quantity" numeric DEFAULT 1 NOT NULL
            );
            
            CREATE TABLE "carts" (
            	"id" serial PRIMARY KEY NOT NULL,
            	"secret" varchar,
            	"customer_id" integer,
            	"purchased_at" timestamp(3) with time zone,
            	"subtotal" numeric,
            	"currency" "enum_carts_currency" DEFAULT 'IDR',
            	"updated_at" timestamp(3) with time zone DEFAULT now() NOT NULL,
            	"created_at" timestamp(3) with time zone DEFAULT now() NOT NULL
            );
            
            CREATE TABLE "orders_items" (
            	"_order" integer NOT NULL,
            	"_parent_id" integer NOT NULL,
            	"id" varchar PRIMARY KEY NOT NULL,
            	"product_id" integer,
            	"variant_id" integer,
            	"quantity" numeric DEFAULT 1 NOT NULL
            );
            
            CREATE TABLE "orders" (
            	"id" serial PRIMARY KEY NOT NULL,
            	"shipping_address_title" varchar,
            	"shipping_address_first_name" varchar,
            	"shipping_address_last_name" varchar,
            	"shipping_address_company" varchar,
            	"shipping_address_address_line1" varchar,
            	"shipping_address_address_line2" varchar,
            	"shipping_address_city" varchar,
            	"shipping_address_state" varchar,
            	"shipping_address_postal_code" varchar,
            	"shipping_address_country" varchar,
            	"shipping_address_phone" varchar,
            	"customer_id" integer,
            	"customer_email" varchar,
            	"status" "enum_orders_status" DEFAULT 'processing',
            	"amount" numeric,
            	"currency" "enum_orders_currency" DEFAULT 'IDR',
            	"access_token" varchar,
            	"updated_at" timestamp(3) with time zone DEFAULT now() NOT NULL,
            	"created_at" timestamp(3) with time zone DEFAULT now() NOT NULL
            );
            
            CREATE TABLE "orders_rels" (
            	"id" serial PRIMARY KEY NOT NULL,
            	"order" integer,
            	"parent_id" integer NOT NULL,
            	"path" varchar NOT NULL,
            	"transactions_id" integer
            );
            
            CREATE TABLE "transactions_items" (
            	"_order" integer NOT NULL,
            	"_parent_id" integer NOT NULL,
            	"id" varchar PRIMARY KEY NOT NULL,
            	"product_id" integer,
            	"variant_id" integer,
            	"quantity" numeric DEFAULT 1 NOT NULL
            );
            
            CREATE TABLE "transactions" (
            	"id" serial PRIMARY KEY NOT NULL,
            	"payment_method" "enum_transactions_payment_method",
            	"pakasir_pakasir_order_i_d" varchar,
            	"billing_address_title" varchar,
            	"billing_address_first_name" varchar,
            	"billing_address_last_name" varchar,
            	"billing_address_company" varchar,
            	"billing_address_address_line1" varchar,
            	"billing_address_address_line2" varchar,
            	"billing_address_city" varchar,
            	"billing_address_state" varchar,
            	"billing_address_postal_code" varchar,
            	"billing_address_country" varchar,
            	"billing_address_phone" varchar,
            	"status" "enum_transactions_status" DEFAULT 'pending' NOT NULL,
            	"customer_id" integer,
            	"customer_email" varchar,
            	"order_id" integer,
            	"cart_id" integer,
            	"amount" numeric,
            	"currency" "enum_transactions_currency" DEFAULT 'IDR',
            	"updated_at" timestamp(3) with time zone DEFAULT now() NOT NULL,
            	"created_at" timestamp(3) with time zone DEFAULT now() NOT NULL
            );
            
            CREATE TABLE "payload_kv" (
            	"id" serial PRIMARY KEY NOT NULL,
            	"key" varchar NOT NULL,
            	"data" jsonb NOT NULL
            );
            
            CREATE TABLE "payload_locked_documents" (
            	"id" serial PRIMARY KEY NOT NULL,
            	"global_slug" varchar,
            	"updated_at" timestamp(3) with time zone DEFAULT now() NOT NULL,
            	"created_at" timestamp(3) with time zone DEFAULT now() NOT NULL
            );
            
            CREATE TABLE "payload_locked_documents_rels" (
            	"id" serial PRIMARY KEY NOT NULL,
            	"order" integer,
            	"parent_id" integer NOT NULL,
            	"path" varchar NOT NULL,
            	"users_id" integer,
            	"pages_id" integer,
            	"categories_id" integer,
            	"media_id" integer,
            	"digital_assets_id" integer,
            	"download_access_id" integer,
            	"download_logs_id" integer,
            	"licenses_id" integer,
            	"payment_transactions_id" integer,
            	"coupons_id" integer,
            	"promo_banners_id" integer,
            	"testimonials_id" integer,
            	"support_tickets_id" integer,
            	"support_messages_id" integer,
            	"email_templates_id" integer,
            	"stock_reservations_id" integer,
            	"forms_id" integer,
            	"form_submissions_id" integer,
            	"addresses_id" integer,
            	"variants_id" integer,
            	"variant_types_id" integer,
            	"variant_options_id" integer,
            	"products_id" integer,
            	"carts_id" integer,
            	"orders_id" integer,
            	"transactions_id" integer
            );
            
            CREATE TABLE "payload_preferences" (
            	"id" serial PRIMARY KEY NOT NULL,
            	"key" varchar,
            	"value" jsonb,
            	"updated_at" timestamp(3) with time zone DEFAULT now() NOT NULL,
            	"created_at" timestamp(3) with time zone DEFAULT now() NOT NULL
            );
            
            CREATE TABLE "payload_preferences_rels" (
            	"id" serial PRIMARY KEY NOT NULL,
            	"order" integer,
            	"parent_id" integer NOT NULL,
            	"path" varchar NOT NULL,
            	"users_id" integer
            );
            
            CREATE TABLE "payload_migrations" (
            	"id" serial PRIMARY KEY NOT NULL,
            	"name" varchar,
            	"batch" numeric,
            	"updated_at" timestamp(3) with time zone DEFAULT now() NOT NULL,
            	"created_at" timestamp(3) with time zone DEFAULT now() NOT NULL
            );
            
            CREATE TABLE "header_nav_items" (
            	"_order" integer NOT NULL,
            	"_parent_id" integer NOT NULL,
            	"id" varchar PRIMARY KEY NOT NULL,
            	"link_type" "enum_header_nav_items_link_type" DEFAULT 'reference',
            	"link_new_tab" boolean,
            	"link_url" varchar,
            	"link_label" varchar NOT NULL
            );
            
            CREATE TABLE "header" (
            	"id" serial PRIMARY KEY NOT NULL,
            	"updated_at" timestamp(3) with time zone,
            	"created_at" timestamp(3) with time zone
            );
            
            CREATE TABLE "header_rels" (
            	"id" serial PRIMARY KEY NOT NULL,
            	"order" integer,
            	"parent_id" integer NOT NULL,
            	"path" varchar NOT NULL,
            	"pages_id" integer
            );
            
            CREATE TABLE "footer_nav_items" (
            	"_order" integer NOT NULL,
            	"_parent_id" integer NOT NULL,
            	"id" varchar PRIMARY KEY NOT NULL,
            	"link_type" "enum_footer_nav_items_link_type" DEFAULT 'reference',
            	"link_new_tab" boolean,
            	"link_url" varchar,
            	"link_label" varchar NOT NULL
            );
            
            CREATE TABLE "footer" (
            	"id" serial PRIMARY KEY NOT NULL,
            	"updated_at" timestamp(3) with time zone,
            	"created_at" timestamp(3) with time zone
            );
            
            CREATE TABLE "footer_rels" (
            	"id" serial PRIMARY KEY NOT NULL,
            	"order" integer,
            	"parent_id" integer NOT NULL,
            	"path" varchar NOT NULL,
            	"pages_id" integer
            );
            
            CREATE TABLE "settings_trust_badges_partner_logos" (
            	"_order" integer NOT NULL,
            	"_parent_id" integer NOT NULL,
            	"id" varchar PRIMARY KEY NOT NULL,
            	"logo_id" integer NOT NULL,
            	"name" varchar NOT NULL
            );
            
            CREATE TABLE "settings" (
            	"id" serial PRIMARY KEY NOT NULL,
            	"store_name" varchar DEFAULT 'Citra Commerce' NOT NULL,
            	"logo_id" integer,
            	"favicon_id" integer,
            	"primary_color" varchar DEFAULT '#111827',
            	"support_email" varchar,
            	"payment_config" jsonb,
            	"email_config" jsonb,
            	"storage_config" jsonb,
            	"trust_badges_total_users" varchar DEFAULT '10,000+',
            	"trust_badges_satisfaction_rate" varchar DEFAULT '99%',
            	"trust_badges_support_availability" varchar DEFAULT '24/7',
            	"legal_pages_terms_page_id" integer,
            	"legal_pages_privacy_page_id" integer,
            	"legal_pages_refund_page_id" integer,
            	"updated_at" timestamp(3) with time zone,
            	"created_at" timestamp(3) with time zone
            );
            
            ALTER TABLE "users_roles" ADD CONSTRAINT "users_roles_parent_fk" FOREIGN KEY ("parent_id") REFERENCES "public"."users"("id") ON DELETE cascade ON UPDATE no action;
            ALTER TABLE "users_sessions" ADD CONSTRAINT "users_sessions_parent_id_fk" FOREIGN KEY ("_parent_id") REFERENCES "public"."users"("id") ON DELETE cascade ON UPDATE no action;
            ALTER TABLE "users" ADD CONSTRAINT "users_avatar_id_media_id_fk" FOREIGN KEY ("avatar_id") REFERENCES "public"."media"("id") ON DELETE set null ON UPDATE no action;
            ALTER TABLE "pages_hero_links" ADD CONSTRAINT "pages_hero_links_parent_id_fk" FOREIGN KEY ("_parent_id") REFERENCES "public"."pages"("id") ON DELETE cascade ON UPDATE no action;
            ALTER TABLE "pages_blocks_cta_links" ADD CONSTRAINT "pages_blocks_cta_links_parent_id_fk" FOREIGN KEY ("_parent_id") REFERENCES "public"."pages_blocks_cta"("id") ON DELETE cascade ON UPDATE no action;
            ALTER TABLE "pages_blocks_cta" ADD CONSTRAINT "pages_blocks_cta_parent_id_fk" FOREIGN KEY ("_parent_id") REFERENCES "public"."pages"("id") ON DELETE cascade ON UPDATE no action;
            ALTER TABLE "pages_blocks_content_columns" ADD CONSTRAINT "pages_blocks_content_columns_parent_id_fk" FOREIGN KEY ("_parent_id") REFERENCES "public"."pages_blocks_content"("id") ON DELETE cascade ON UPDATE no action;
            ALTER TABLE "pages_blocks_content" ADD CONSTRAINT "pages_blocks_content_parent_id_fk" FOREIGN KEY ("_parent_id") REFERENCES "public"."pages"("id") ON DELETE cascade ON UPDATE no action;
            ALTER TABLE "pages_blocks_media_block" ADD CONSTRAINT "pages_blocks_media_block_media_id_media_id_fk" FOREIGN KEY ("media_id") REFERENCES "public"."media"("id") ON DELETE set null ON UPDATE no action;
            ALTER TABLE "pages_blocks_media_block" ADD CONSTRAINT "pages_blocks_media_block_parent_id_fk" FOREIGN KEY ("_parent_id") REFERENCES "public"."pages"("id") ON DELETE cascade ON UPDATE no action;
            ALTER TABLE "pages_blocks_archive" ADD CONSTRAINT "pages_blocks_archive_parent_id_fk" FOREIGN KEY ("_parent_id") REFERENCES "public"."pages"("id") ON DELETE cascade ON UPDATE no action;
            ALTER TABLE "pages_blocks_carousel" ADD CONSTRAINT "pages_blocks_carousel_parent_id_fk" FOREIGN KEY ("_parent_id") REFERENCES "public"."pages"("id") ON DELETE cascade ON UPDATE no action;
            ALTER TABLE "pages_blocks_three_item_grid" ADD CONSTRAINT "pages_blocks_three_item_grid_parent_id_fk" FOREIGN KEY ("_parent_id") REFERENCES "public"."pages"("id") ON DELETE cascade ON UPDATE no action;
            ALTER TABLE "pages_blocks_banner" ADD CONSTRAINT "pages_blocks_banner_parent_id_fk" FOREIGN KEY ("_parent_id") REFERENCES "public"."pages"("id") ON DELETE cascade ON UPDATE no action;
            ALTER TABLE "pages_blocks_form_block" ADD CONSTRAINT "pages_blocks_form_block_form_id_forms_id_fk" FOREIGN KEY ("form_id") REFERENCES "public"."forms"("id") ON DELETE set null ON UPDATE no action;
            ALTER TABLE "pages_blocks_form_block" ADD CONSTRAINT "pages_blocks_form_block_parent_id_fk" FOREIGN KEY ("_parent_id") REFERENCES "public"."pages"("id") ON DELETE cascade ON UPDATE no action;
            ALTER TABLE "pages" ADD CONSTRAINT "pages_hero_media_id_media_id_fk" FOREIGN KEY ("hero_media_id") REFERENCES "public"."media"("id") ON DELETE set null ON UPDATE no action;
            ALTER TABLE "pages" ADD CONSTRAINT "pages_meta_image_id_media_id_fk" FOREIGN KEY ("meta_image_id") REFERENCES "public"."media"("id") ON DELETE set null ON UPDATE no action;
            ALTER TABLE "pages_rels" ADD CONSTRAINT "pages_rels_parent_fk" FOREIGN KEY ("parent_id") REFERENCES "public"."pages"("id") ON DELETE cascade ON UPDATE no action;
            ALTER TABLE "pages_rels" ADD CONSTRAINT "pages_rels_pages_fk" FOREIGN KEY ("pages_id") REFERENCES "public"."pages"("id") ON DELETE cascade ON UPDATE no action;
            ALTER TABLE "pages_rels" ADD CONSTRAINT "pages_rels_categories_fk" FOREIGN KEY ("categories_id") REFERENCES "public"."categories"("id") ON DELETE cascade ON UPDATE no action;
            ALTER TABLE "pages_rels" ADD CONSTRAINT "pages_rels_products_fk" FOREIGN KEY ("products_id") REFERENCES "public"."products"("id") ON DELETE cascade ON UPDATE no action;
            ALTER TABLE "_pages_v_version_hero_links" ADD CONSTRAINT "_pages_v_version_hero_links_parent_id_fk" FOREIGN KEY ("_parent_id") REFERENCES "public"."_pages_v"("id") ON DELETE cascade ON UPDATE no action;
            ALTER TABLE "_pages_v_blocks_cta_links" ADD CONSTRAINT "_pages_v_blocks_cta_links_parent_id_fk" FOREIGN KEY ("_parent_id") REFERENCES "public"."_pages_v_blocks_cta"("id") ON DELETE cascade ON UPDATE no action;
            ALTER TABLE "_pages_v_blocks_cta" ADD CONSTRAINT "_pages_v_blocks_cta_parent_id_fk" FOREIGN KEY ("_parent_id") REFERENCES "public"."_pages_v"("id") ON DELETE cascade ON UPDATE no action;
            ALTER TABLE "_pages_v_blocks_content_columns" ADD CONSTRAINT "_pages_v_blocks_content_columns_parent_id_fk" FOREIGN KEY ("_parent_id") REFERENCES "public"."_pages_v_blocks_content"("id") ON DELETE cascade ON UPDATE no action;
            ALTER TABLE "_pages_v_blocks_content" ADD CONSTRAINT "_pages_v_blocks_content_parent_id_fk" FOREIGN KEY ("_parent_id") REFERENCES "public"."_pages_v"("id") ON DELETE cascade ON UPDATE no action;
            ALTER TABLE "_pages_v_blocks_media_block" ADD CONSTRAINT "_pages_v_blocks_media_block_media_id_media_id_fk" FOREIGN KEY ("media_id") REFERENCES "public"."media"("id") ON DELETE set null ON UPDATE no action;
            ALTER TABLE "_pages_v_blocks_media_block" ADD CONSTRAINT "_pages_v_blocks_media_block_parent_id_fk" FOREIGN KEY ("_parent_id") REFERENCES "public"."_pages_v"("id") ON DELETE cascade ON UPDATE no action;
            ALTER TABLE "_pages_v_blocks_archive" ADD CONSTRAINT "_pages_v_blocks_archive_parent_id_fk" FOREIGN KEY ("_parent_id") REFERENCES "public"."_pages_v"("id") ON DELETE cascade ON UPDATE no action;
            ALTER TABLE "_pages_v_blocks_carousel" ADD CONSTRAINT "_pages_v_blocks_carousel_parent_id_fk" FOREIGN KEY ("_parent_id") REFERENCES "public"."_pages_v"("id") ON DELETE cascade ON UPDATE no action;
            ALTER TABLE "_pages_v_blocks_three_item_grid" ADD CONSTRAINT "_pages_v_blocks_three_item_grid_parent_id_fk" FOREIGN KEY ("_parent_id") REFERENCES "public"."_pages_v"("id") ON DELETE cascade ON UPDATE no action;
            ALTER TABLE "_pages_v_blocks_banner" ADD CONSTRAINT "_pages_v_blocks_banner_parent_id_fk" FOREIGN KEY ("_parent_id") REFERENCES "public"."_pages_v"("id") ON DELETE cascade ON UPDATE no action;
            ALTER TABLE "_pages_v_blocks_form_block" ADD CONSTRAINT "_pages_v_blocks_form_block_form_id_forms_id_fk" FOREIGN KEY ("form_id") REFERENCES "public"."forms"("id") ON DELETE set null ON UPDATE no action;
            ALTER TABLE "_pages_v_blocks_form_block" ADD CONSTRAINT "_pages_v_blocks_form_block_parent_id_fk" FOREIGN KEY ("_parent_id") REFERENCES "public"."_pages_v"("id") ON DELETE cascade ON UPDATE no action;
            ALTER TABLE "_pages_v" ADD CONSTRAINT "_pages_v_parent_id_pages_id_fk" FOREIGN KEY ("parent_id") REFERENCES "public"."pages"("id") ON DELETE set null ON UPDATE no action;
            ALTER TABLE "_pages_v" ADD CONSTRAINT "_pages_v_version_hero_media_id_media_id_fk" FOREIGN KEY ("version_hero_media_id") REFERENCES "public"."media"("id") ON DELETE set null ON UPDATE no action;
            ALTER TABLE "_pages_v" ADD CONSTRAINT "_pages_v_version_meta_image_id_media_id_fk" FOREIGN KEY ("version_meta_image_id") REFERENCES "public"."media"("id") ON DELETE set null ON UPDATE no action;
            ALTER TABLE "_pages_v_rels" ADD CONSTRAINT "_pages_v_rels_parent_fk" FOREIGN KEY ("parent_id") REFERENCES "public"."_pages_v"("id") ON DELETE cascade ON UPDATE no action;
            ALTER TABLE "_pages_v_rels" ADD CONSTRAINT "_pages_v_rels_pages_fk" FOREIGN KEY ("pages_id") REFERENCES "public"."pages"("id") ON DELETE cascade ON UPDATE no action;
            ALTER TABLE "_pages_v_rels" ADD CONSTRAINT "_pages_v_rels_categories_fk" FOREIGN KEY ("categories_id") REFERENCES "public"."categories"("id") ON DELETE cascade ON UPDATE no action;
            ALTER TABLE "_pages_v_rels" ADD CONSTRAINT "_pages_v_rels_products_fk" FOREIGN KEY ("products_id") REFERENCES "public"."products"("id") ON DELETE cascade ON UPDATE no action;
            ALTER TABLE "digital_assets" ADD CONSTRAINT "digital_assets_product_id_products_id_fk" FOREIGN KEY ("product_id") REFERENCES "public"."products"("id") ON DELETE set null ON UPDATE no action;
            ALTER TABLE "digital_assets" ADD CONSTRAINT "digital_assets_file_id_media_id_fk" FOREIGN KEY ("file_id") REFERENCES "public"."media"("id") ON DELETE set null ON UPDATE no action;
            ALTER TABLE "download_access" ADD CONSTRAINT "download_access_customer_id_users_id_fk" FOREIGN KEY ("customer_id") REFERENCES "public"."users"("id") ON DELETE set null ON UPDATE no action;
            ALTER TABLE "download_access" ADD CONSTRAINT "download_access_product_id_products_id_fk" FOREIGN KEY ("product_id") REFERENCES "public"."products"("id") ON DELETE set null ON UPDATE no action;
            ALTER TABLE "download_access" ADD CONSTRAINT "download_access_order_id_orders_id_fk" FOREIGN KEY ("order_id") REFERENCES "public"."orders"("id") ON DELETE set null ON UPDATE no action;
            ALTER TABLE "download_access" ADD CONSTRAINT "download_access_asset_id_digital_assets_id_fk" FOREIGN KEY ("asset_id") REFERENCES "public"."digital_assets"("id") ON DELETE set null ON UPDATE no action;
            ALTER TABLE "download_logs" ADD CONSTRAINT "download_logs_customer_id_users_id_fk" FOREIGN KEY ("customer_id") REFERENCES "public"."users"("id") ON DELETE set null ON UPDATE no action;
            ALTER TABLE "download_logs" ADD CONSTRAINT "download_logs_product_id_products_id_fk" FOREIGN KEY ("product_id") REFERENCES "public"."products"("id") ON DELETE set null ON UPDATE no action;
            ALTER TABLE "download_logs" ADD CONSTRAINT "download_logs_asset_id_digital_assets_id_fk" FOREIGN KEY ("asset_id") REFERENCES "public"."digital_assets"("id") ON DELETE set null ON UPDATE no action;
            ALTER TABLE "download_logs" ADD CONSTRAINT "download_logs_order_id_orders_id_fk" FOREIGN KEY ("order_id") REFERENCES "public"."orders"("id") ON DELETE set null ON UPDATE no action;
            ALTER TABLE "licenses" ADD CONSTRAINT "licenses_customer_id_users_id_fk" FOREIGN KEY ("customer_id") REFERENCES "public"."users"("id") ON DELETE set null ON UPDATE no action;
            ALTER TABLE "licenses" ADD CONSTRAINT "licenses_product_id_products_id_fk" FOREIGN KEY ("product_id") REFERENCES "public"."products"("id") ON DELETE set null ON UPDATE no action;
            ALTER TABLE "licenses" ADD CONSTRAINT "licenses_order_id_orders_id_fk" FOREIGN KEY ("order_id") REFERENCES "public"."orders"("id") ON DELETE set null ON UPDATE no action;
            ALTER TABLE "payment_transactions" ADD CONSTRAINT "payment_transactions_order_id_orders_id_fk" FOREIGN KEY ("order_id") REFERENCES "public"."orders"("id") ON DELETE set null ON UPDATE no action;
            ALTER TABLE "payment_transactions" ADD CONSTRAINT "payment_transactions_customer_id_users_id_fk" FOREIGN KEY ("customer_id") REFERENCES "public"."users"("id") ON DELETE set null ON UPDATE no action;
            ALTER TABLE "promo_banners" ADD CONSTRAINT "promo_banners_image_id_media_id_fk" FOREIGN KEY ("image_id") REFERENCES "public"."media"("id") ON DELETE set null ON UPDATE no action;
            ALTER TABLE "testimonials" ADD CONSTRAINT "testimonials_avatar_id_media_id_fk" FOREIGN KEY ("avatar_id") REFERENCES "public"."media"("id") ON DELETE set null ON UPDATE no action;
            ALTER TABLE "support_tickets" ADD CONSTRAINT "support_tickets_customer_id_users_id_fk" FOREIGN KEY ("customer_id") REFERENCES "public"."users"("id") ON DELETE set null ON UPDATE no action;
            ALTER TABLE "support_tickets" ADD CONSTRAINT "support_tickets_related_order_id_orders_id_fk" FOREIGN KEY ("related_order_id") REFERENCES "public"."orders"("id") ON DELETE set null ON UPDATE no action;
            ALTER TABLE "support_tickets" ADD CONSTRAINT "support_tickets_related_product_id_products_id_fk" FOREIGN KEY ("related_product_id") REFERENCES "public"."products"("id") ON DELETE set null ON UPDATE no action;
            ALTER TABLE "support_tickets" ADD CONSTRAINT "support_tickets_assigned_to_id_users_id_fk" FOREIGN KEY ("assigned_to_id") REFERENCES "public"."users"("id") ON DELETE set null ON UPDATE no action;
            ALTER TABLE "support_messages_attachments" ADD CONSTRAINT "support_messages_attachments_file_id_media_id_fk" FOREIGN KEY ("file_id") REFERENCES "public"."media"("id") ON DELETE set null ON UPDATE no action;
            ALTER TABLE "support_messages_attachments" ADD CONSTRAINT "support_messages_attachments_parent_id_fk" FOREIGN KEY ("_parent_id") REFERENCES "public"."support_messages"("id") ON DELETE cascade ON UPDATE no action;
            ALTER TABLE "support_messages" ADD CONSTRAINT "support_messages_ticket_id_support_tickets_id_fk" FOREIGN KEY ("ticket_id") REFERENCES "public"."support_tickets"("id") ON DELETE set null ON UPDATE no action;
            ALTER TABLE "support_messages" ADD CONSTRAINT "support_messages_sender_id_users_id_fk" FOREIGN KEY ("sender_id") REFERENCES "public"."users"("id") ON DELETE set null ON UPDATE no action;
            ALTER TABLE "stock_reservations" ADD CONSTRAINT "stock_reservations_product_id_products_id_fk" FOREIGN KEY ("product_id") REFERENCES "public"."products"("id") ON DELETE set null ON UPDATE no action;
            ALTER TABLE "stock_reservations" ADD CONSTRAINT "stock_reservations_order_id_orders_id_fk" FOREIGN KEY ("order_id") REFERENCES "public"."orders"("id") ON DELETE set null ON UPDATE no action;
            ALTER TABLE "stock_reservations" ADD CONSTRAINT "stock_reservations_customer_id_users_id_fk" FOREIGN KEY ("customer_id") REFERENCES "public"."users"("id") ON DELETE set null ON UPDATE no action;
            ALTER TABLE "forms_blocks_checkbox" ADD CONSTRAINT "forms_blocks_checkbox_parent_id_fk" FOREIGN KEY ("_parent_id") REFERENCES "public"."forms"("id") ON DELETE cascade ON UPDATE no action;
            ALTER TABLE "forms_blocks_country" ADD CONSTRAINT "forms_blocks_country_parent_id_fk" FOREIGN KEY ("_parent_id") REFERENCES "public"."forms"("id") ON DELETE cascade ON UPDATE no action;
            ALTER TABLE "forms_blocks_email" ADD CONSTRAINT "forms_blocks_email_parent_id_fk" FOREIGN KEY ("_parent_id") REFERENCES "public"."forms"("id") ON DELETE cascade ON UPDATE no action;
            ALTER TABLE "forms_blocks_message" ADD CONSTRAINT "forms_blocks_message_parent_id_fk" FOREIGN KEY ("_parent_id") REFERENCES "public"."forms"("id") ON DELETE cascade ON UPDATE no action;
            ALTER TABLE "forms_blocks_number" ADD CONSTRAINT "forms_blocks_number_parent_id_fk" FOREIGN KEY ("_parent_id") REFERENCES "public"."forms"("id") ON DELETE cascade ON UPDATE no action;
            ALTER TABLE "forms_blocks_select_options" ADD CONSTRAINT "forms_blocks_select_options_parent_id_fk" FOREIGN KEY ("_parent_id") REFERENCES "public"."forms_blocks_select"("id") ON DELETE cascade ON UPDATE no action;
            ALTER TABLE "forms_blocks_select" ADD CONSTRAINT "forms_blocks_select_parent_id_fk" FOREIGN KEY ("_parent_id") REFERENCES "public"."forms"("id") ON DELETE cascade ON UPDATE no action;
            ALTER TABLE "forms_blocks_state" ADD CONSTRAINT "forms_blocks_state_parent_id_fk" FOREIGN KEY ("_parent_id") REFERENCES "public"."forms"("id") ON DELETE cascade ON UPDATE no action;
            ALTER TABLE "forms_blocks_text" ADD CONSTRAINT "forms_blocks_text_parent_id_fk" FOREIGN KEY ("_parent_id") REFERENCES "public"."forms"("id") ON DELETE cascade ON UPDATE no action;
            ALTER TABLE "forms_blocks_textarea" ADD CONSTRAINT "forms_blocks_textarea_parent_id_fk" FOREIGN KEY ("_parent_id") REFERENCES "public"."forms"("id") ON DELETE cascade ON UPDATE no action;
            ALTER TABLE "forms_emails" ADD CONSTRAINT "forms_emails_parent_id_fk" FOREIGN KEY ("_parent_id") REFERENCES "public"."forms"("id") ON DELETE cascade ON UPDATE no action;
            ALTER TABLE "form_submissions_submission_data" ADD CONSTRAINT "form_submissions_submission_data_parent_id_fk" FOREIGN KEY ("_parent_id") REFERENCES "public"."form_submissions"("id") ON DELETE cascade ON UPDATE no action;
            ALTER TABLE "form_submissions" ADD CONSTRAINT "form_submissions_form_id_forms_id_fk" FOREIGN KEY ("form_id") REFERENCES "public"."forms"("id") ON DELETE set null ON UPDATE no action;
            ALTER TABLE "addresses" ADD CONSTRAINT "addresses_customer_id_users_id_fk" FOREIGN KEY ("customer_id") REFERENCES "public"."users"("id") ON DELETE set null ON UPDATE no action;
            ALTER TABLE "variants" ADD CONSTRAINT "variants_product_id_products_id_fk" FOREIGN KEY ("product_id") REFERENCES "public"."products"("id") ON DELETE set null ON UPDATE no action;
            ALTER TABLE "variants_rels" ADD CONSTRAINT "variants_rels_parent_fk" FOREIGN KEY ("parent_id") REFERENCES "public"."variants"("id") ON DELETE cascade ON UPDATE no action;
            ALTER TABLE "variants_rels" ADD CONSTRAINT "variants_rels_variant_options_fk" FOREIGN KEY ("variant_options_id") REFERENCES "public"."variant_options"("id") ON DELETE cascade ON UPDATE no action;
            ALTER TABLE "_variants_v" ADD CONSTRAINT "_variants_v_parent_id_variants_id_fk" FOREIGN KEY ("parent_id") REFERENCES "public"."variants"("id") ON DELETE set null ON UPDATE no action;
            ALTER TABLE "_variants_v" ADD CONSTRAINT "_variants_v_version_product_id_products_id_fk" FOREIGN KEY ("version_product_id") REFERENCES "public"."products"("id") ON DELETE set null ON UPDATE no action;
            ALTER TABLE "_variants_v_rels" ADD CONSTRAINT "_variants_v_rels_parent_fk" FOREIGN KEY ("parent_id") REFERENCES "public"."_variants_v"("id") ON DELETE cascade ON UPDATE no action;
            ALTER TABLE "_variants_v_rels" ADD CONSTRAINT "_variants_v_rels_variant_options_fk" FOREIGN KEY ("variant_options_id") REFERENCES "public"."variant_options"("id") ON DELETE cascade ON UPDATE no action;
            ALTER TABLE "variant_options" ADD CONSTRAINT "variant_options_variant_type_id_variant_types_id_fk" FOREIGN KEY ("variant_type_id") REFERENCES "public"."variant_types"("id") ON DELETE set null ON UPDATE no action;
            ALTER TABLE "products_gallery" ADD CONSTRAINT "products_gallery_image_id_media_id_fk" FOREIGN KEY ("image_id") REFERENCES "public"."media"("id") ON DELETE set null ON UPDATE no action;
            ALTER TABLE "products_gallery" ADD CONSTRAINT "products_gallery_variant_option_id_variant_options_id_fk" FOREIGN KEY ("variant_option_id") REFERENCES "public"."variant_options"("id") ON DELETE set null ON UPDATE no action;
            ALTER TABLE "products_gallery" ADD CONSTRAINT "products_gallery_parent_id_fk" FOREIGN KEY ("_parent_id") REFERENCES "public"."products"("id") ON DELETE cascade ON UPDATE no action;
            ALTER TABLE "products_blocks_cta_links" ADD CONSTRAINT "products_blocks_cta_links_parent_id_fk" FOREIGN KEY ("_parent_id") REFERENCES "public"."products_blocks_cta"("id") ON DELETE cascade ON UPDATE no action;
            ALTER TABLE "products_blocks_cta" ADD CONSTRAINT "products_blocks_cta_parent_id_fk" FOREIGN KEY ("_parent_id") REFERENCES "public"."products"("id") ON DELETE cascade ON UPDATE no action;
            ALTER TABLE "products_blocks_content_columns" ADD CONSTRAINT "products_blocks_content_columns_parent_id_fk" FOREIGN KEY ("_parent_id") REFERENCES "public"."products_blocks_content"("id") ON DELETE cascade ON UPDATE no action;
            ALTER TABLE "products_blocks_content" ADD CONSTRAINT "products_blocks_content_parent_id_fk" FOREIGN KEY ("_parent_id") REFERENCES "public"."products"("id") ON DELETE cascade ON UPDATE no action;
            ALTER TABLE "products_blocks_media_block" ADD CONSTRAINT "products_blocks_media_block_media_id_media_id_fk" FOREIGN KEY ("media_id") REFERENCES "public"."media"("id") ON DELETE set null ON UPDATE no action;
            ALTER TABLE "products_blocks_media_block" ADD CONSTRAINT "products_blocks_media_block_parent_id_fk" FOREIGN KEY ("_parent_id") REFERENCES "public"."products"("id") ON DELETE cascade ON UPDATE no action;
            ALTER TABLE "products_included_files" ADD CONSTRAINT "products_included_files_parent_id_fk" FOREIGN KEY ("_parent_id") REFERENCES "public"."products"("id") ON DELETE cascade ON UPDATE no action;
            ALTER TABLE "products_product_f_a_q" ADD CONSTRAINT "products_product_f_a_q_parent_id_fk" FOREIGN KEY ("_parent_id") REFERENCES "public"."products"("id") ON DELETE cascade ON UPDATE no action;
            ALTER TABLE "products" ADD CONSTRAINT "products_meta_image_id_media_id_fk" FOREIGN KEY ("meta_image_id") REFERENCES "public"."media"("id") ON DELETE set null ON UPDATE no action;
            ALTER TABLE "products_rels" ADD CONSTRAINT "products_rels_parent_fk" FOREIGN KEY ("parent_id") REFERENCES "public"."products"("id") ON DELETE cascade ON UPDATE no action;
            ALTER TABLE "products_rels" ADD CONSTRAINT "products_rels_pages_fk" FOREIGN KEY ("pages_id") REFERENCES "public"."pages"("id") ON DELETE cascade ON UPDATE no action;
            ALTER TABLE "products_rels" ADD CONSTRAINT "products_rels_variant_types_fk" FOREIGN KEY ("variant_types_id") REFERENCES "public"."variant_types"("id") ON DELETE cascade ON UPDATE no action;
            ALTER TABLE "products_rels" ADD CONSTRAINT "products_rels_products_fk" FOREIGN KEY ("products_id") REFERENCES "public"."products"("id") ON DELETE cascade ON UPDATE no action;
            ALTER TABLE "products_rels" ADD CONSTRAINT "products_rels_categories_fk" FOREIGN KEY ("categories_id") REFERENCES "public"."categories"("id") ON DELETE cascade ON UPDATE no action;
            ALTER TABLE "_products_v_version_gallery" ADD CONSTRAINT "_products_v_version_gallery_image_id_media_id_fk" FOREIGN KEY ("image_id") REFERENCES "public"."media"("id") ON DELETE set null ON UPDATE no action;
            ALTER TABLE "_products_v_version_gallery" ADD CONSTRAINT "_products_v_version_gallery_variant_option_id_variant_options_id_fk" FOREIGN KEY ("variant_option_id") REFERENCES "public"."variant_options"("id") ON DELETE set null ON UPDATE no action;
            ALTER TABLE "_products_v_version_gallery" ADD CONSTRAINT "_products_v_version_gallery_parent_id_fk" FOREIGN KEY ("_parent_id") REFERENCES "public"."_products_v"("id") ON DELETE cascade ON UPDATE no action;
            ALTER TABLE "_products_v_blocks_cta_links" ADD CONSTRAINT "_products_v_blocks_cta_links_parent_id_fk" FOREIGN KEY ("_parent_id") REFERENCES "public"."_products_v_blocks_cta"("id") ON DELETE cascade ON UPDATE no action;
            ALTER TABLE "_products_v_blocks_cta" ADD CONSTRAINT "_products_v_blocks_cta_parent_id_fk" FOREIGN KEY ("_parent_id") REFERENCES "public"."_products_v"("id") ON DELETE cascade ON UPDATE no action;
            ALTER TABLE "_products_v_blocks_content_columns" ADD CONSTRAINT "_products_v_blocks_content_columns_parent_id_fk" FOREIGN KEY ("_parent_id") REFERENCES "public"."_products_v_blocks_content"("id") ON DELETE cascade ON UPDATE no action;
            ALTER TABLE "_products_v_blocks_content" ADD CONSTRAINT "_products_v_blocks_content_parent_id_fk" FOREIGN KEY ("_parent_id") REFERENCES "public"."_products_v"("id") ON DELETE cascade ON UPDATE no action;
            ALTER TABLE "_products_v_blocks_media_block" ADD CONSTRAINT "_products_v_blocks_media_block_media_id_media_id_fk" FOREIGN KEY ("media_id") REFERENCES "public"."media"("id") ON DELETE set null ON UPDATE no action;
            ALTER TABLE "_products_v_blocks_media_block" ADD CONSTRAINT "_products_v_blocks_media_block_parent_id_fk" FOREIGN KEY ("_parent_id") REFERENCES "public"."_products_v"("id") ON DELETE cascade ON UPDATE no action;
            ALTER TABLE "_products_v_version_included_files" ADD CONSTRAINT "_products_v_version_included_files_parent_id_fk" FOREIGN KEY ("_parent_id") REFERENCES "public"."_products_v"("id") ON DELETE cascade ON UPDATE no action;
            ALTER TABLE "_products_v_version_product_f_a_q" ADD CONSTRAINT "_products_v_version_product_f_a_q_parent_id_fk" FOREIGN KEY ("_parent_id") REFERENCES "public"."_products_v"("id") ON DELETE cascade ON UPDATE no action;
            ALTER TABLE "_products_v" ADD CONSTRAINT "_products_v_parent_id_products_id_fk" FOREIGN KEY ("parent_id") REFERENCES "public"."products"("id") ON DELETE set null ON UPDATE no action;
            ALTER TABLE "_products_v" ADD CONSTRAINT "_products_v_version_meta_image_id_media_id_fk" FOREIGN KEY ("version_meta_image_id") REFERENCES "public"."media"("id") ON DELETE set null ON UPDATE no action;
            ALTER TABLE "_products_v_rels" ADD CONSTRAINT "_products_v_rels_parent_fk" FOREIGN KEY ("parent_id") REFERENCES "public"."_products_v"("id") ON DELETE cascade ON UPDATE no action;
            ALTER TABLE "_products_v_rels" ADD CONSTRAINT "_products_v_rels_pages_fk" FOREIGN KEY ("pages_id") REFERENCES "public"."pages"("id") ON DELETE cascade ON UPDATE no action;
            ALTER TABLE "_products_v_rels" ADD CONSTRAINT "_products_v_rels_variant_types_fk" FOREIGN KEY ("variant_types_id") REFERENCES "public"."variant_types"("id") ON DELETE cascade ON UPDATE no action;
            ALTER TABLE "_products_v_rels" ADD CONSTRAINT "_products_v_rels_products_fk" FOREIGN KEY ("products_id") REFERENCES "public"."products"("id") ON DELETE cascade ON UPDATE no action;
            ALTER TABLE "_products_v_rels" ADD CONSTRAINT "_products_v_rels_categories_fk" FOREIGN KEY ("categories_id") REFERENCES "public"."categories"("id") ON DELETE cascade ON UPDATE no action;
            ALTER TABLE "carts_items" ADD CONSTRAINT "carts_items_product_id_products_id_fk" FOREIGN KEY ("product_id") REFERENCES "public"."products"("id") ON DELETE set null ON UPDATE no action;
            ALTER TABLE "carts_items" ADD CONSTRAINT "carts_items_variant_id_variants_id_fk" FOREIGN KEY ("variant_id") REFERENCES "public"."variants"("id") ON DELETE set null ON UPDATE no action;
            ALTER TABLE "carts_items" ADD CONSTRAINT "carts_items_parent_id_fk" FOREIGN KEY ("_parent_id") REFERENCES "public"."carts"("id") ON DELETE cascade ON UPDATE no action;
            ALTER TABLE "carts" ADD CONSTRAINT "carts_customer_id_users_id_fk" FOREIGN KEY ("customer_id") REFERENCES "public"."users"("id") ON DELETE set null ON UPDATE no action;
            ALTER TABLE "orders_items" ADD CONSTRAINT "orders_items_product_id_products_id_fk" FOREIGN KEY ("product_id") REFERENCES "public"."products"("id") ON DELETE set null ON UPDATE no action;
            ALTER TABLE "orders_items" ADD CONSTRAINT "orders_items_variant_id_variants_id_fk" FOREIGN KEY ("variant_id") REFERENCES "public"."variants"("id") ON DELETE set null ON UPDATE no action;
            ALTER TABLE "orders_items" ADD CONSTRAINT "orders_items_parent_id_fk" FOREIGN KEY ("_parent_id") REFERENCES "public"."orders"("id") ON DELETE cascade ON UPDATE no action;
            ALTER TABLE "orders" ADD CONSTRAINT "orders_customer_id_users_id_fk" FOREIGN KEY ("customer_id") REFERENCES "public"."users"("id") ON DELETE set null ON UPDATE no action;
            ALTER TABLE "orders_rels" ADD CONSTRAINT "orders_rels_parent_fk" FOREIGN KEY ("parent_id") REFERENCES "public"."orders"("id") ON DELETE cascade ON UPDATE no action;
            ALTER TABLE "orders_rels" ADD CONSTRAINT "orders_rels_transactions_fk" FOREIGN KEY ("transactions_id") REFERENCES "public"."transactions"("id") ON DELETE cascade ON UPDATE no action;
            ALTER TABLE "transactions_items" ADD CONSTRAINT "transactions_items_product_id_products_id_fk" FOREIGN KEY ("product_id") REFERENCES "public"."products"("id") ON DELETE set null ON UPDATE no action;
            ALTER TABLE "transactions_items" ADD CONSTRAINT "transactions_items_variant_id_variants_id_fk" FOREIGN KEY ("variant_id") REFERENCES "public"."variants"("id") ON DELETE set null ON UPDATE no action;
            ALTER TABLE "transactions_items" ADD CONSTRAINT "transactions_items_parent_id_fk" FOREIGN KEY ("_parent_id") REFERENCES "public"."transactions"("id") ON DELETE cascade ON UPDATE no action;
            ALTER TABLE "transactions" ADD CONSTRAINT "transactions_customer_id_users_id_fk" FOREIGN KEY ("customer_id") REFERENCES "public"."users"("id") ON DELETE set null ON UPDATE no action;
            ALTER TABLE "transactions" ADD CONSTRAINT "transactions_order_id_orders_id_fk" FOREIGN KEY ("order_id") REFERENCES "public"."orders"("id") ON DELETE set null ON UPDATE no action;
            ALTER TABLE "transactions" ADD CONSTRAINT "transactions_cart_id_carts_id_fk" FOREIGN KEY ("cart_id") REFERENCES "public"."carts"("id") ON DELETE set null ON UPDATE no action;
            ALTER TABLE "payload_locked_documents_rels" ADD CONSTRAINT "payload_locked_documents_rels_parent_fk" FOREIGN KEY ("parent_id") REFERENCES "public"."payload_locked_documents"("id") ON DELETE cascade ON UPDATE no action;
            ALTER TABLE "payload_locked_documents_rels" ADD CONSTRAINT "payload_locked_documents_rels_users_fk" FOREIGN KEY ("users_id") REFERENCES "public"."users"("id") ON DELETE cascade ON UPDATE no action;
            ALTER TABLE "payload_locked_documents_rels" ADD CONSTRAINT "payload_locked_documents_rels_pages_fk" FOREIGN KEY ("pages_id") REFERENCES "public"."pages"("id") ON DELETE cascade ON UPDATE no action;
            ALTER TABLE "payload_locked_documents_rels" ADD CONSTRAINT "payload_locked_documents_rels_categories_fk" FOREIGN KEY ("categories_id") REFERENCES "public"."categories"("id") ON DELETE cascade ON UPDATE no action;
            ALTER TABLE "payload_locked_documents_rels" ADD CONSTRAINT "payload_locked_documents_rels_media_fk" FOREIGN KEY ("media_id") REFERENCES "public"."media"("id") ON DELETE cascade ON UPDATE no action;
            ALTER TABLE "payload_locked_documents_rels" ADD CONSTRAINT "payload_locked_documents_rels_digital_assets_fk" FOREIGN KEY ("digital_assets_id") REFERENCES "public"."digital_assets"("id") ON DELETE cascade ON UPDATE no action;
            ALTER TABLE "payload_locked_documents_rels" ADD CONSTRAINT "payload_locked_documents_rels_download_access_fk" FOREIGN KEY ("download_access_id") REFERENCES "public"."download_access"("id") ON DELETE cascade ON UPDATE no action;
            ALTER TABLE "payload_locked_documents_rels" ADD CONSTRAINT "payload_locked_documents_rels_download_logs_fk" FOREIGN KEY ("download_logs_id") REFERENCES "public"."download_logs"("id") ON DELETE cascade ON UPDATE no action;
            ALTER TABLE "payload_locked_documents_rels" ADD CONSTRAINT "payload_locked_documents_rels_licenses_fk" FOREIGN KEY ("licenses_id") REFERENCES "public"."licenses"("id") ON DELETE cascade ON UPDATE no action;
            ALTER TABLE "payload_locked_documents_rels" ADD CONSTRAINT "payload_locked_documents_rels_payment_transactions_fk" FOREIGN KEY ("payment_transactions_id") REFERENCES "public"."payment_transactions"("id") ON DELETE cascade ON UPDATE no action;
            ALTER TABLE "payload_locked_documents_rels" ADD CONSTRAINT "payload_locked_documents_rels_coupons_fk" FOREIGN KEY ("coupons_id") REFERENCES "public"."coupons"("id") ON DELETE cascade ON UPDATE no action;
            ALTER TABLE "payload_locked_documents_rels" ADD CONSTRAINT "payload_locked_documents_rels_promo_banners_fk" FOREIGN KEY ("promo_banners_id") REFERENCES "public"."promo_banners"("id") ON DELETE cascade ON UPDATE no action;
            ALTER TABLE "payload_locked_documents_rels" ADD CONSTRAINT "payload_locked_documents_rels_testimonials_fk" FOREIGN KEY ("testimonials_id") REFERENCES "public"."testimonials"("id") ON DELETE cascade ON UPDATE no action;
            ALTER TABLE "payload_locked_documents_rels" ADD CONSTRAINT "payload_locked_documents_rels_support_tickets_fk" FOREIGN KEY ("support_tickets_id") REFERENCES "public"."support_tickets"("id") ON DELETE cascade ON UPDATE no action;
            ALTER TABLE "payload_locked_documents_rels" ADD CONSTRAINT "payload_locked_documents_rels_support_messages_fk" FOREIGN KEY ("support_messages_id") REFERENCES "public"."support_messages"("id") ON DELETE cascade ON UPDATE no action;
            ALTER TABLE "payload_locked_documents_rels" ADD CONSTRAINT "payload_locked_documents_rels_email_templates_fk" FOREIGN KEY ("email_templates_id") REFERENCES "public"."email_templates"("id") ON DELETE cascade ON UPDATE no action;
            ALTER TABLE "payload_locked_documents_rels" ADD CONSTRAINT "payload_locked_documents_rels_stock_reservations_fk" FOREIGN KEY ("stock_reservations_id") REFERENCES "public"."stock_reservations"("id") ON DELETE cascade ON UPDATE no action;
            ALTER TABLE "payload_locked_documents_rels" ADD CONSTRAINT "payload_locked_documents_rels_forms_fk" FOREIGN KEY ("forms_id") REFERENCES "public"."forms"("id") ON DELETE cascade ON UPDATE no action;
            ALTER TABLE "payload_locked_documents_rels" ADD CONSTRAINT "payload_locked_documents_rels_form_submissions_fk" FOREIGN KEY ("form_submissions_id") REFERENCES "public"."form_submissions"("id") ON DELETE cascade ON UPDATE no action;
            ALTER TABLE "payload_locked_documents_rels" ADD CONSTRAINT "payload_locked_documents_rels_addresses_fk" FOREIGN KEY ("addresses_id") REFERENCES "public"."addresses"("id") ON DELETE cascade ON UPDATE no action;
            ALTER TABLE "payload_locked_documents_rels" ADD CONSTRAINT "payload_locked_documents_rels_variants_fk" FOREIGN KEY ("variants_id") REFERENCES "public"."variants"("id") ON DELETE cascade ON UPDATE no action;
            ALTER TABLE "payload_locked_documents_rels" ADD CONSTRAINT "payload_locked_documents_rels_variant_types_fk" FOREIGN KEY ("variant_types_id") REFERENCES "public"."variant_types"("id") ON DELETE cascade ON UPDATE no action;
            ALTER TABLE "payload_locked_documents_rels" ADD CONSTRAINT "payload_locked_documents_rels_variant_options_fk" FOREIGN KEY ("variant_options_id") REFERENCES "public"."variant_options"("id") ON DELETE cascade ON UPDATE no action;
            ALTER TABLE "payload_locked_documents_rels" ADD CONSTRAINT "payload_locked_documents_rels_products_fk" FOREIGN KEY ("products_id") REFERENCES "public"."products"("id") ON DELETE cascade ON UPDATE no action;
            ALTER TABLE "payload_locked_documents_rels" ADD CONSTRAINT "payload_locked_documents_rels_carts_fk" FOREIGN KEY ("carts_id") REFERENCES "public"."carts"("id") ON DELETE cascade ON UPDATE no action;
            ALTER TABLE "payload_locked_documents_rels" ADD CONSTRAINT "payload_locked_documents_rels_orders_fk" FOREIGN KEY ("orders_id") REFERENCES "public"."orders"("id") ON DELETE cascade ON UPDATE no action;
            ALTER TABLE "payload_locked_documents_rels" ADD CONSTRAINT "payload_locked_documents_rels_transactions_fk" FOREIGN KEY ("transactions_id") REFERENCES "public"."transactions"("id") ON DELETE cascade ON UPDATE no action;
            ALTER TABLE "payload_preferences_rels" ADD CONSTRAINT "payload_preferences_rels_parent_fk" FOREIGN KEY ("parent_id") REFERENCES "public"."payload_preferences"("id") ON DELETE cascade ON UPDATE no action;
            ALTER TABLE "payload_preferences_rels" ADD CONSTRAINT "payload_preferences_rels_users_fk" FOREIGN KEY ("users_id") REFERENCES "public"."users"("id") ON DELETE cascade ON UPDATE no action;
            ALTER TABLE "header_nav_items" ADD CONSTRAINT "header_nav_items_parent_id_fk" FOREIGN KEY ("_parent_id") REFERENCES "public"."header"("id") ON DELETE cascade ON UPDATE no action;
            ALTER TABLE "header_rels" ADD CONSTRAINT "header_rels_parent_fk" FOREIGN KEY ("parent_id") REFERENCES "public"."header"("id") ON DELETE cascade ON UPDATE no action;
            ALTER TABLE "header_rels" ADD CONSTRAINT "header_rels_pages_fk" FOREIGN KEY ("pages_id") REFERENCES "public"."pages"("id") ON DELETE cascade ON UPDATE no action;
            ALTER TABLE "footer_nav_items" ADD CONSTRAINT "footer_nav_items_parent_id_fk" FOREIGN KEY ("_parent_id") REFERENCES "public"."footer"("id") ON DELETE cascade ON UPDATE no action;
            ALTER TABLE "footer_rels" ADD CONSTRAINT "footer_rels_parent_fk" FOREIGN KEY ("parent_id") REFERENCES "public"."footer"("id") ON DELETE cascade ON UPDATE no action;
            ALTER TABLE "footer_rels" ADD CONSTRAINT "footer_rels_pages_fk" FOREIGN KEY ("pages_id") REFERENCES "public"."pages"("id") ON DELETE cascade ON UPDATE no action;
            ALTER TABLE "settings_trust_badges_partner_logos" ADD CONSTRAINT "settings_trust_badges_partner_logos_logo_id_media_id_fk" FOREIGN KEY ("logo_id") REFERENCES "public"."media"("id") ON DELETE set null ON UPDATE no action;
            ALTER TABLE "settings_trust_badges_partner_logos" ADD CONSTRAINT "settings_trust_badges_partner_logos_parent_id_fk" FOREIGN KEY ("_parent_id") REFERENCES "public"."settings"("id") ON DELETE cascade ON UPDATE no action;
            ALTER TABLE "settings" ADD CONSTRAINT "settings_logo_id_media_id_fk" FOREIGN KEY ("logo_id") REFERENCES "public"."media"("id") ON DELETE set null ON UPDATE no action;
            ALTER TABLE "settings" ADD CONSTRAINT "settings_favicon_id_media_id_fk" FOREIGN KEY ("favicon_id") REFERENCES "public"."media"("id") ON DELETE set null ON UPDATE no action;
            ALTER TABLE "settings" ADD CONSTRAINT "settings_legal_pages_terms_page_id_pages_id_fk" FOREIGN KEY ("legal_pages_terms_page_id") REFERENCES "public"."pages"("id") ON DELETE set null ON UPDATE no action;
            ALTER TABLE "settings" ADD CONSTRAINT "settings_legal_pages_privacy_page_id_pages_id_fk" FOREIGN KEY ("legal_pages_privacy_page_id") REFERENCES "public"."pages"("id") ON DELETE set null ON UPDATE no action;
            ALTER TABLE "settings" ADD CONSTRAINT "settings_legal_pages_refund_page_id_pages_id_fk" FOREIGN KEY ("legal_pages_refund_page_id") REFERENCES "public"."pages"("id") ON DELETE set null ON UPDATE no action;
            CREATE INDEX "users_roles_order_idx" ON "users_roles" USING btree ("order");
            CREATE INDEX "users_roles_parent_idx" ON "users_roles" USING btree ("parent_id");
            CREATE INDEX "users_sessions_order_idx" ON "users_sessions" USING btree ("_order");
            CREATE INDEX "users_sessions_parent_id_idx" ON "users_sessions" USING btree ("_parent_id");
            CREATE UNIQUE INDEX "users_google_id_idx" ON "users" USING btree ("google_id");
            CREATE INDEX "users_avatar_idx" ON "users" USING btree ("avatar_id");
            CREATE INDEX "users_updated_at_idx" ON "users" USING btree ("updated_at");
            CREATE INDEX "users_created_at_idx" ON "users" USING btree ("created_at");
            CREATE UNIQUE INDEX "users_email_idx" ON "users" USING btree ("email");
            CREATE INDEX "pages_hero_links_order_idx" ON "pages_hero_links" USING btree ("_order");
            CREATE INDEX "pages_hero_links_parent_id_idx" ON "pages_hero_links" USING btree ("_parent_id");
            CREATE INDEX "pages_blocks_cta_links_order_idx" ON "pages_blocks_cta_links" USING btree ("_order");
            CREATE INDEX "pages_blocks_cta_links_parent_id_idx" ON "pages_blocks_cta_links" USING btree ("_parent_id");
            CREATE INDEX "pages_blocks_cta_order_idx" ON "pages_blocks_cta" USING btree ("_order");
            CREATE INDEX "pages_blocks_cta_parent_id_idx" ON "pages_blocks_cta" USING btree ("_parent_id");
            CREATE INDEX "pages_blocks_cta_path_idx" ON "pages_blocks_cta" USING btree ("_path");
            CREATE INDEX "pages_blocks_content_columns_order_idx" ON "pages_blocks_content_columns" USING btree ("_order");
            CREATE INDEX "pages_blocks_content_columns_parent_id_idx" ON "pages_blocks_content_columns" USING btree ("_parent_id");
            CREATE INDEX "pages_blocks_content_order_idx" ON "pages_blocks_content" USING btree ("_order");
            CREATE INDEX "pages_blocks_content_parent_id_idx" ON "pages_blocks_content" USING btree ("_parent_id");
            CREATE INDEX "pages_blocks_content_path_idx" ON "pages_blocks_content" USING btree ("_path");
            CREATE INDEX "pages_blocks_media_block_order_idx" ON "pages_blocks_media_block" USING btree ("_order");
            CREATE INDEX "pages_blocks_media_block_parent_id_idx" ON "pages_blocks_media_block" USING btree ("_parent_id");
            CREATE INDEX "pages_blocks_media_block_path_idx" ON "pages_blocks_media_block" USING btree ("_path");
            CREATE INDEX "pages_blocks_media_block_media_idx" ON "pages_blocks_media_block" USING btree ("media_id");
            CREATE INDEX "pages_blocks_archive_order_idx" ON "pages_blocks_archive" USING btree ("_order");
            CREATE INDEX "pages_blocks_archive_parent_id_idx" ON "pages_blocks_archive" USING btree ("_parent_id");
            CREATE INDEX "pages_blocks_archive_path_idx" ON "pages_blocks_archive" USING btree ("_path");
            CREATE INDEX "pages_blocks_carousel_order_idx" ON "pages_blocks_carousel" USING btree ("_order");
            CREATE INDEX "pages_blocks_carousel_parent_id_idx" ON "pages_blocks_carousel" USING btree ("_parent_id");
            CREATE INDEX "pages_blocks_carousel_path_idx" ON "pages_blocks_carousel" USING btree ("_path");
            CREATE INDEX "pages_blocks_three_item_grid_order_idx" ON "pages_blocks_three_item_grid" USING btree ("_order");
            CREATE INDEX "pages_blocks_three_item_grid_parent_id_idx" ON "pages_blocks_three_item_grid" USING btree ("_parent_id");
            CREATE INDEX "pages_blocks_three_item_grid_path_idx" ON "pages_blocks_three_item_grid" USING btree ("_path");
            CREATE INDEX "pages_blocks_banner_order_idx" ON "pages_blocks_banner" USING btree ("_order");
            CREATE INDEX "pages_blocks_banner_parent_id_idx" ON "pages_blocks_banner" USING btree ("_parent_id");
            CREATE INDEX "pages_blocks_banner_path_idx" ON "pages_blocks_banner" USING btree ("_path");
            CREATE INDEX "pages_blocks_form_block_order_idx" ON "pages_blocks_form_block" USING btree ("_order");
            CREATE INDEX "pages_blocks_form_block_parent_id_idx" ON "pages_blocks_form_block" USING btree ("_parent_id");
            CREATE INDEX "pages_blocks_form_block_path_idx" ON "pages_blocks_form_block" USING btree ("_path");
            CREATE INDEX "pages_blocks_form_block_form_idx" ON "pages_blocks_form_block" USING btree ("form_id");
            CREATE INDEX "pages_hero_hero_media_idx" ON "pages" USING btree ("hero_media_id");
            CREATE INDEX "pages_meta_meta_image_idx" ON "pages" USING btree ("meta_image_id");
            CREATE UNIQUE INDEX "pages_slug_idx" ON "pages" USING btree ("slug");
            CREATE INDEX "pages_updated_at_idx" ON "pages" USING btree ("updated_at");
            CREATE INDEX "pages_created_at_idx" ON "pages" USING btree ("created_at");
            CREATE INDEX "pages__status_idx" ON "pages" USING btree ("_status");
            CREATE INDEX "pages_rels_order_idx" ON "pages_rels" USING btree ("order");
            CREATE INDEX "pages_rels_parent_idx" ON "pages_rels" USING btree ("parent_id");
            CREATE INDEX "pages_rels_path_idx" ON "pages_rels" USING btree ("path");
            CREATE INDEX "pages_rels_pages_id_idx" ON "pages_rels" USING btree ("pages_id");
            CREATE INDEX "pages_rels_categories_id_idx" ON "pages_rels" USING btree ("categories_id");
            CREATE INDEX "pages_rels_products_id_idx" ON "pages_rels" USING btree ("products_id");
            CREATE INDEX "_pages_v_version_hero_links_order_idx" ON "_pages_v_version_hero_links" USING btree ("_order");
            CREATE INDEX "_pages_v_version_hero_links_parent_id_idx" ON "_pages_v_version_hero_links" USING btree ("_parent_id");
            CREATE INDEX "_pages_v_blocks_cta_links_order_idx" ON "_pages_v_blocks_cta_links" USING btree ("_order");
            CREATE INDEX "_pages_v_blocks_cta_links_parent_id_idx" ON "_pages_v_blocks_cta_links" USING btree ("_parent_id");
            CREATE INDEX "_pages_v_blocks_cta_order_idx" ON "_pages_v_blocks_cta" USING btree ("_order");
            CREATE INDEX "_pages_v_blocks_cta_parent_id_idx" ON "_pages_v_blocks_cta" USING btree ("_parent_id");
            CREATE INDEX "_pages_v_blocks_cta_path_idx" ON "_pages_v_blocks_cta" USING btree ("_path");
            CREATE INDEX "_pages_v_blocks_content_columns_order_idx" ON "_pages_v_blocks_content_columns" USING btree ("_order");
            CREATE INDEX "_pages_v_blocks_content_columns_parent_id_idx" ON "_pages_v_blocks_content_columns" USING btree ("_parent_id");
            CREATE INDEX "_pages_v_blocks_content_order_idx" ON "_pages_v_blocks_content" USING btree ("_order");
            CREATE INDEX "_pages_v_blocks_content_parent_id_idx" ON "_pages_v_blocks_content" USING btree ("_parent_id");
            CREATE INDEX "_pages_v_blocks_content_path_idx" ON "_pages_v_blocks_content" USING btree ("_path");
            CREATE INDEX "_pages_v_blocks_media_block_order_idx" ON "_pages_v_blocks_media_block" USING btree ("_order");
            CREATE INDEX "_pages_v_blocks_media_block_parent_id_idx" ON "_pages_v_blocks_media_block" USING btree ("_parent_id");
            CREATE INDEX "_pages_v_blocks_media_block_path_idx" ON "_pages_v_blocks_media_block" USING btree ("_path");
            CREATE INDEX "_pages_v_blocks_media_block_media_idx" ON "_pages_v_blocks_media_block" USING btree ("media_id");
            CREATE INDEX "_pages_v_blocks_archive_order_idx" ON "_pages_v_blocks_archive" USING btree ("_order");
            CREATE INDEX "_pages_v_blocks_archive_parent_id_idx" ON "_pages_v_blocks_archive" USING btree ("_parent_id");
            CREATE INDEX "_pages_v_blocks_archive_path_idx" ON "_pages_v_blocks_archive" USING btree ("_path");
            CREATE INDEX "_pages_v_blocks_carousel_order_idx" ON "_pages_v_blocks_carousel" USING btree ("_order");
            CREATE INDEX "_pages_v_blocks_carousel_parent_id_idx" ON "_pages_v_blocks_carousel" USING btree ("_parent_id");
            CREATE INDEX "_pages_v_blocks_carousel_path_idx" ON "_pages_v_blocks_carousel" USING btree ("_path");
            CREATE INDEX "_pages_v_blocks_three_item_grid_order_idx" ON "_pages_v_blocks_three_item_grid" USING btree ("_order");
            CREATE INDEX "_pages_v_blocks_three_item_grid_parent_id_idx" ON "_pages_v_blocks_three_item_grid" USING btree ("_parent_id");
            CREATE INDEX "_pages_v_blocks_three_item_grid_path_idx" ON "_pages_v_blocks_three_item_grid" USING btree ("_path");
            CREATE INDEX "_pages_v_blocks_banner_order_idx" ON "_pages_v_blocks_banner" USING btree ("_order");
            CREATE INDEX "_pages_v_blocks_banner_parent_id_idx" ON "_pages_v_blocks_banner" USING btree ("_parent_id");
            CREATE INDEX "_pages_v_blocks_banner_path_idx" ON "_pages_v_blocks_banner" USING btree ("_path");
            CREATE INDEX "_pages_v_blocks_form_block_order_idx" ON "_pages_v_blocks_form_block" USING btree ("_order");
            CREATE INDEX "_pages_v_blocks_form_block_parent_id_idx" ON "_pages_v_blocks_form_block" USING btree ("_parent_id");
            CREATE INDEX "_pages_v_blocks_form_block_path_idx" ON "_pages_v_blocks_form_block" USING btree ("_path");
            CREATE INDEX "_pages_v_blocks_form_block_form_idx" ON "_pages_v_blocks_form_block" USING btree ("form_id");
            CREATE INDEX "_pages_v_parent_idx" ON "_pages_v" USING btree ("parent_id");
            CREATE INDEX "_pages_v_version_hero_version_hero_media_idx" ON "_pages_v" USING btree ("version_hero_media_id");
            CREATE INDEX "_pages_v_version_meta_version_meta_image_idx" ON "_pages_v" USING btree ("version_meta_image_id");
            CREATE INDEX "_pages_v_version_version_slug_idx" ON "_pages_v" USING btree ("version_slug");
            CREATE INDEX "_pages_v_version_version_updated_at_idx" ON "_pages_v" USING btree ("version_updated_at");
            CREATE INDEX "_pages_v_version_version_created_at_idx" ON "_pages_v" USING btree ("version_created_at");
            CREATE INDEX "_pages_v_version_version__status_idx" ON "_pages_v" USING btree ("version__status");
            CREATE INDEX "_pages_v_created_at_idx" ON "_pages_v" USING btree ("created_at");
            CREATE INDEX "_pages_v_updated_at_idx" ON "_pages_v" USING btree ("updated_at");
            CREATE INDEX "_pages_v_latest_idx" ON "_pages_v" USING btree ("latest");
            CREATE INDEX "_pages_v_autosave_idx" ON "_pages_v" USING btree ("autosave");
            CREATE INDEX "_pages_v_rels_order_idx" ON "_pages_v_rels" USING btree ("order");
            CREATE INDEX "_pages_v_rels_parent_idx" ON "_pages_v_rels" USING btree ("parent_id");
            CREATE INDEX "_pages_v_rels_path_idx" ON "_pages_v_rels" USING btree ("path");
            CREATE INDEX "_pages_v_rels_pages_id_idx" ON "_pages_v_rels" USING btree ("pages_id");
            CREATE INDEX "_pages_v_rels_categories_id_idx" ON "_pages_v_rels" USING btree ("categories_id");
            CREATE INDEX "_pages_v_rels_products_id_idx" ON "_pages_v_rels" USING btree ("products_id");
            CREATE UNIQUE INDEX "categories_slug_idx" ON "categories" USING btree ("slug");
            CREATE INDEX "categories_updated_at_idx" ON "categories" USING btree ("updated_at");
            CREATE INDEX "categories_created_at_idx" ON "categories" USING btree ("created_at");
            CREATE INDEX "media_updated_at_idx" ON "media" USING btree ("updated_at");
            CREATE INDEX "media_created_at_idx" ON "media" USING btree ("created_at");
            CREATE UNIQUE INDEX "media_filename_idx" ON "media" USING btree ("filename");
            CREATE INDEX "digital_assets_product_idx" ON "digital_assets" USING btree ("product_id");
            CREATE INDEX "digital_assets_file_idx" ON "digital_assets" USING btree ("file_id");
            CREATE INDEX "digital_assets_updated_at_idx" ON "digital_assets" USING btree ("updated_at");
            CREATE INDEX "digital_assets_created_at_idx" ON "digital_assets" USING btree ("created_at");
            CREATE INDEX "download_access_customer_idx" ON "download_access" USING btree ("customer_id");
            CREATE INDEX "download_access_product_idx" ON "download_access" USING btree ("product_id");
            CREATE INDEX "download_access_order_idx" ON "download_access" USING btree ("order_id");
            CREATE INDEX "download_access_asset_idx" ON "download_access" USING btree ("asset_id");
            CREATE INDEX "download_access_updated_at_idx" ON "download_access" USING btree ("updated_at");
            CREATE INDEX "download_access_created_at_idx" ON "download_access" USING btree ("created_at");
            CREATE INDEX "download_logs_customer_idx" ON "download_logs" USING btree ("customer_id");
            CREATE INDEX "download_logs_product_idx" ON "download_logs" USING btree ("product_id");
            CREATE INDEX "download_logs_asset_idx" ON "download_logs" USING btree ("asset_id");
            CREATE INDEX "download_logs_order_idx" ON "download_logs" USING btree ("order_id");
            CREATE INDEX "download_logs_updated_at_idx" ON "download_logs" USING btree ("updated_at");
            CREATE INDEX "download_logs_created_at_idx" ON "download_logs" USING btree ("created_at");
            CREATE INDEX "licenses_customer_idx" ON "licenses" USING btree ("customer_id");
            CREATE INDEX "licenses_product_idx" ON "licenses" USING btree ("product_id");
            CREATE INDEX "licenses_order_idx" ON "licenses" USING btree ("order_id");
            CREATE UNIQUE INDEX "licenses_license_key_idx" ON "licenses" USING btree ("license_key");
            CREATE INDEX "licenses_updated_at_idx" ON "licenses" USING btree ("updated_at");
            CREATE INDEX "licenses_created_at_idx" ON "licenses" USING btree ("created_at");
            CREATE INDEX "payment_transactions_order_idx" ON "payment_transactions" USING btree ("order_id");
            CREATE INDEX "payment_transactions_customer_idx" ON "payment_transactions" USING btree ("customer_id");
            CREATE INDEX "payment_transactions_provider_transaction_id_idx" ON "payment_transactions" USING btree ("provider_transaction_id");
            CREATE INDEX "payment_transactions_updated_at_idx" ON "payment_transactions" USING btree ("updated_at");
            CREATE INDEX "payment_transactions_created_at_idx" ON "payment_transactions" USING btree ("created_at");
            CREATE UNIQUE INDEX "coupons_code_idx" ON "coupons" USING btree ("code");
            CREATE INDEX "coupons_updated_at_idx" ON "coupons" USING btree ("updated_at");
            CREATE INDEX "coupons_created_at_idx" ON "coupons" USING btree ("created_at");
            CREATE INDEX "promo_banners_image_idx" ON "promo_banners" USING btree ("image_id");
            CREATE INDEX "promo_banners_updated_at_idx" ON "promo_banners" USING btree ("updated_at");
            CREATE INDEX "promo_banners_created_at_idx" ON "promo_banners" USING btree ("created_at");
            CREATE INDEX "testimonials_avatar_idx" ON "testimonials" USING btree ("avatar_id");
            CREATE INDEX "testimonials_updated_at_idx" ON "testimonials" USING btree ("updated_at");
            CREATE INDEX "testimonials_created_at_idx" ON "testimonials" USING btree ("created_at");
            CREATE UNIQUE INDEX "support_tickets_ticket_number_idx" ON "support_tickets" USING btree ("ticket_number");
            CREATE INDEX "support_tickets_customer_idx" ON "support_tickets" USING btree ("customer_id");
            CREATE INDEX "support_tickets_related_order_idx" ON "support_tickets" USING btree ("related_order_id");
            CREATE INDEX "support_tickets_related_product_idx" ON "support_tickets" USING btree ("related_product_id");
            CREATE INDEX "support_tickets_assigned_to_idx" ON "support_tickets" USING btree ("assigned_to_id");
            CREATE INDEX "support_tickets_updated_at_idx" ON "support_tickets" USING btree ("updated_at");
            CREATE INDEX "support_tickets_created_at_idx" ON "support_tickets" USING btree ("created_at");
            CREATE INDEX "support_messages_attachments_order_idx" ON "support_messages_attachments" USING btree ("_order");
            CREATE INDEX "support_messages_attachments_parent_id_idx" ON "support_messages_attachments" USING btree ("_parent_id");
            CREATE INDEX "support_messages_attachments_file_idx" ON "support_messages_attachments" USING btree ("file_id");
            CREATE INDEX "support_messages_ticket_idx" ON "support_messages" USING btree ("ticket_id");
            CREATE INDEX "support_messages_sender_idx" ON "support_messages" USING btree ("sender_id");
            CREATE INDEX "support_messages_updated_at_idx" ON "support_messages" USING btree ("updated_at");
            CREATE INDEX "support_messages_created_at_idx" ON "support_messages" USING btree ("created_at");
            CREATE INDEX "email_templates_updated_at_idx" ON "email_templates" USING btree ("updated_at");
            CREATE INDEX "email_templates_created_at_idx" ON "email_templates" USING btree ("created_at");
            CREATE INDEX "stock_reservations_reservation_id_idx" ON "stock_reservations" USING btree ("reservation_id");
            CREATE INDEX "stock_reservations_product_idx" ON "stock_reservations" USING btree ("product_id");
            CREATE INDEX "stock_reservations_variant_idx" ON "stock_reservations" USING btree ("variant");
            CREATE INDEX "stock_reservations_status_idx" ON "stock_reservations" USING btree ("status");
            CREATE INDEX "stock_reservations_expires_at_idx" ON "stock_reservations" USING btree ("expires_at");
            CREATE INDEX "stock_reservations_order_idx" ON "stock_reservations" USING btree ("order_id");
            CREATE INDEX "stock_reservations_customer_idx" ON "stock_reservations" USING btree ("customer_id");
            CREATE INDEX "stock_reservations_cart_id_idx" ON "stock_reservations" USING btree ("cart_id");
            CREATE INDEX "stock_reservations_updated_at_idx" ON "stock_reservations" USING btree ("updated_at");
            CREATE INDEX "stock_reservations_created_at_idx" ON "stock_reservations" USING btree ("created_at");
            CREATE INDEX "forms_blocks_checkbox_order_idx" ON "forms_blocks_checkbox" USING btree ("_order");
            CREATE INDEX "forms_blocks_checkbox_parent_id_idx" ON "forms_blocks_checkbox" USING btree ("_parent_id");
            CREATE INDEX "forms_blocks_checkbox_path_idx" ON "forms_blocks_checkbox" USING btree ("_path");
            CREATE INDEX "forms_blocks_country_order_idx" ON "forms_blocks_country" USING btree ("_order");
            CREATE INDEX "forms_blocks_country_parent_id_idx" ON "forms_blocks_country" USING btree ("_parent_id");
            CREATE INDEX "forms_blocks_country_path_idx" ON "forms_blocks_country" USING btree ("_path");
            CREATE INDEX "forms_blocks_email_order_idx" ON "forms_blocks_email" USING btree ("_order");
            CREATE INDEX "forms_blocks_email_parent_id_idx" ON "forms_blocks_email" USING btree ("_parent_id");
            CREATE INDEX "forms_blocks_email_path_idx" ON "forms_blocks_email" USING btree ("_path");
            CREATE INDEX "forms_blocks_message_order_idx" ON "forms_blocks_message" USING btree ("_order");
            CREATE INDEX "forms_blocks_message_parent_id_idx" ON "forms_blocks_message" USING btree ("_parent_id");
            CREATE INDEX "forms_blocks_message_path_idx" ON "forms_blocks_message" USING btree ("_path");
            CREATE INDEX "forms_blocks_number_order_idx" ON "forms_blocks_number" USING btree ("_order");
            CREATE INDEX "forms_blocks_number_parent_id_idx" ON "forms_blocks_number" USING btree ("_parent_id");
            CREATE INDEX "forms_blocks_number_path_idx" ON "forms_blocks_number" USING btree ("_path");
            CREATE INDEX "forms_blocks_select_options_order_idx" ON "forms_blocks_select_options" USING btree ("_order");
            CREATE INDEX "forms_blocks_select_options_parent_id_idx" ON "forms_blocks_select_options" USING btree ("_parent_id");
            CREATE INDEX "forms_blocks_select_order_idx" ON "forms_blocks_select" USING btree ("_order");
            CREATE INDEX "forms_blocks_select_parent_id_idx" ON "forms_blocks_select" USING btree ("_parent_id");
            CREATE INDEX "forms_blocks_select_path_idx" ON "forms_blocks_select" USING btree ("_path");
            CREATE INDEX "forms_blocks_state_order_idx" ON "forms_blocks_state" USING btree ("_order");
            CREATE INDEX "forms_blocks_state_parent_id_idx" ON "forms_blocks_state" USING btree ("_parent_id");
            CREATE INDEX "forms_blocks_state_path_idx" ON "forms_blocks_state" USING btree ("_path");
            CREATE INDEX "forms_blocks_text_order_idx" ON "forms_blocks_text" USING btree ("_order");
            CREATE INDEX "forms_blocks_text_parent_id_idx" ON "forms_blocks_text" USING btree ("_parent_id");
            CREATE INDEX "forms_blocks_text_path_idx" ON "forms_blocks_text" USING btree ("_path");
            CREATE INDEX "forms_blocks_textarea_order_idx" ON "forms_blocks_textarea" USING btree ("_order");
            CREATE INDEX "forms_blocks_textarea_parent_id_idx" ON "forms_blocks_textarea" USING btree ("_parent_id");
            CREATE INDEX "forms_blocks_textarea_path_idx" ON "forms_blocks_textarea" USING btree ("_path");
            CREATE INDEX "forms_emails_order_idx" ON "forms_emails" USING btree ("_order");
            CREATE INDEX "forms_emails_parent_id_idx" ON "forms_emails" USING btree ("_parent_id");
            CREATE INDEX "forms_updated_at_idx" ON "forms" USING btree ("updated_at");
            CREATE INDEX "forms_created_at_idx" ON "forms" USING btree ("created_at");
            CREATE INDEX "form_submissions_submission_data_order_idx" ON "form_submissions_submission_data" USING btree ("_order");
            CREATE INDEX "form_submissions_submission_data_parent_id_idx" ON "form_submissions_submission_data" USING btree ("_parent_id");
            CREATE INDEX "form_submissions_form_idx" ON "form_submissions" USING btree ("form_id");
            CREATE INDEX "form_submissions_updated_at_idx" ON "form_submissions" USING btree ("updated_at");
            CREATE INDEX "form_submissions_created_at_idx" ON "form_submissions" USING btree ("created_at");
            CREATE INDEX "addresses_customer_idx" ON "addresses" USING btree ("customer_id");
            CREATE INDEX "addresses_updated_at_idx" ON "addresses" USING btree ("updated_at");
            CREATE INDEX "addresses_created_at_idx" ON "addresses" USING btree ("created_at");
            CREATE INDEX "variants_product_idx" ON "variants" USING btree ("product_id");
            CREATE INDEX "variants_updated_at_idx" ON "variants" USING btree ("updated_at");
            CREATE INDEX "variants_created_at_idx" ON "variants" USING btree ("created_at");
            CREATE INDEX "variants_deleted_at_idx" ON "variants" USING btree ("deleted_at");
            CREATE INDEX "variants__status_idx" ON "variants" USING btree ("_status");
            CREATE INDEX "variants_rels_order_idx" ON "variants_rels" USING btree ("order");
            CREATE INDEX "variants_rels_parent_idx" ON "variants_rels" USING btree ("parent_id");
            CREATE INDEX "variants_rels_path_idx" ON "variants_rels" USING btree ("path");
            CREATE INDEX "variants_rels_variant_options_id_idx" ON "variants_rels" USING btree ("variant_options_id");
            CREATE INDEX "_variants_v_parent_idx" ON "_variants_v" USING btree ("parent_id");
            CREATE INDEX "_variants_v_version_version_product_idx" ON "_variants_v" USING btree ("version_product_id");
            CREATE INDEX "_variants_v_version_version_updated_at_idx" ON "_variants_v" USING btree ("version_updated_at");
            CREATE INDEX "_variants_v_version_version_created_at_idx" ON "_variants_v" USING btree ("version_created_at");
            CREATE INDEX "_variants_v_version_version_deleted_at_idx" ON "_variants_v" USING btree ("version_deleted_at");
            CREATE INDEX "_variants_v_version_version__status_idx" ON "_variants_v" USING btree ("version__status");
            CREATE INDEX "_variants_v_created_at_idx" ON "_variants_v" USING btree ("created_at");
            CREATE INDEX "_variants_v_updated_at_idx" ON "_variants_v" USING btree ("updated_at");
            CREATE INDEX "_variants_v_latest_idx" ON "_variants_v" USING btree ("latest");
            CREATE INDEX "_variants_v_autosave_idx" ON "_variants_v" USING btree ("autosave");
            CREATE INDEX "_variants_v_rels_order_idx" ON "_variants_v_rels" USING btree ("order");
            CREATE INDEX "_variants_v_rels_parent_idx" ON "_variants_v_rels" USING btree ("parent_id");
            CREATE INDEX "_variants_v_rels_path_idx" ON "_variants_v_rels" USING btree ("path");
            CREATE INDEX "_variants_v_rels_variant_options_id_idx" ON "_variants_v_rels" USING btree ("variant_options_id");
            CREATE INDEX "variant_types_updated_at_idx" ON "variant_types" USING btree ("updated_at");
            CREATE INDEX "variant_types_created_at_idx" ON "variant_types" USING btree ("created_at");
            CREATE INDEX "variant_types_deleted_at_idx" ON "variant_types" USING btree ("deleted_at");
            CREATE INDEX "variant_options__variantoptions_options_order_idx" ON "variant_options" USING btree ("_variantoptions_options_order");
            CREATE INDEX "variant_options_variant_type_idx" ON "variant_options" USING btree ("variant_type_id");
            CREATE INDEX "variant_options_updated_at_idx" ON "variant_options" USING btree ("updated_at");
            CREATE INDEX "variant_options_created_at_idx" ON "variant_options" USING btree ("created_at");
            CREATE INDEX "variant_options_deleted_at_idx" ON "variant_options" USING btree ("deleted_at");
            CREATE INDEX "products_gallery_order_idx" ON "products_gallery" USING btree ("_order");
            CREATE INDEX "products_gallery_parent_id_idx" ON "products_gallery" USING btree ("_parent_id");
            CREATE INDEX "products_gallery_image_idx" ON "products_gallery" USING btree ("image_id");
            CREATE INDEX "products_gallery_variant_option_idx" ON "products_gallery" USING btree ("variant_option_id");
            CREATE INDEX "products_blocks_cta_links_order_idx" ON "products_blocks_cta_links" USING btree ("_order");
            CREATE INDEX "products_blocks_cta_links_parent_id_idx" ON "products_blocks_cta_links" USING btree ("_parent_id");
            CREATE INDEX "products_blocks_cta_order_idx" ON "products_blocks_cta" USING btree ("_order");
            CREATE INDEX "products_blocks_cta_parent_id_idx" ON "products_blocks_cta" USING btree ("_parent_id");
            CREATE INDEX "products_blocks_cta_path_idx" ON "products_blocks_cta" USING btree ("_path");
            CREATE INDEX "products_blocks_content_columns_order_idx" ON "products_blocks_content_columns" USING btree ("_order");
            CREATE INDEX "products_blocks_content_columns_parent_id_idx" ON "products_blocks_content_columns" USING btree ("_parent_id");
            CREATE INDEX "products_blocks_content_order_idx" ON "products_blocks_content" USING btree ("_order");
            CREATE INDEX "products_blocks_content_parent_id_idx" ON "products_blocks_content" USING btree ("_parent_id");
            CREATE INDEX "products_blocks_content_path_idx" ON "products_blocks_content" USING btree ("_path");
            CREATE INDEX "products_blocks_media_block_order_idx" ON "products_blocks_media_block" USING btree ("_order");
            CREATE INDEX "products_blocks_media_block_parent_id_idx" ON "products_blocks_media_block" USING btree ("_parent_id");
            CREATE INDEX "products_blocks_media_block_path_idx" ON "products_blocks_media_block" USING btree ("_path");
            CREATE INDEX "products_blocks_media_block_media_idx" ON "products_blocks_media_block" USING btree ("media_id");
            CREATE INDEX "products_included_files_order_idx" ON "products_included_files" USING btree ("_order");
            CREATE INDEX "products_included_files_parent_id_idx" ON "products_included_files" USING btree ("_parent_id");
            CREATE INDEX "products_product_f_a_q_order_idx" ON "products_product_f_a_q" USING btree ("_order");
            CREATE INDEX "products_product_f_a_q_parent_id_idx" ON "products_product_f_a_q" USING btree ("_parent_id");
            CREATE INDEX "products_meta_meta_image_idx" ON "products" USING btree ("meta_image_id");
            CREATE UNIQUE INDEX "products_slug_idx" ON "products" USING btree ("slug");
            CREATE INDEX "products_updated_at_idx" ON "products" USING btree ("updated_at");
            CREATE INDEX "products_created_at_idx" ON "products" USING btree ("created_at");
            CREATE INDEX "products_deleted_at_idx" ON "products" USING btree ("deleted_at");
            CREATE INDEX "products__status_idx" ON "products" USING btree ("_status");
            CREATE INDEX "products_rels_order_idx" ON "products_rels" USING btree ("order");
            CREATE INDEX "products_rels_parent_idx" ON "products_rels" USING btree ("parent_id");
            CREATE INDEX "products_rels_path_idx" ON "products_rels" USING btree ("path");
            CREATE INDEX "products_rels_pages_id_idx" ON "products_rels" USING btree ("pages_id");
            CREATE INDEX "products_rels_variant_types_id_idx" ON "products_rels" USING btree ("variant_types_id");
            CREATE INDEX "products_rels_products_id_idx" ON "products_rels" USING btree ("products_id");
            CREATE INDEX "products_rels_categories_id_idx" ON "products_rels" USING btree ("categories_id");
            CREATE INDEX "_products_v_version_gallery_order_idx" ON "_products_v_version_gallery" USING btree ("_order");
            CREATE INDEX "_products_v_version_gallery_parent_id_idx" ON "_products_v_version_gallery" USING btree ("_parent_id");
            CREATE INDEX "_products_v_version_gallery_image_idx" ON "_products_v_version_gallery" USING btree ("image_id");
            CREATE INDEX "_products_v_version_gallery_variant_option_idx" ON "_products_v_version_gallery" USING btree ("variant_option_id");
            CREATE INDEX "_products_v_blocks_cta_links_order_idx" ON "_products_v_blocks_cta_links" USING btree ("_order");
            CREATE INDEX "_products_v_blocks_cta_links_parent_id_idx" ON "_products_v_blocks_cta_links" USING btree ("_parent_id");
            CREATE INDEX "_products_v_blocks_cta_order_idx" ON "_products_v_blocks_cta" USING btree ("_order");
            CREATE INDEX "_products_v_blocks_cta_parent_id_idx" ON "_products_v_blocks_cta" USING btree ("_parent_id");
            CREATE INDEX "_products_v_blocks_cta_path_idx" ON "_products_v_blocks_cta" USING btree ("_path");
            CREATE INDEX "_products_v_blocks_content_columns_order_idx" ON "_products_v_blocks_content_columns" USING btree ("_order");
            CREATE INDEX "_products_v_blocks_content_columns_parent_id_idx" ON "_products_v_blocks_content_columns" USING btree ("_parent_id");
            CREATE INDEX "_products_v_blocks_content_order_idx" ON "_products_v_blocks_content" USING btree ("_order");
            CREATE INDEX "_products_v_blocks_content_parent_id_idx" ON "_products_v_blocks_content" USING btree ("_parent_id");
            CREATE INDEX "_products_v_blocks_content_path_idx" ON "_products_v_blocks_content" USING btree ("_path");
            CREATE INDEX "_products_v_blocks_media_block_order_idx" ON "_products_v_blocks_media_block" USING btree ("_order");
            CREATE INDEX "_products_v_blocks_media_block_parent_id_idx" ON "_products_v_blocks_media_block" USING btree ("_parent_id");
            CREATE INDEX "_products_v_blocks_media_block_path_idx" ON "_products_v_blocks_media_block" USING btree ("_path");
            CREATE INDEX "_products_v_blocks_media_block_media_idx" ON "_products_v_blocks_media_block" USING btree ("media_id");
            CREATE INDEX "_products_v_version_included_files_order_idx" ON "_products_v_version_included_files" USING btree ("_order");
            CREATE INDEX "_products_v_version_included_files_parent_id_idx" ON "_products_v_version_included_files" USING btree ("_parent_id");
            CREATE INDEX "_products_v_version_product_f_a_q_order_idx" ON "_products_v_version_product_f_a_q" USING btree ("_order");
            CREATE INDEX "_products_v_version_product_f_a_q_parent_id_idx" ON "_products_v_version_product_f_a_q" USING btree ("_parent_id");
            CREATE INDEX "_products_v_parent_idx" ON "_products_v" USING btree ("parent_id");
            CREATE INDEX "_products_v_version_meta_version_meta_image_idx" ON "_products_v" USING btree ("version_meta_image_id");
            CREATE INDEX "_products_v_version_version_slug_idx" ON "_products_v" USING btree ("version_slug");
            CREATE INDEX "_products_v_version_version_updated_at_idx" ON "_products_v" USING btree ("version_updated_at");
            CREATE INDEX "_products_v_version_version_created_at_idx" ON "_products_v" USING btree ("version_created_at");
            CREATE INDEX "_products_v_version_version_deleted_at_idx" ON "_products_v" USING btree ("version_deleted_at");
            CREATE INDEX "_products_v_version_version__status_idx" ON "_products_v" USING btree ("version__status");
            CREATE INDEX "_products_v_created_at_idx" ON "_products_v" USING btree ("created_at");
            CREATE INDEX "_products_v_updated_at_idx" ON "_products_v" USING btree ("updated_at");
            CREATE INDEX "_products_v_latest_idx" ON "_products_v" USING btree ("latest");
            CREATE INDEX "_products_v_autosave_idx" ON "_products_v" USING btree ("autosave");
            CREATE INDEX "_products_v_rels_order_idx" ON "_products_v_rels" USING btree ("order");
            CREATE INDEX "_products_v_rels_parent_idx" ON "_products_v_rels" USING btree ("parent_id");
            CREATE INDEX "_products_v_rels_path_idx" ON "_products_v_rels" USING btree ("path");
            CREATE INDEX "_products_v_rels_pages_id_idx" ON "_products_v_rels" USING btree ("pages_id");
            CREATE INDEX "_products_v_rels_variant_types_id_idx" ON "_products_v_rels" USING btree ("variant_types_id");
            CREATE INDEX "_products_v_rels_products_id_idx" ON "_products_v_rels" USING btree ("products_id");
            CREATE INDEX "_products_v_rels_categories_id_idx" ON "_products_v_rels" USING btree ("categories_id");
            CREATE INDEX "carts_items_order_idx" ON "carts_items" USING btree ("_order");
            CREATE INDEX "carts_items_parent_id_idx" ON "carts_items" USING btree ("_parent_id");
            CREATE INDEX "carts_items_product_idx" ON "carts_items" USING btree ("product_id");
            CREATE INDEX "carts_items_variant_idx" ON "carts_items" USING btree ("variant_id");
            CREATE INDEX "carts_secret_idx" ON "carts" USING btree ("secret");
            CREATE INDEX "carts_customer_idx" ON "carts" USING btree ("customer_id");
            CREATE INDEX "carts_updated_at_idx" ON "carts" USING btree ("updated_at");
            CREATE INDEX "carts_created_at_idx" ON "carts" USING btree ("created_at");
            CREATE INDEX "orders_items_order_idx" ON "orders_items" USING btree ("_order");
            CREATE INDEX "orders_items_parent_id_idx" ON "orders_items" USING btree ("_parent_id");
            CREATE INDEX "orders_items_product_idx" ON "orders_items" USING btree ("product_id");
            CREATE INDEX "orders_items_variant_idx" ON "orders_items" USING btree ("variant_id");
            CREATE INDEX "orders_customer_idx" ON "orders" USING btree ("customer_id");
            CREATE UNIQUE INDEX "orders_access_token_idx" ON "orders" USING btree ("access_token");
            CREATE INDEX "orders_updated_at_idx" ON "orders" USING btree ("updated_at");
            CREATE INDEX "orders_created_at_idx" ON "orders" USING btree ("created_at");
            CREATE INDEX "orders_rels_order_idx" ON "orders_rels" USING btree ("order");
            CREATE INDEX "orders_rels_parent_idx" ON "orders_rels" USING btree ("parent_id");
            CREATE INDEX "orders_rels_path_idx" ON "orders_rels" USING btree ("path");
            CREATE INDEX "orders_rels_transactions_id_idx" ON "orders_rels" USING btree ("transactions_id");
            CREATE INDEX "transactions_items_order_idx" ON "transactions_items" USING btree ("_order");
            CREATE INDEX "transactions_items_parent_id_idx" ON "transactions_items" USING btree ("_parent_id");
            CREATE INDEX "transactions_items_product_idx" ON "transactions_items" USING btree ("product_id");
            CREATE INDEX "transactions_items_variant_idx" ON "transactions_items" USING btree ("variant_id");
            CREATE INDEX "transactions_customer_idx" ON "transactions" USING btree ("customer_id");
            CREATE INDEX "transactions_order_idx" ON "transactions" USING btree ("order_id");
            CREATE INDEX "transactions_cart_idx" ON "transactions" USING btree ("cart_id");
            CREATE INDEX "transactions_updated_at_idx" ON "transactions" USING btree ("updated_at");
            CREATE INDEX "transactions_created_at_idx" ON "transactions" USING btree ("created_at");
            CREATE UNIQUE INDEX "payload_kv_key_idx" ON "payload_kv" USING btree ("key");
            CREATE INDEX "payload_locked_documents_global_slug_idx" ON "payload_locked_documents" USING btree ("global_slug");
            CREATE INDEX "payload_locked_documents_updated_at_idx" ON "payload_locked_documents" USING btree ("updated_at");
            CREATE INDEX "payload_locked_documents_created_at_idx" ON "payload_locked_documents" USING btree ("created_at");
            CREATE INDEX "payload_locked_documents_rels_order_idx" ON "payload_locked_documents_rels" USING btree ("order");
            CREATE INDEX "payload_locked_documents_rels_parent_idx" ON "payload_locked_documents_rels" USING btree ("parent_id");
            CREATE INDEX "payload_locked_documents_rels_path_idx" ON "payload_locked_documents_rels" USING btree ("path");
            CREATE INDEX "payload_locked_documents_rels_users_id_idx" ON "payload_locked_documents_rels" USING btree ("users_id");
            CREATE INDEX "payload_locked_documents_rels_pages_id_idx" ON "payload_locked_documents_rels" USING btree ("pages_id");
            CREATE INDEX "payload_locked_documents_rels_categories_id_idx" ON "payload_locked_documents_rels" USING btree ("categories_id");
            CREATE INDEX "payload_locked_documents_rels_media_id_idx" ON "payload_locked_documents_rels" USING btree ("media_id");
            CREATE INDEX "payload_locked_documents_rels_digital_assets_id_idx" ON "payload_locked_documents_rels" USING btree ("digital_assets_id");
            CREATE INDEX "payload_locked_documents_rels_download_access_id_idx" ON "payload_locked_documents_rels" USING btree ("download_access_id");
            CREATE INDEX "payload_locked_documents_rels_download_logs_id_idx" ON "payload_locked_documents_rels" USING btree ("download_logs_id");
            CREATE INDEX "payload_locked_documents_rels_licenses_id_idx" ON "payload_locked_documents_rels" USING btree ("licenses_id");
            CREATE INDEX "payload_locked_documents_rels_payment_transactions_id_idx" ON "payload_locked_documents_rels" USING btree ("payment_transactions_id");
            CREATE INDEX "payload_locked_documents_rels_coupons_id_idx" ON "payload_locked_documents_rels" USING btree ("coupons_id");
            CREATE INDEX "payload_locked_documents_rels_promo_banners_id_idx" ON "payload_locked_documents_rels" USING btree ("promo_banners_id");
            CREATE INDEX "payload_locked_documents_rels_testimonials_id_idx" ON "payload_locked_documents_rels" USING btree ("testimonials_id");
            CREATE INDEX "payload_locked_documents_rels_support_tickets_id_idx" ON "payload_locked_documents_rels" USING btree ("support_tickets_id");
            CREATE INDEX "payload_locked_documents_rels_support_messages_id_idx" ON "payload_locked_documents_rels" USING btree ("support_messages_id");
            CREATE INDEX "payload_locked_documents_rels_email_templates_id_idx" ON "payload_locked_documents_rels" USING btree ("email_templates_id");
            CREATE INDEX "payload_locked_documents_rels_stock_reservations_id_idx" ON "payload_locked_documents_rels" USING btree ("stock_reservations_id");
            CREATE INDEX "payload_locked_documents_rels_forms_id_idx" ON "payload_locked_documents_rels" USING btree ("forms_id");
            CREATE INDEX "payload_locked_documents_rels_form_submissions_id_idx" ON "payload_locked_documents_rels" USING btree ("form_submissions_id");
            CREATE INDEX "payload_locked_documents_rels_addresses_id_idx" ON "payload_locked_documents_rels" USING btree ("addresses_id");
            CREATE INDEX "payload_locked_documents_rels_variants_id_idx" ON "payload_locked_documents_rels" USING btree ("variants_id");
            CREATE INDEX "payload_locked_documents_rels_variant_types_id_idx" ON "payload_locked_documents_rels" USING btree ("variant_types_id");
            CREATE INDEX "payload_locked_documents_rels_variant_options_id_idx" ON "payload_locked_documents_rels" USING btree ("variant_options_id");
            CREATE INDEX "payload_locked_documents_rels_products_id_idx" ON "payload_locked_documents_rels" USING btree ("products_id");
            CREATE INDEX "payload_locked_documents_rels_carts_id_idx" ON "payload_locked_documents_rels" USING btree ("carts_id");
            CREATE INDEX "payload_locked_documents_rels_orders_id_idx" ON "payload_locked_documents_rels" USING btree ("orders_id");
            CREATE INDEX "payload_locked_documents_rels_transactions_id_idx" ON "payload_locked_documents_rels" USING btree ("transactions_id");
            CREATE INDEX "payload_preferences_key_idx" ON "payload_preferences" USING btree ("key");
            CREATE INDEX "payload_preferences_updated_at_idx" ON "payload_preferences" USING btree ("updated_at");
            CREATE INDEX "payload_preferences_created_at_idx" ON "payload_preferences" USING btree ("created_at");
            CREATE INDEX "payload_preferences_rels_order_idx" ON "payload_preferences_rels" USING btree ("order");
            CREATE INDEX "payload_preferences_rels_parent_idx" ON "payload_preferences_rels" USING btree ("parent_id");
            CREATE INDEX "payload_preferences_rels_path_idx" ON "payload_preferences_rels" USING btree ("path");
            CREATE INDEX "payload_preferences_rels_users_id_idx" ON "payload_preferences_rels" USING btree ("users_id");
            CREATE INDEX "payload_migrations_updated_at_idx" ON "payload_migrations" USING btree ("updated_at");
            CREATE INDEX "payload_migrations_created_at_idx" ON "payload_migrations" USING btree ("created_at");
            CREATE INDEX "header_nav_items_order_idx" ON "header_nav_items" USING btree ("_order");
            CREATE INDEX "header_nav_items_parent_id_idx" ON "header_nav_items" USING btree ("_parent_id");
            CREATE INDEX "header_rels_order_idx" ON "header_rels" USING btree ("order");
            CREATE INDEX "header_rels_parent_idx" ON "header_rels" USING btree ("parent_id");
            CREATE INDEX "header_rels_path_idx" ON "header_rels" USING btree ("path");
            CREATE INDEX "header_rels_pages_id_idx" ON "header_rels" USING btree ("pages_id");
            CREATE INDEX "footer_nav_items_order_idx" ON "footer_nav_items" USING btree ("_order");
            CREATE INDEX "footer_nav_items_parent_id_idx" ON "footer_nav_items" USING btree ("_parent_id");
            CREATE INDEX "footer_rels_order_idx" ON "footer_rels" USING btree ("order");
            CREATE INDEX "footer_rels_parent_idx" ON "footer_rels" USING btree ("parent_id");
            CREATE INDEX "footer_rels_path_idx" ON "footer_rels" USING btree ("path");
            CREATE INDEX "footer_rels_pages_id_idx" ON "footer_rels" USING btree ("pages_id");
            CREATE INDEX "settings_trust_badges_partner_logos_order_idx" ON "settings_trust_badges_partner_logos" USING btree ("_order");
            CREATE INDEX "settings_trust_badges_partner_logos_parent_id_idx" ON "settings_trust_badges_partner_logos" USING btree ("_parent_id");
            CREATE INDEX "settings_trust_badges_partner_logos_logo_idx" ON "settings_trust_badges_partner_logos" USING btree ("logo_id");
            CREATE INDEX "settings_logo_idx" ON "settings" USING btree ("logo_id");
            CREATE INDEX "settings_favicon_idx" ON "settings" USING btree ("favicon_id");
            CREATE INDEX "settings_legal_pages_legal_pages_terms_page_idx" ON "settings" USING btree ("legal_pages_terms_page_id");
            CREATE INDEX "settings_legal_pages_legal_pages_privacy_page_idx" ON "settings" USING btree ("legal_pages_privacy_page_id");
            CREATE INDEX "settings_legal_pages_legal_pages_refund_page_idx" ON "settings" USING btree ("legal_pages_refund_page_id");
          params: 
              at NodePgPreparedQuery.queryWithCache (D:\citracommerce\node_modules\.pnpm\drizzle-orm@0.45.2_@types+pg@8.20.0_pg@8.20.0\node_modules\src\pg-core\session.ts:73:11)
              at process.processTicksAndRejections (node:internal/process/task_queues:104:5)
              at async Object.up (D:\citracommerce\src\migrations\20260707_130840.ts:4:3)
              at async runMigrationFile (D:\citracommerce\node_modules\.pnpm\@payloadcms+drizzle@3.85.2__c81e1f399e2892af578c96a5158fe6a7\node_modules\@payloadcms\drizzle\src\migrate.ts:99:5)
              at async Object.migrate (D:\citracommerce\node_modules\.pnpm\@payloadcms+drizzle@3.85.2__c81e1f399e2892af578c96a5158fe6a7\node_modules\@payloadcms\drizzle\src\migrate.ts:86:5)
              at async migrate (D:\citracommerce\node_modules\.pnpm\payload@3.85.2_graphql@16.14.2_typescript@5.7.2\node_modules\payload\src\bin\migrate.ts:97:7)
              at async runBinScript (D:\citracommerce\node_modules\.pnpm\payload@3.85.2_graphql@16.14.2_typescript@5.7.2\node_modules\payload\dist\bin\index.js:112:9)
              at async bin (D:\citracommerce\node_modules\.pnpm\payload@3.85.2_graphql@16.14.2_typescript@5.7.2\node_modules\payload\dist\bin\index.js:46:29)
              at async start (file:///D:/citracommerce/node_modules/.pnpm/payload@3.85.2_graphql@16.14.2_typescript@5.7.2/node_modules/payload/bin.js:41:7)
          caused by: error: tipe « enum_users_roles » sudah ada
              at D:\citracommerce\node_modules\.pnpm\pg@8.20.0\node_modules\pg\lib\client.js:631:17
              at process.processTicksAndRejections (node:internal/process/task_queues:104:5)
              at async <anonymous> (D:\citracommerce\node_modules\.pnpm\drizzle-orm@0.45.2_@types+pg@8.20.0_pg@8.20.0\node_modules\src\node-postgres\session.ts:149:14)
              at async NodePgPreparedQuery.queryWithCache (D:\citracommerce\node_modules\.pnpm\drizzle-orm@0.45.2_@types+pg@8.20.0_pg@8.20.0\node_modules\src\pg-core\session.ts:71:12)
              at async Object.up (D:\citracommerce\src\migrations\20260707_130840.ts:4:3)
              at async runMigrationFile (D:\citracommerce\node_modules\.pnpm\@payloadcms+drizzle@3.85.2__c81e1f399e2892af578c96a5158fe6a7\node_modules\@payloadcms\drizzle\src\migrate.ts:99:5)
              at async Object.migrate (D:\citracommerce\node_modules\.pnpm\@payloadcms+drizzle@3.85.2__c81e1f399e2892af578c96a5158fe6a7\node_modules\@payloadcms\drizzle\src\migrate.ts:86:5)
              at async migrate (D:\citracommerce\node_modules\.pnpm\payload@3.85.2_graphql@16.14.2_typescript@5.7.2\node_modules\payload\src\bin\migrate.ts:97:7)
              at async runBinScript (D:\citracommerce\node_modules\.pnpm\payload@3.85.2_graphql@16.14.2_typescript@5.7.2\node_modules\payload\dist\bin\index.js:112:9)
              at async bin (D:\citracommerce\node_modules\.pnpm\payload@3.85.2_graphql@16.14.2_typescript@5.7.2\node_modules\payload\dist\bin\index.js:46:29)
      "query": "\n   CREATE TYPE \"public\".\"enum_users_roles\" AS ENUM('admin', 'manager', 'finance', 'support', 'customer');\n  CREATE TYPE \"public\".\"enum_users_status\" AS ENUM('active', 'inactive', 'blocked');\n  CREATE TYPE \"public\".\"enum_pages_hero_links_link_type\" AS ENUM('reference', 'custom');\n  CREATE TYPE \"public\".\"enum_pages_hero_links_link_appearance\" AS ENUM('default', 'outline');\n  CREATE TYPE \"public\".\"enum_pages_blocks_cta_links_link_type\" AS ENUM('reference', 'custom');\n  CREATE TYPE \"public\".\"enum_pages_blocks_cta_links_link_appearance\" AS ENUM('default', 'outline');\n  CREATE TYPE \"public\".\"enum_pages_blocks_content_columns_size\" AS ENUM('oneThird', 'half', 'twoThirds', 'full');\n  CREATE TYPE \"public\".\"enum_pages_blocks_content_columns_link_type\" AS ENUM('reference', 'custom');\n  CREATE TYPE \"public\".\"enum_pages_blocks_content_columns_link_appearance\" AS ENUM('default', 'outline');\n  CREATE TYPE \"public\".\"enum_pages_blocks_archive_populate_by\" AS ENUM('collection', 'selection');\n  CREATE TYPE \"public\".\"enum_pages_blocks_archive_relation_to\" AS ENUM('products');\n  CREATE TYPE \"public\".\"enum_pages_blocks_carousel_populate_by\" AS ENUM('collection', 'selection');\n  CREATE TYPE \"public\".\"enum_pages_blocks_carousel_relation_to\" AS ENUM('products');\n  CREATE TYPE \"public\".\"enum_pages_blocks_banner_style\" AS ENUM('info', 'warning', 'error', 'success');\n  CREATE TYPE \"public\".\"enum_pages_hero_type\" AS ENUM('none', 'aiMarketplace', 'highImpact', 'mediumImpact', 'lowImpact');\n  CREATE TYPE \"public\".\"enum_pages_status\" AS ENUM('draft', 'published');\n  CREATE TYPE \"public\".\"enum__pages_v_version_hero_links_link_type\" AS ENUM('reference', 'custom');\n  CREATE TYPE \"public\".\"enum__pages_v_version_hero_links_link_appearance\" AS ENUM('default', 'outline');\n  CREATE TYPE \"public\".\"enum__pages_v_blocks_cta_links_link_type\" AS ENUM('reference', 'custom');\n  CREATE TYPE \"public\".\"enum__pages_v_blocks_cta_links_link_appearance\" AS ENUM('default', 'outline');\n  CREATE TYPE \"public\".\"enum__pages_v_blocks_content_columns_size\" AS ENUM('oneThird', 'half', 'twoThirds', 'full');\n  CREATE TYPE \"public\".\"enum__pages_v_blocks_content_columns_link_type\" AS ENUM('reference', 'custom');\n  CREATE TYPE \"public\".\"enum__pages_v_blocks_content_columns_link_appearance\" AS ENUM('default', 'outline');\n  CREATE TYPE \"public\".\"enum__pages_v_blocks_archive_populate_by\" AS ENUM('collection', 'selection');\n  CREATE TYPE \"public\".\"enum__pages_v_blocks_archive_relation_to\" AS ENUM('products');\n  CREATE TYPE \"public\".\"enum__pages_v_blocks_carousel_populate_by\" AS ENUM('collection', 'selection');\n  CREATE TYPE \"public\".\"enum__pages_v_blocks_carousel_relation_to\" AS ENUM('products');\n  CREATE TYPE \"public\".\"enum__pages_v_blocks_banner_style\" AS ENUM('info', 'warning', 'error', 'success');\n  CREATE TYPE \"public\".\"enum__pages_v_version_hero_type\" AS ENUM('none', 'aiMarketplace', 'highImpact', 'mediumImpact', 'lowImpact');\n  CREATE TYPE \"public\".\"enum__pages_v_version_status\" AS ENUM('draft', 'published');\n  CREATE TYPE \"public\".\"enum_digital_assets_status\" AS ENUM('active', 'draft', 'archived');\n  CREATE TYPE \"public\".\"enum_download_access_status\" AS ENUM('active', 'expired', 'revoked');\n  CREATE TYPE \"public\".\"enum_licenses_status\" AS ENUM('active', 'inactive', 'expired', 'revoked');\n  CREATE TYPE \"public\".\"enum_payment_transactions_provider\" AS ENUM('stripe', 'midtrans', 'xendit', 'manual', 'dummy');\n  CREATE TYPE \"public\".\"enum_payment_transactions_status\" AS ENUM('created', 'waiting_payment', 'settlement', 'capture', 'deny', 'cancel', 'expire', 'refund');\n  CREATE TYPE \"public\".\"enum_coupons_discount_type\" AS ENUM('percentage', 'fixed');\n  CREATE TYPE \"public\".\"enum_coupons_status\" AS ENUM('active', 'inactive', 'expired');\n  CREATE TYPE \"public\".\"enum_promo_banners_status\" AS ENUM('draft', 'published');\n  CREATE TYPE \"public\".\"enum_testimonials_status\" AS ENUM('draft', 'published');\n  CREATE TYPE \"public\".\"enum_support_tickets_category\" AS ENUM('payment_issue', 'download_problem', 'license_key_problem', 'product_access_problem', 'refund_request', 'technical_support', 'general_question');\n  CREATE TYPE \"public\".\"enum_support_tickets_priority\" AS ENUM('low', 'medium', 'high', 'urgent');\n  CREATE TYPE \"public\".\"enum_support_tickets_status\" AS ENUM('open', 'waiting_customer', 'in_progress', 'resolved', 'closed');\n  CREATE TYPE \"public\".\"enum_support_messages_sender_role\" AS ENUM('customer', 'admin', 'support');\n  CREATE TYPE \"public\".\"enum_email_templates_type\" AS ENUM('welcome', 'order_paid', 'payment_pending', 'download_ready', 'license_created', 'support_reply', 'password_reset');\n  CREATE TYPE \"public\".\"enum_email_templates_status\" AS ENUM('active', 'inactive');\n  CREATE TYPE \"public\".\"enum_stock_reservations_status\" AS ENUM('pending', 'confirmed', 'released');\n  CREATE TYPE \"public\".\"enum_forms_confirmation_type\" AS ENUM('message', 'redirect');\n  CREATE TYPE \"public\".\"enum_addresses_country\" AS ENUM('US', 'GB', 'CA', 'AU', 'AT', 'BE', 'BR', 'BG', 'CY', 'CZ', 'DK', 'EE', 'FI', 'FR', 'DE', 'GR', 'HK', 'HU', 'IN', 'IE', 'IT', 'JP', 'LV', 'LT', 'LU', 'MY', 'MT', 'MX', 'NL', 'NZ', 'NO', 'PL', 'PT', 'RO', 'SG', 'SK', 'SI', 'ES', 'SE', 'CH');\n  CREATE TYPE \"public\".\"enum_variants_status\" AS ENUM('draft', 'published');\n  CREATE TYPE \"public\".\"enum__variants_v_version_status\" AS ENUM('draft', 'published');\n  CREATE TYPE \"public\".\"enum_products_blocks_cta_links_link_type\" AS ENUM('reference', 'custom');\n  CREATE TYPE \"public\".\"enum_products_blocks_cta_links_link_appearance\" AS ENUM('default', 'outline');\n  CREATE TYPE \"public\".\"enum_products_blocks_content_columns_size\" AS ENUM('oneThird', 'half', 'twoThirds', 'full');\n  CREATE TYPE \"public\".\"enum_products_blocks_content_columns_link_type\" AS ENUM('reference', 'custom');\n  CREATE TYPE \"public\".\"enum_products_blocks_content_columns_link_appearance\" AS ENUM('default', 'outline');\n  CREATE TYPE \"public\".\"enum_products_product_type\" AS ENUM('digital', 'license_key', 'ebook', 'template', 'source_code', 'ui_kit', 'prompt_pack');\n  CREATE TYPE \"public\".\"enum_products_license_type\" AS ENUM('standard', 'extended', 'personal', 'commercial', 'unlimited');\n  CREATE TYPE \"public\".\"enum_products_badge\" AS ENUM('new', 'best_seller', 'discount');\n  CREATE TYPE \"public\".\"enum_products_status\" AS ENUM('draft', 'published');\n  CREATE TYPE \"public\".\"enum__products_v_blocks_cta_links_link_type\" AS ENUM('reference', 'custom');\n  CREATE TYPE \"public\".\"enum__products_v_blocks_cta_links_link_appearance\" AS ENUM('default', 'outline');\n  CREATE TYPE \"public\".\"enum__products_v_blocks_content_columns_size\" AS ENUM('oneThird', 'half', 'twoThirds', 'full');\n  CREATE TYPE \"public\".\"enum__products_v_blocks_content_columns_link_type\" AS ENUM('reference', 'custom');\n  CREATE TYPE \"public\".\"enum__products_v_blocks_content_columns_link_appearance\" AS ENUM('default', 'outline');\n  CREATE TYPE \"public\".\"enum__products_v_version_product_type\" AS ENUM('digital', 'license_key', 'ebook', 'template', 'source_code', 'ui_kit', 'prompt_pack');\n  CREATE TYPE \"public\".\"enum__products_v_version_license_type\" AS ENUM('standard', 'extended', 'personal', 'commercial', 'unlimited');\n  CREATE TYPE \"public\".\"enum__products_v_version_badge\" AS ENUM('new', 'best_seller', 'discount');\n  CREATE TYPE \"public\".\"enum__products_v_version_status\" AS ENUM('draft', 'published');\n  CREATE TYPE \"public\".\"enum_carts_currency\" AS ENUM('IDR', 'USD');\n  CREATE TYPE \"public\".\"enum_orders_status\" AS ENUM('processing', 'completed', 'cancelled', 'refunded');\n  CREATE TYPE \"public\".\"enum_orders_currency\" AS ENUM('IDR', 'USD');\n  CREATE TYPE \"public\".\"enum_transactions_payment_method\" AS ENUM('pakasir');\n  CREATE TYPE \"public\".\"enum_transactions_status\" AS ENUM('pending', 'succeeded', 'failed', 'cancelled', 'expired', 'refunded');\n  CREATE TYPE \"public\".\"enum_transactions_currency\" AS ENUM('IDR', 'USD');\n  CREATE TYPE \"public\".\"enum_header_nav_items_link_type\" AS ENUM('reference', 'custom');\n  CREATE TYPE \"public\".\"enum_footer_nav_items_link_type\" AS ENUM('reference', 'custom');\n  CREATE TABLE \"users_roles\" (\n  \t\"order\" integer NOT NULL,\n  \t\"parent_id\" integer NOT NULL,\n  \t\"value\" \"enum_users_roles\",\n  \t\"id\" serial PRIMARY KEY NOT NULL\n  );\n  \n  CREATE TABLE \"users_sessions\" (\n  \t\"_order\" integer NOT NULL,\n  \t\"_parent_id\" integer NOT NULL,\n  \t\"id\" varchar PRIMARY KEY NOT NULL,\n  \t\"created_at\" timestamp(3) with time zone,\n  \t\"expires_at\" timestamp(3) with time zone NOT NULL\n  );\n  \n  CREATE TABLE \"users\" (\n  \t\"id\" serial PRIMARY KEY NOT NULL,\n  \t\"name\" varchar,\n  \t\"google_id\" varchar,\n  \t\"avatar_id\" integer,\n  \t\"status\" \"enum_users_status\" DEFAULT 'active',\n  \t\"updated_at\" timestamp(3) with time zone DEFAULT now() NOT NULL,\n  \t\"created_at\" timestamp(3) with time zone DEFAULT now() NOT NULL,\n  \t\"email\" varchar NOT NULL,\n  \t\"reset_password_token\" varchar,\n  \t\"reset_password_expiration\" timestamp(3) with time zone,\n  \t\"salt\" varchar,\n  \t\"hash\" varchar,\n  \t\"login_attempts\" numeric DEFAULT 0,\n  \t\"lock_until\" timestamp(3) with time zone\n  );\n  \n  CREATE TABLE \"pages_hero_links\" (\n  \t\"_order\" integer NOT NULL,\n  \t\"_parent_id\" integer NOT NULL,\n  \t\"id\" varchar PRIMARY KEY NOT NULL,\n  \t\"link_type\" \"enum_pages_hero_links_link_type\" DEFAULT 'reference',\n  \t\"link_new_tab\" boolean,\n  \t\"link_url\" varchar,\n  \t\"link_label\" varchar,\n  \t\"link_appearance\" \"enum_pages_hero_links_link_appearance\" DEFAULT 'default'\n  );\n  \n  CREATE TABLE \"pages_blocks_cta_links\" (\n  \t\"_order\" integer NOT NULL,\n  \t\"_parent_id\" varchar NOT NULL,\n  \t\"id\" varchar PRIMARY KEY NOT NULL,\n  \t\"link_type\" \"enum_pages_blocks_cta_links_link_type\" DEFAULT 'reference',\n  \t\"link_new_tab\" boolean,\n  \t\"link_url\" varchar,\n  \t\"link_label\" varchar,\n  \t\"link_appearance\" \"enum_pages_blocks_cta_links_link_appearance\" DEFAULT 'default'\n  );\n  \n  CREATE TABLE \"pages_blocks_cta\" (\n  \t\"_order\" integer NOT NULL,\n  \t\"_parent_id\" integer NOT NULL,\n  \t\"_path\" text NOT NULL,\n  \t\"id\" varchar PRIMARY KEY NOT NULL,\n  \t\"rich_text\" jsonb,\n  \t\"block_name\" varchar\n  );\n  \n  CREATE TABLE \"pages_blocks_content_columns\" (\n  \t\"_order\" integer NOT NULL,\n  \t\"_parent_id\" varchar NOT NULL,\n  \t\"id\" varchar PRIMARY KEY NOT NULL,\n  \t\"size\" \"enum_pages_blocks_content_columns_size\" DEFAULT 'oneThird',\n  \t\"rich_text\" jsonb,\n  \t\"enable_link\" boolean,\n  \t\"link_type\" \"enum_pages_blocks_content_columns_link_type\" DEFAULT 'reference',\n  \t\"link_new_tab\" boolean,\n  \t\"link_url\" varchar,\n  \t\"link_label\" varchar,\n  \t\"link_appearance\" \"enum_pages_blocks_content_columns_link_appearance\" DEFAULT 'default'\n  );\n  \n  CREATE TABLE \"pages_blocks_content\" (\n  \t\"_order\" integer NOT NULL,\n  \t\"_parent_id\" integer NOT NULL,\n  \t\"_path\" text NOT NULL,\n  \t\"id\" varchar PRIMARY KEY NOT NULL,\n  \t\"block_name\" varchar\n  );\n  \n  CREATE TABLE \"pages_blocks_media_block\" (\n  \t\"_order\" integer NOT NULL,\n  \t\"_parent_id\" integer NOT NULL,\n  \t\"_path\" text NOT NULL,\n  \t\"id\" varchar PRIMARY KEY NOT NULL,\n  \t\"media_id\" integer,\n  \t\"block_name\" varchar\n  );\n  \n  CREATE TABLE \"pages_blocks_archive\" (\n  \t\"_order\" integer NOT NULL,\n  \t\"_parent_id\" integer NOT NULL,\n  \t\"_path\" text NOT NULL,\n  \t\"id\" varchar PRIMARY KEY NOT NULL,\n  \t\"intro_content\" jsonb,\n  \t\"populate_by\" \"enum_pages_blocks_archive_populate_by\" DEFAULT 'collection',\n  \t\"relation_to\" \"enum_pages_blocks_archive_relation_to\" DEFAULT 'products',\n  \t\"limit\" numeric DEFAULT 10,\n  \t\"block_name\" varchar\n  );\n  \n  CREATE TABLE \"pages_blocks_carousel\" (\n  \t\"_order\" integer NOT NULL,\n  \t\"_parent_id\" integer NOT NULL,\n  \t\"_path\" text NOT NULL,\n  \t\"id\" varchar PRIMARY KEY NOT NULL,\n  \t\"populate_by\" \"enum_pages_blocks_carousel_populate_by\" DEFAULT 'collection',\n  \t\"relation_to\" \"enum_pages_blocks_carousel_relation_to\" DEFAULT 'products',\n  \t\"limit\" numeric DEFAULT 10,\n  \t\"populated_docs_total\" numeric,\n  \t\"block_name\" varchar\n  );\n  \n  CREATE TABLE \"pages_blocks_three_item_grid\" (\n  \t\"_order\" integer NOT NULL,\n  \t\"_parent_id\" integer NOT NULL,\n  \t\"_path\" text NOT NULL,\n  \t\"id\" varchar PRIMARY KEY NOT NULL,\n  \t\"block_name\" varchar\n  );\n  \n  CREATE TABLE \"pages_blocks_banner\" (\n  \t\"_order\" integer NOT NULL,\n  \t\"_parent_id\" integer NOT NULL,\n  \t\"_path\" text NOT NULL,\n  \t\"id\" varchar PRIMARY KEY NOT NULL,\n  \t\"style\" \"enum_pages_blocks_banner_style\" DEFAULT 'info',\n  \t\"content\" jsonb,\n  \t\"block_name\" varchar\n  );\n  \n  CREATE TABLE \"pages_blocks_form_block\" (\n  \t\"_order\" integer NOT NULL,\n  \t\"_parent_id\" integer NOT NULL,\n  \t\"_path\" text NOT NULL,\n  \t\"id\" varchar PRIMARY KEY NOT NULL,\n  \t\"form_id\" integer,\n  \t\"enable_intro\" boolean,\n  \t\"intro_content\" jsonb,\n  \t\"block_name\" varchar\n  );\n  \n  CREATE TABLE \"pages\" (\n  \t\"id\" serial PRIMARY KEY NOT NULL,\n  \t\"title\" varchar,\n  \t\"published_on\" timestamp(3) with time zone,\n  \t\"hero_type\" \"enum_pages_hero_type\" DEFAULT 'aiMarketplace',\n  \t\"hero_rich_text\" jsonb,\n  \t\"hero_media_id\" integer,\n  \t\"meta_title\" varchar,\n  \t\"meta_image_id\" integer,\n  \t\"meta_description\" varchar,\n  \t\"generate_slug\" boolean DEFAULT true,\n  \t\"slug\" varchar,\n  \t\"updated_at\" timestamp(3) with time zone DEFAULT now() NOT NULL,\n  \t\"created_at\" timestamp(3) with time zone DEFAULT now() NOT NULL,\n  \t\"_status\" \"enum_pages_status\" DEFAULT 'draft'\n  );\n  \n  CREATE TABLE \"pages_rels\" (\n  \t\"id\" serial PRIMARY KEY NOT NULL,\n  \t\"order\" integer,\n  \t\"parent_id\" integer NOT NULL,\n  \t\"path\" varchar NOT NULL,\n  \t\"pages_id\" integer,\n  \t\"categories_id\" integer,\n  \t\"products_id\" integer\n  );\n  \n  CREATE TABLE \"_pages_v_version_hero_links\" (\n  \t\"_order\" integer NOT NULL,\n  \t\"_parent_id\" integer NOT NULL,\n  \t\"id\" serial PRIMARY KEY NOT NULL,\n  \t\"link_type\" \"enum__pages_v_version_hero_links_link_type\" DEFAULT 'reference',\n  \t\"link_new_tab\" boolean,\n  \t\"link_url\" varchar,\n  \t\"link_label\" varchar,\n  \t\"link_appearance\" \"enum__pages_v_version_hero_links_link_appearance\" DEFAULT 'default',\n  \t\"_uuid\" varchar\n  );\n  \n  CREATE TABLE \"_pages_v_blocks_cta_links\" (\n  \t\"_order\" integer NOT NULL,\n  \t\"_parent_id\" integer NOT NULL,\n  \t\"id\" serial PRIMARY KEY NOT NULL,\n  \t\"link_type\" \"enum__pages_v_blocks_cta_links_link_type\" DEFAULT 'reference',\n  \t\"link_new_tab\" boolean,\n  \t\"link_url\" varchar,\n  \t\"link_label\" varchar,\n  \t\"link_appearance\" \"enum__pages_v_blocks_cta_links_link_appearance\" DEFAULT 'default',\n  \t\"_uuid\" varchar\n  );\n  \n  CREATE TABLE \"_pages_v_blocks_cta\" (\n  \t\"_order\" integer NOT NULL,\n  \t\"_parent_id\" integer NOT NULL,\n  \t\"_path\" text NOT NULL,\n  \t\"id\" serial PRIMARY KEY NOT NULL,\n  \t\"rich_text\" jsonb,\n  \t\"_uuid\" varchar,\n  \t\"block_name\" varchar\n  );\n  \n  CREATE TABLE \"_pages_v_blocks_content_columns\" (\n  \t\"_order\" integer NOT NULL,\n  \t\"_parent_id\" integer NOT NULL,\n  \t\"id\" serial PRIMARY KEY NOT NULL,\n  \t\"size\" \"enum__pages_v_blocks_content_columns_size\" DEFAULT 'oneThird',\n  \t\"rich_text\" jsonb,\n  \t\"enable_link\" boolean,\n  \t\"link_type\" \"enum__pages_v_blocks_content_columns_link_type\" DEFAULT 'reference',\n  \t\"link_new_tab\" boolean,\n  \t\"link_url\" varchar,\n  \t\"link_label\" varchar,\n  \t\"link_appearance\" \"enum__pages_v_blocks_content_columns_link_appearance\" DEFAULT 'default',\n  \t\"_uuid\" varchar\n  );\n  \n  CREATE TABLE \"_pages_v_blocks_content\" (\n  \t\"_order\" integer NOT NULL,\n  \t\"_parent_id\" integer NOT NULL,\n  \t\"_path\" text NOT NULL,\n  \t\"id\" serial PRIMARY KEY NOT NULL,\n  \t\"_uuid\" varchar,\n  \t\"block_name\" varchar\n  );\n  \n  CREATE TABLE \"_pages_v_blocks_media_block\" (\n  \t\"_order\" integer NOT NULL,\n  \t\"_parent_id\" integer NOT NULL,\n  \t\"_path\" text NOT NULL,\n  \t\"id\" serial PRIMARY KEY NOT NULL,\n  \t\"media_id\" integer,\n  \t\"_uuid\" varchar,\n  \t\"block_name\" varchar\n  );\n  \n  CREATE TABLE \"_pages_v_blocks_archive\" (\n  \t\"_order\" integer NOT NULL,\n  \t\"_parent_id\" integer NOT NULL,\n  \t\"_path\" text NOT NULL,\n  \t\"id\" serial PRIMARY KEY NOT NULL,\n  \t\"intro_content\" jsonb,\n  \t\"populate_by\" \"enum__pages_v_blocks_archive_populate_by\" DEFAULT 'collection',\n  \t\"relation_to\" \"enum__pages_v_blocks_archive_relation_to\" DEFAULT 'products',\n  \t\"limit\" numeric DEFAULT 10,\n  \t\"_uuid\" varchar,\n  \t\"block_name\" varchar\n  );\n  \n  CREATE TABLE \"_pages_v_blocks_carousel\" (\n  \t\"_order\" integer NOT NULL,\n  \t\"_parent_id\" integer NOT NULL,\n  \t\"_path\" text NOT NULL,\n  \t\"id\" serial PRIMARY KEY NOT NULL,\n  \t\"populate_by\" \"enum__pages_v_blocks_carousel_populate_by\" DEFAULT 'collection',\n  \t\"relation_to\" \"enum__pages_v_blocks_carousel_relation_to\" DEFAULT 'products',\n  \t\"limit\" numeric DEFAULT 10,\n  \t\"populated_docs_total\" numeric,\n  \t\"_uuid\" varchar,\n  \t\"block_name\" varchar\n  );\n  \n  CREATE TABLE \"_pages_v_blocks_three_item_grid\" (\n  \t\"_order\" integer NOT NULL,\n  \t\"_parent_id\" integer NOT NULL,\n  \t\"_path\" text NOT NULL,\n  \t\"id\" serial PRIMARY KEY NOT NULL,\n  \t\"_uuid\" varchar,\n  \t\"block_name\" varchar\n  );\n  \n  CREATE TABLE \"_pages_v_blocks_banner\" (\n  \t\"_order\" integer NOT NULL,\n  \t\"_parent_id\" integer NOT NULL,\n  \t\"_path\" text NOT NULL,\n  \t\"id\" serial PRIMARY KEY NOT NULL,\n  \t\"style\" \"enum__pages_v_blocks_banner_style\" DEFAULT 'info',\n  \t\"content\" jsonb,\n  \t\"_uuid\" varchar,\n  \t\"block_name\" varchar\n  );\n  \n  CREATE TABLE \"_pages_v_blocks_form_block\" (\n  \t\"_order\" integer NOT NULL,\n  \t\"_parent_id\" integer NOT NULL,\n  \t\"_path\" text NOT NULL,\n  \t\"id\" serial PRIMARY KEY NOT NULL,\n  \t\"form_id\" integer,\n  \t\"enable_intro\" boolean,\n  \t\"intro_content\" jsonb,\n  \t\"_uuid\" varchar,\n  \t\"block_name\" varchar\n  );\n  \n  CREATE TABLE \"_pages_v\" (\n  \t\"id\" serial PRIMARY KEY NOT NULL,\n  \t\"parent_id\" integer,\n  \t\"version_title\" varchar,\n  \t\"version_published_on\" timestamp(3) with time zone,\n  \t\"version_hero_type\" \"enum__pages_v_version_hero_type\" DEFAULT 'aiMarketplace',\n  \t\"version_hero_rich_text\" jsonb,\n  \t\"version_hero_media_id\" integer,\n  \t\"version_meta_title\" varchar,\n  \t\"version_meta_image_id\" integer,\n  \t\"version_meta_description\" varchar,\n  \t\"version_generate_slug\" boolean DEFAULT true,\n  \t\"version_slug\" varchar,\n  \t\"version_updated_at\" timestamp(3) with time zone,\n  \t\"version_created_at\" timestamp(3) with time zone,\n  \t\"version__status\" \"enum__pages_v_version_status\" DEFAULT 'draft',\n  \t\"created_at\" timestamp(3) with time zone DEFAULT now() NOT NULL,\n  \t\"updated_at\" timestamp(3) with time zone DEFAULT now() NOT NULL,\n  \t\"latest\" boolean,\n  \t\"autosave\" boolean\n  );\n  \n  CREATE TABLE \"_pages_v_rels\" (\n  \t\"id\" serial PRIMARY KEY NOT NULL,\n  \t\"order\" integer,\n  \t\"parent_id\" integer NOT NULL,\n  \t\"path\" varchar NOT NULL,\n  \t\"pages_id\" integer,\n  \t\"categories_id\" integer,\n  \t\"products_id\" integer\n  );\n  \n  CREATE TABLE \"categories\" (\n  \t\"id\" serial PRIMARY KEY NOT NULL,\n  \t\"title\" varchar NOT NULL,\n  \t\"generate_slug\" boolean DEFAULT true,\n  \t\"slug\" varchar NOT NULL,\n  \t\"updated_at\" timestamp(3) with time zone DEFAULT now() NOT NULL,\n  \t\"created_at\" timestamp(3) with time zone DEFAULT now() NOT NULL\n  );\n  \n  CREATE TABLE \"media\" (\n  \t\"id\" serial PRIMARY KEY NOT NULL,\n  \t\"alt\" varchar NOT NULL,\n  \t\"caption\" jsonb,\n  \t\"updated_at\" timestamp(3) with time zone DEFAULT now() NOT NULL,\n  \t\"created_at\" timestamp(3) with time zone DEFAULT now() NOT NULL,\n  \t\"url\" varchar,\n  \t\"thumbnail_u_r_l\" varchar,\n  \t\"filename\" varchar,\n  \t\"mime_type\" varchar,\n  \t\"filesize\" numeric,\n  \t\"width\" numeric,\n  \t\"height\" numeric,\n  \t\"focal_x\" numeric,\n  \t\"focal_y\" numeric\n  );\n  \n  CREATE TABLE \"digital_assets\" (\n  \t\"id\" serial PRIMARY KEY NOT NULL,\n  \t\"product_id\" integer NOT NULL,\n  \t\"file_id\" integer NOT NULL,\n  \t\"file_name\" varchar NOT NULL,\n  \t\"file_size\" numeric,\n  \t\"version\" varchar DEFAULT '1.0.0',\n  \t\"changelog\" varchar,\n  \t\"protected\" boolean DEFAULT true,\n  \t\"status\" \"enum_digital_assets_status\" DEFAULT 'active' NOT NULL,\n  \t\"updated_at\" timestamp(3) with time zone DEFAULT now() NOT NULL,\n  \t\"created_at\" timestamp(3) with time zone DEFAULT now() NOT NULL\n  );\n  \n  CREATE TABLE \"download_access\" (\n  \t\"id\" serial PRIMARY KEY NOT NULL,\n  \t\"customer_id\" integer NOT NULL,\n  \t\"product_id\" integer NOT NULL,\n  \t\"order_id\" integer NOT NULL,\n  \t\"asset_id\" integer NOT NULL,\n  \t\"status\" \"enum_download_access_status\" DEFAULT 'active' NOT NULL,\n  \t\"max_downloads\" numeric DEFAULT 10,\n  \t\"download_count\" numeric DEFAULT 0,\n  \t\"expires_at\" timestamp(3) with time zone,\n  \t\"updated_at\" timestamp(3) with time zone DEFAULT now() NOT NULL,\n  \t\"created_at\" timestamp(3) with time zone DEFAULT now() NOT NULL\n  );\n  \n  CREATE TABLE \"download_logs\" (\n  \t\"id\" serial PRIMARY KEY NOT NULL,\n  \t\"customer_id\" integer NOT NULL,\n  \t\"product_id\" integer NOT NULL,\n  \t\"asset_id\" integer NOT NULL,\n  \t\"order_id\" integer NOT NULL,\n  \t\"ip\" varchar,\n  \t\"user_agent\" varchar,\n  \t\"downloaded_at\" timestamp(3) with time zone,\n  \t\"updated_at\" timestamp(3) with time zone DEFAULT now() NOT NULL,\n  \t\"created_at\" timestamp(3) with time zone DEFAULT now() NOT NULL\n  );\n  \n  CREATE TABLE \"licenses\" (\n  \t\"id\" serial PRIMARY KEY NOT NULL,\n  \t\"customer_id\" integer NOT NULL,\n  \t\"product_id\" integer NOT NULL,\n  \t\"order_id\" integer NOT NULL,\n  \t\"license_key\" varchar NOT NULL,\n  \t\"status\" \"enum_licenses_status\" DEFAULT 'active' NOT NULL,\n  \t\"max_activations\" numeric DEFAULT 1,\n  \t\"activation_count\" numeric DEFAULT 0,\n  \t\"expires_at\" timestamp(3) with time zone,\n  \t\"updated_at\" timestamp(3) with time zone DEFAULT now() NOT NULL,\n  \t\"created_at\" timestamp(3) with time zone DEFAULT now() NOT NULL\n  );\n  \n  CREATE TABLE \"payment_transactions\" (\n  \t\"id\" serial PRIMARY KEY NOT NULL,\n  \t\"order_id\" integer NOT NULL,\n  \t\"customer_id\" integer NOT NULL,\n  \t\"provider\" \"enum_payment_transactions_provider\" NOT NULL,\n  \t\"provider_transaction_id\" varchar NOT NULL,\n  \t\"amount\" numeric NOT NULL,\n  \t\"currency\" varchar DEFAULT 'USD' NOT NULL,\n  \t\"status\" \"enum_payment_transactions_status\" DEFAULT 'created' NOT NULL,\n  \t\"raw_payload\" jsonb,\n  \t\"updated_at\" timestamp(3) with time zone DEFAULT now() NOT NULL,\n  \t\"created_at\" timestamp(3) with time zone DEFAULT now() NOT NULL\n  );\n  \n  CREATE TABLE \"coupons\" (\n  \t\"id\" serial PRIMARY KEY NOT NULL,\n  \t\"code\" varchar NOT NULL,\n  \t\"discount_type\" \"enum_coupons_discount_type\" NOT NULL,\n  \t\"amount\" numeric NOT NULL,\n  \t\"usage_limit\" numeric,\n  \t\"used_count\" numeric DEFAULT 0,\n  \t\"starts_at\" timestamp(3) with time zone,\n  \t\"expires_at\" timestamp(3) with time zone,\n  \t\"status\" \"enum_coupons_status\" DEFAULT 'active' NOT NULL,\n  \t\"updated_at\" timestamp(3) with time zone DEFAULT now() NOT NULL,\n  \t\"created_at\" timestamp(3) with time zone DEFAULT now() NOT NULL\n  );\n  \n  CREATE TABLE \"promo_banners\" (\n  \t\"id\" serial PRIMARY KEY NOT NULL,\n  \t\"title\" varchar NOT NULL,\n  \t\"image_id\" integer NOT NULL,\n  \t\"link\" varchar,\n  \t\"status\" \"enum_promo_banners_status\" DEFAULT 'draft' NOT NULL,\n  \t\"priority\" numeric DEFAULT 0,\n  \t\"start_date\" timestamp(3) with time zone,\n  \t\"end_date\" timestamp(3) with time zone,\n  \t\"updated_at\" timestamp(3) with time zone DEFAULT now() NOT NULL,\n  \t\"created_at\" timestamp(3) with time zone DEFAULT now() NOT NULL\n  );\n  \n  CREATE TABLE \"testimonials\" (\n  \t\"id\" serial PRIMARY KEY NOT NULL,\n  \t\"name\" varchar NOT NULL,\n  \t\"role\" varchar NOT NULL,\n  \t\"avatar_id\" integer,\n  \t\"comment_id\" varchar NOT NULL,\n  \t\"comment_en\" varchar NOT NULL,\n  \t\"rating\" numeric DEFAULT 5 NOT NULL,\n  \t\"status\" \"enum_testimonials_status\" DEFAULT 'draft' NOT NULL,\n  \t\"priority\" numeric DEFAULT 0,\n  \t\"updated_at\" timestamp(3) with time zone DEFAULT now() NOT NULL,\n  \t\"created_at\" timestamp(3) with time zone DEFAULT now() NOT NULL\n  );\n  \n  CREATE TABLE \"support_tickets\" (\n  \t\"id\" serial PRIMARY KEY NOT NULL,\n  \t\"ticket_number\" varchar,\n  \t\"customer_id\" integer NOT NULL,\n  \t\"related_order_id\" integer,\n  \t\"related_product_id\" integer,\n  \t\"subject\" varchar NOT NULL,\n  \t\"category\" \"enum_support_tickets_category\" NOT NULL,\n  \t\"priority\" \"enum_support_tickets_priority\" DEFAULT 'medium' NOT NULL,\n  \t\"status\" \"enum_support_tickets_status\" DEFAULT 'open' NOT NULL,\n  \t\"assigned_to_id\" integer,\n  \t\"updated_at\" timestamp(3) with time zone DEFAULT now() NOT NULL,\n  \t\"created_at\" timestamp(3) with time zone DEFAULT now() NOT NULL\n  );\n  \n  CREATE TABLE \"support_messages_attachments\" (\n  \t\"_order\" integer NOT NULL,\n  \t\"_parent_id\" integer NOT NULL,\n  \t\"id\" varchar PRIMARY KEY NOT NULL,\n  \t\"file_id\" integer NOT NULL\n  );\n  \n  CREATE TABLE \"support_messages\" (\n  \t\"id\" serial PRIMARY KEY NOT NULL,\n  \t\"ticket_id\" integer NOT NULL,\n  \t\"sender_id\" integer NOT NULL,\n  \t\"sender_role\" \"enum_support_messages_sender_role\" NOT NULL,\n  \t\"message\" varchar NOT NULL,\n  \t\"is_internal_note\" boolean DEFAULT false,\n  \t\"updated_at\" timestamp(3) with time zone DEFAULT now() NOT NULL,\n  \t\"created_at\" timestamp(3) with time zone DEFAULT now() NOT NULL\n  );\n  \n  CREATE TABLE \"email_templates\" (\n  \t\"id\" serial PRIMARY KEY NOT NULL,\n  \t\"name\" varchar NOT NULL,\n  \t\"subject\" varchar NOT NULL,\n  \t\"body\" varchar NOT NULL,\n  \t\"type\" \"enum_email_templates_type\" NOT NULL,\n  \t\"status\" \"enum_email_templates_status\" DEFAULT 'active' NOT NULL,\n  \t\"updated_at\" timestamp(3) with time zone DEFAULT now() NOT NULL,\n  \t\"created_at\" timestamp(3) with time zone DEFAULT now() NOT NULL\n  );\n  \n  CREATE TABLE \"stock_reservations\" (\n  \t\"id\" serial PRIMARY KEY NOT NULL,\n  \t\"reservation_id\" varchar NOT NULL,\n  \t\"product_id\" integer NOT NULL,\n  \t\"variant\" varchar,\n  \t\"quantity\" numeric NOT NULL,\n  \t\"status\" \"enum_stock_reservations_status\" DEFAULT 'pending' NOT NULL,\n  \t\"expires_at\" timestamp(3) with time zone NOT NULL,\n  \t\"order_id\" integer,\n  \t\"customer_id\" integer,\n  \t\"cart_id\" varchar,\n  \t\"notes\" varchar,\n  \t\"updated_at\" timestamp(3) with time zone DEFAULT now() NOT NULL,\n  \t\"created_at\" timestamp(3) with time zone DEFAULT now() NOT NULL\n  );\n  \n  CREATE TABLE \"forms_blocks_checkbox\" (\n  \t\"_order\" integer NOT NULL,\n  \t\"_parent_id\" integer NOT NULL,\n  \t\"_path\" text NOT NULL,\n  \t\"id\" varchar PRIMARY KEY NOT NULL,\n  \t\"name\" varchar NOT NULL,\n  \t\"label\" varchar,\n  \t\"width\" numeric,\n  \t\"required\" boolean,\n  \t\"default_value\" boolean,\n  \t\"block_name\" varchar\n  );\n  \n  CREATE TABLE \"forms_blocks_country\" (\n  \t\"_order\" integer NOT NULL,\n  \t\"_parent_id\" integer NOT NULL,\n  \t\"_path\" text NOT NULL,\n  \t\"id\" varchar PRIMARY KEY NOT NULL,\n  \t\"name\" varchar NOT NULL,\n  \t\"label\" varchar,\n  \t\"width\" numeric,\n  \t\"required\" boolean,\n  \t\"block_name\" varchar\n  );\n  \n  CREATE TABLE \"forms_blocks_email\" (\n  \t\"_order\" integer NOT NULL,\n  \t\"_parent_id\" integer NOT NULL,\n  \t\"_path\" text NOT NULL,\n  \t\"id\" varchar PRIMARY KEY NOT NULL,\n  \t\"name\" varchar NOT NULL,\n  \t\"label\" varchar,\n  \t\"width\" numeric,\n  \t\"required\" boolean,\n  \t\"block_name\" varchar\n  );\n  \n  CREATE TABLE \"forms_blocks_message\" (\n  \t\"_order\" integer NOT NULL,\n  \t\"_parent_id\" integer NOT NULL,\n  \t\"_path\" text NOT NULL,\n  \t\"id\" varchar PRIMARY KEY NOT NULL,\n  \t\"message\" jsonb,\n  \t\"block_name\" varchar\n  );\n  \n  CREATE TABLE \"forms_blocks_number\" (\n  \t\"_order\" integer NOT NULL,\n  \t\"_parent_id\" integer NOT NULL,\n  \t\"_path\" text NOT NULL,\n  \t\"id\" varchar PRIMARY KEY NOT NULL,\n  \t\"name\" varchar NOT NULL,\n  \t\"label\" varchar,\n  \t\"width\" numeric,\n  \t\"default_value\" numeric,\n  \t\"required\" boolean,\n  \t\"block_name\" varchar\n  );\n  \n  CREATE TABLE \"forms_blocks_select_options\" (\n  \t\"_order\" integer NOT NULL,\n  \t\"_parent_id\" varchar NOT NULL,\n  \t\"id\" varchar PRIMARY KEY NOT NULL,\n  \t\"label\" varchar NOT NULL,\n  \t\"value\" varchar NOT NULL\n  );\n  \n  CREATE TABLE \"forms_blocks_select\" (\n  \t\"_order\" integer NOT NULL,\n  \t\"_parent_id\" integer NOT NULL,\n  \t\"_path\" text NOT NULL,\n  \t\"id\" varchar PRIMARY KEY NOT NULL,\n  \t\"name\" varchar NOT NULL,\n  \t\"label\" varchar,\n  \t\"width\" numeric,\n  \t\"default_value\" varchar,\n  \t\"placeholder\" varchar,\n  \t\"required\" boolean,\n  \t\"block_name\" varchar\n  );\n  \n  CREATE TABLE \"forms_blocks_state\" (\n  \t\"_order\" integer NOT NULL,\n  \t\"_parent_id\" integer NOT NULL,\n  \t\"_path\" text NOT NULL,\n  \t\"id\" varchar PRIMARY KEY NOT NULL,\n  \t\"name\" varchar NOT NULL,\n  \t\"label\" varchar,\n  \t\"width\" numeric,\n  \t\"required\" boolean,\n  \t\"block_name\" varchar\n  );\n  \n  CREATE TABLE \"forms_blocks_text\" (\n  \t\"_order\" integer NOT NULL,\n  \t\"_parent_id\" integer NOT NULL,\n  \t\"_path\" text NOT NULL,\n  \t\"id\" varchar PRIMARY KEY NOT NULL,\n  \t\"name\" varchar NOT NULL,\n  \t\"label\" varchar,\n  \t\"width\" numeric,\n  \t\"default_value\" varchar,\n  \t\"required\" boolean,\n  \t\"block_name\" varchar\n  );\n  \n  CREATE TABLE \"forms_blocks_textarea\" (\n  \t\"_order\" integer NOT NULL,\n  \t\"_parent_id\" integer NOT NULL,\n  \t\"_path\" text NOT NULL,\n  \t\"id\" varchar PRIMARY KEY NOT NULL,\n  \t\"name\" varchar NOT NULL,\n  \t\"label\" varchar,\n  \t\"width\" numeric,\n  \t\"default_value\" varchar,\n  \t\"required\" boolean,\n  \t\"block_name\" varchar\n  );\n  \n  CREATE TABLE \"forms_emails\" (\n  \t\"_order\" integer NOT NULL,\n  \t\"_parent_id\" integer NOT NULL,\n  \t\"id\" varchar PRIMARY KEY NOT NULL,\n  \t\"email_to\" varchar,\n  \t\"cc\" varchar,\n  \t\"bcc\" varchar,\n  \t\"reply_to\" varchar,\n  \t\"email_from\" varchar,\n  \t\"subject\" varchar DEFAULT 'You''ve received a new message.' NOT NULL,\n  \t\"message\" jsonb\n  );\n  \n  CREATE TABLE \"forms\" (\n  \t\"id\" serial PRIMARY KEY NOT NULL,\n  \t\"title\" varchar NOT NULL,\n  \t\"submit_button_label\" varchar,\n  \t\"confirmation_type\" \"enum_forms_confirmation_type\" DEFAULT 'message',\n  \t\"confirmation_message\" jsonb,\n  \t\"redirect_url\" varchar,\n  \t\"updated_at\" timestamp(3) with time zone DEFAULT now() NOT NULL,\n  \t\"created_at\" timestamp(3) with time zone DEFAULT now() NOT NULL\n  );\n  \n  CREATE TABLE \"form_submissions_submission_data\" (\n  \t\"_order\" integer NOT NULL,\n  \t\"_parent_id\" integer NOT NULL,\n  \t\"id\" varchar PRIMARY KEY NOT NULL,\n  \t\"field\" varchar NOT NULL,\n  \t\"value\" varchar NOT NULL\n  );\n  \n  CREATE TABLE \"form_submissions\" (\n  \t\"id\" serial PRIMARY KEY NOT NULL,\n  \t\"form_id\" integer NOT NULL,\n  \t\"updated_at\" timestamp(3) with time zone DEFAULT now() NOT NULL,\n  \t\"created_at\" timestamp(3) with time zone DEFAULT now() NOT NULL\n  );\n  \n  CREATE TABLE \"addresses\" (\n  \t\"id\" serial PRIMARY KEY NOT NULL,\n  \t\"customer_id\" integer,\n  \t\"title\" varchar,\n  \t\"first_name\" varchar,\n  \t\"last_name\" varchar,\n  \t\"company\" varchar,\n  \t\"address_line1\" varchar,\n  \t\"address_line2\" varchar,\n  \t\"city\" varchar,\n  \t\"state\" varchar,\n  \t\"postal_code\" varchar,\n  \t\"country\" \"enum_addresses_country\" NOT NULL,\n  \t\"phone\" varchar,\n  \t\"updated_at\" timestamp(3) with time zone DEFAULT now() NOT NULL,\n  \t\"created_at\" timestamp(3) with time zone DEFAULT now() NOT NULL\n  );\n  \n  CREATE TABLE \"variants\" (\n  \t\"id\" serial PRIMARY KEY NOT NULL,\n  \t\"title\" varchar,\n  \t\"product_id\" integer,\n  \t\"inventory\" numeric DEFAULT 0,\n  \t\"price_in_i_d_r_enabled\" boolean,\n  \t\"price_in_i_d_r\" numeric,\n  \t\"price_in_u_s_d_enabled\" boolean,\n  \t\"price_in_u_s_d\" numeric,\n  \t\"updated_at\" timestamp(3) with time zone DEFAULT now() NOT NULL,\n  \t\"created_at\" timestamp(3) with time zone DEFAULT now() NOT NULL,\n  \t\"deleted_at\" timestamp(3) with time zone,\n  \t\"_status\" \"enum_variants_status\" DEFAULT 'draft'\n  );\n  \n  CREATE TABLE \"variants_rels\" (\n  \t\"id\" serial PRIMARY KEY NOT NULL,\n  \t\"order\" integer,\n  \t\"parent_id\" integer NOT NULL,\n  \t\"path\" varchar NOT NULL,\n  \t\"variant_options_id\" integer\n  );\n  \n  CREATE TABLE \"_variants_v\" (\n  \t\"id\" serial PRIMARY KEY NOT NULL,\n  \t\"parent_id\" integer,\n  \t\"version_title\" varchar,\n  \t\"version_product_id\" integer,\n  \t\"version_inventory\" numeric DEFAULT 0,\n  \t\"version_price_in_i_d_r_enabled\" boolean,\n  \t\"version_price_in_i_d_r\" numeric,\n  \t\"version_price_in_u_s_d_enabled\" boolean,\n  \t\"version_price_in_u_s_d\" numeric,\n  \t\"version_updated_at\" timestamp(3) with time zone,\n  \t\"version_created_at\" timestamp(3) with time zone,\n  \t\"version_deleted_at\" timestamp(3) with time zone,\n  \t\"version__status\" \"enum__variants_v_version_status\" DEFAULT 'draft',\n  \t\"created_at\" timestamp(3) with time zone DEFAULT now() NOT NULL,\n  \t\"updated_at\" timestamp(3) with time zone DEFAULT now() NOT NULL,\n  \t\"latest\" boolean,\n  \t\"autosave\" boolean\n  );\n  \n  CREATE TABLE \"_variants_v_rels\" (\n  \t\"id\" serial PRIMARY KEY NOT NULL,\n  \t\"order\" integer,\n  \t\"parent_id\" integer NOT NULL,\n  \t\"path\" varchar NOT NULL,\n  \t\"variant_options_id\" integer\n  );\n  \n  CREATE TABLE \"variant_types\" (\n  \t\"id\" serial PRIMARY KEY NOT NULL,\n  \t\"label\" varchar NOT NULL,\n  \t\"name\" varchar NOT NULL,\n  \t\"updated_at\" timestamp(3) with time zone DEFAULT now() NOT NULL,\n  \t\"created_at\" timestamp(3) with time zone DEFAULT now() NOT NULL,\n  \t\"deleted_at\" timestamp(3) with time zone\n  );\n  \n  CREATE TABLE \"variant_options\" (\n  \t\"id\" serial PRIMARY KEY NOT NULL,\n  \t\"_variantoptions_options_order\" varchar,\n  \t\"variant_type_id\" integer NOT NULL,\n  \t\"label\" varchar NOT NULL,\n  \t\"value\" varchar NOT NULL,\n  \t\"updated_at\" timestamp(3) with time zone DEFAULT now() NOT NULL,\n  \t\"created_at\" timestamp(3) with time zone DEFAULT now() NOT NULL,\n  \t\"deleted_at\" timestamp(3) with time zone\n  );\n  \n  CREATE TABLE \"products_gallery\" (\n  \t\"_order\" integer NOT NULL,\n  \t\"_parent_id\" integer NOT NULL,\n  \t\"id\" varchar PRIMARY KEY NOT NULL,\n  \t\"image_id\" integer,\n  \t\"variant_option_id\" integer\n  );\n  \n  CREATE TABLE \"products_blocks_cta_links\" (\n  \t\"_order\" integer NOT NULL,\n  \t\"_parent_id\" varchar NOT NULL,\n  \t\"id\" varchar PRIMARY KEY NOT NULL,\n  \t\"link_type\" \"enum_products_blocks_cta_links_link_type\" DEFAULT 'reference',\n  \t\"link_new_tab\" boolean,\n  \t\"link_url\" varchar,\n  \t\"link_label\" varchar,\n  \t\"link_appearance\" \"enum_products_blocks_cta_links_link_appearance\" DEFAULT 'default'\n  );\n  \n  CREATE TABLE \"products_blocks_cta\" (\n  \t\"_order\" integer NOT NULL,\n  \t\"_parent_id\" integer NOT NULL,\n  \t\"_path\" text NOT NULL,\n  \t\"id\" varchar PRIMARY KEY NOT NULL,\n  \t\"rich_text\" jsonb,\n  \t\"block_name\" varchar\n  );\n  \n  CREATE TABLE \"products_blocks_content_columns\" (\n  \t\"_order\" integer NOT NULL,\n  \t\"_parent_id\" varchar NOT NULL,\n  \t\"id\" varchar PRIMARY KEY NOT NULL,\n  \t\"size\" \"enum_products_blocks_content_columns_size\" DEFAULT 'oneThird',\n  \t\"rich_text\" jsonb,\n  \t\"enable_link\" boolean,\n  \t\"link_type\" \"enum_products_blocks_content_columns_link_type\" DEFAULT 'reference',\n  \t\"link_new_tab\" boolean,\n  \t\"link_url\" varchar,\n  \t\"link_label\" varchar,\n  \t\"link_appearance\" \"enum_products_blocks_content_columns_link_appearance\" DEFAULT 'default'\n  );\n  \n  CREATE TABLE \"products_blocks_content\" (\n  \t\"_order\" integer NOT NULL,\n  \t\"_parent_id\" integer NOT NULL,\n  \t\"_path\" text NOT NULL,\n  \t\"id\" varchar PRIMARY KEY NOT NULL,\n  \t\"block_name\" varchar\n  );\n  \n  CREATE TABLE \"products_blocks_media_block\" (\n  \t\"_order\" integer NOT NULL,\n  \t\"_parent_id\" integer NOT NULL,\n  \t\"_path\" text NOT NULL,\n  \t\"id\" varchar PRIMARY KEY NOT NULL,\n  \t\"media_id\" integer,\n  \t\"block_name\" varchar\n  );\n  \n  CREATE TABLE \"products_included_files\" (\n  \t\"_order\" integer NOT NULL,\n  \t\"_parent_id\" integer NOT NULL,\n  \t\"id\" varchar PRIMARY KEY NOT NULL,\n  \t\"label\" varchar,\n  \t\"format\" varchar,\n  \t\"size\" varchar\n  );\n  \n  CREATE TABLE \"products_product_f_a_q\" (\n  \t\"_order\" integer NOT NULL,\n  \t\"_parent_id\" integer NOT NULL,\n  \t\"id\" varchar PRIMARY KEY NOT NULL,\n  \t\"question\" varchar,\n  \t\"answer\" varchar\n  );\n  \n  CREATE TABLE \"products\" (\n  \t\"id\" serial PRIMARY KEY NOT NULL,\n  \t\"title\" varchar,\n  \t\"short_description\" varchar,\n  \t\"description\" jsonb,\n  \t\"inventory\" numeric DEFAULT 0,\n  \t\"enable_variants\" boolean,\n  \t\"price_in_i_d_r_enabled\" boolean,\n  \t\"price_in_i_d_r\" numeric,\n  \t\"price_in_u_s_d_enabled\" boolean,\n  \t\"price_in_u_s_d\" numeric,\n  \t\"product_type\" \"enum_products_product_type\" DEFAULT 'digital',\n  \t\"license_type\" \"enum_products_license_type\" DEFAULT 'standard',\n  \t\"version\" varchar DEFAULT '1.0.0',\n  \t\"update_policy\" varchar,\n  \t\"refund_policy\" varchar,\n  \t\"is_featured\" boolean DEFAULT false,\n  \t\"badge\" \"enum_products_badge\",\n  \t\"meta_title\" varchar,\n  \t\"meta_image_id\" integer,\n  \t\"meta_description\" varchar,\n  \t\"generate_slug\" boolean DEFAULT true,\n  \t\"slug\" varchar,\n  \t\"updated_at\" timestamp(3) with time zone DEFAULT now() NOT NULL,\n  \t\"created_at\" timestamp(3) with time zone DEFAULT now() NOT NULL,\n  \t\"deleted_at\" timestamp(3) with time zone,\n  \t\"_status\" \"enum_products_status\" DEFAULT 'draft'\n  );\n  \n  CREATE TABLE \"products_rels\" (\n  \t\"id\" serial PRIMARY KEY NOT NULL,\n  \t\"order\" integer,\n  \t\"parent_id\" integer NOT NULL,\n  \t\"path\" varchar NOT NULL,\n  \t\"pages_id\" integer,\n  \t\"variant_types_id\" integer,\n  \t\"products_id\" integer,\n  \t\"categories_id\" integer\n  );\n  \n  CREATE TABLE \"_products_v_version_gallery\" (\n  \t\"_order\" integer NOT NULL,\n  \t\"_parent_id\" integer NOT NULL,\n  \t\"id\" serial PRIMARY KEY NOT NULL,\n  \t\"image_id\" integer,\n  \t\"variant_option_id\" integer,\n  \t\"_uuid\" varchar\n  );\n  \n  CREATE TABLE \"_products_v_blocks_cta_links\" (\n  \t\"_order\" integer NOT NULL,\n  \t\"_parent_id\" integer NOT NULL,\n  \t\"id\" serial PRIMARY KEY NOT NULL,\n  \t\"link_type\" \"enum__products_v_blocks_cta_links_link_type\" DEFAULT 'reference',\n  \t\"link_new_tab\" boolean,\n  \t\"link_url\" varchar,\n  \t\"link_label\" varchar,\n  \t\"link_appearance\" \"enum__products_v_blocks_cta_links_link_appearance\" DEFAULT 'default',\n  \t\"_uuid\" varchar\n  );\n  \n  CREATE TABLE \"_products_v_blocks_cta\" (\n  \t\"_order\" integer NOT NULL,\n  \t\"_parent_id\" integer NOT NULL,\n  \t\"_path\" text NOT NULL,\n  \t\"id\" serial PRIMARY KEY NOT NULL,\n  \t\"rich_text\" jsonb,\n  \t\"_uuid\" varchar,\n  \t\"block_name\" varchar\n  );\n  \n  CREATE TABLE \"_products_v_blocks_content_columns\" (\n  \t\"_order\" integer NOT NULL,\n  \t\"_parent_id\" integer NOT NULL,\n  \t\"id\" serial PRIMARY KEY NOT NULL,\n  \t\"size\" \"enum__products_v_blocks_content_columns_size\" DEFAULT 'oneThird',\n  \t\"rich_text\" jsonb,\n  \t\"enable_link\" boolean,\n  \t\"link_type\" \"enum__products_v_blocks_content_columns_link_type\" DEFAULT 'reference',\n  \t\"link_new_tab\" boolean,\n  \t\"link_url\" varchar,\n  \t\"link_label\" varchar,\n  \t\"link_appearance\" \"enum__products_v_blocks_content_columns_link_appearance\" DEFAULT 'default',\n  \t\"_uuid\" varchar\n  );\n  \n  CREATE TABLE \"_products_v_blocks_content\" (\n  \t\"_order\" integer NOT NULL,\n  \t\"_parent_id\" integer NOT NULL,\n  \t\"_path\" text NOT NULL,\n  \t\"id\" serial PRIMARY KEY NOT NULL,\n  \t\"_uuid\" varchar,\n  \t\"block_name\" varchar\n  );\n  \n  CREATE TABLE \"_products_v_blocks_media_block\" (\n  \t\"_order\" integer NOT NULL,\n  \t\"_parent_id\" integer NOT NULL,\n  \t\"_path\" text NOT NULL,\n  \t\"id\" serial PRIMARY KEY NOT NULL,\n  \t\"media_id\" integer,\n  \t\"_uuid\" varchar,\n  \t\"block_name\" varchar\n  );\n  \n  CREATE TABLE \"_products_v_version_included_files\" (\n  \t\"_order\" integer NOT NULL,\n  \t\"_parent_id\" integer NOT NULL,\n  \t\"id\" serial PRIMARY KEY NOT NULL,\n  \t\"label\" varchar,\n  \t\"format\" varchar,\n  \t\"size\" varchar,\n  \t\"_uuid\" varchar\n  );\n  \n  CREATE TABLE \"_products_v_version_product_f_a_q\" (\n  \t\"_order\" integer NOT NULL,\n  \t\"_parent_id\" integer NOT NULL,\n  \t\"id\" serial PRIMARY KEY NOT NULL,\n  \t\"question\" varchar,\n  \t\"answer\" varchar,\n  \t\"_uuid\" varchar\n  );\n  \n  CREATE TABLE \"_products_v\" (\n  \t\"id\" serial PRIMARY KEY NOT NULL,\n  \t\"parent_id\" integer,\n  \t\"version_title\" varchar,\n  \t\"version_short_description\" varchar,\n  \t\"version_description\" jsonb,\n  \t\"version_inventory\" numeric DEFAULT 0,\n  \t\"version_enable_variants\" boolean,\n  \t\"version_price_in_i_d_r_enabled\" boolean,\n  \t\"version_price_in_i_d_r\" numeric,\n  \t\"version_price_in_u_s_d_enabled\" boolean,\n  \t\"version_price_in_u_s_d\" numeric,\n  \t\"version_product_type\" \"enum__products_v_version_product_type\" DEFAULT 'digital',\n  \t\"version_license_type\" \"enum__products_v_version_license_type\" DEFAULT 'standard',\n  \t\"version_version\" varchar DEFAULT '1.0.0',\n  \t\"version_update_policy\" varchar,\n  \t\"version_refund_policy\" varchar,\n  \t\"version_is_featured\" boolean DEFAULT false,\n  \t\"version_badge\" \"enum__products_v_version_badge\",\n  \t\"version_meta_title\" varchar,\n  \t\"version_meta_image_id\" integer,\n  \t\"version_meta_description\" varchar,\n  \t\"version_generate_slug\" boolean DEFAULT true,\n  \t\"version_slug\" varchar,\n  \t\"version_updated_at\" timestamp(3) with time zone,\n  \t\"version_created_at\" timestamp(3) with time zone,\n  \t\"version_deleted_at\" timestamp(3) with time zone,\n  \t\"version__status\" \"enum__products_v_version_status\" DEFAULT 'draft',\n  \t\"created_at\" timestamp(3) with time zone DEFAULT now() NOT NULL,\n  \t\"updated_at\" timestamp(3) with time zone DEFAULT now() NOT NULL,\n  \t\"latest\" boolean,\n  \t\"autosave\" boolean\n  );\n  \n  CREATE TABLE \"_products_v_rels\" (\n  \t\"id\" serial PRIMARY KEY NOT NULL,\n  \t\"order\" integer,\n  \t\"parent_id\" integer NOT NULL,\n  \t\"path\" varchar NOT NULL,\n  \t\"pages_id\" integer,\n  \t\"variant_types_id\" integer,\n  \t\"products_id\" integer,\n  \t\"categories_id\" integer\n  );\n  \n  CREATE TABLE \"carts_items\" (\n  \t\"_order\" integer NOT NULL,\n  \t\"_parent_id\" integer NOT NULL,\n  \t\"id\" varchar PRIMARY KEY NOT NULL,\n  \t\"product_id\" integer,\n  \t\"variant_id\" integer,\n  \t\"quantity\" numeric DEFAULT 1 NOT NULL\n  );\n  \n  CREATE TABLE \"carts\" (\n  \t\"id\" serial PRIMARY KEY NOT NULL,\n  \t\"secret\" varchar,\n  \t\"customer_id\" integer,\n  \t\"purchased_at\" timestamp(3) with time zone,\n  \t\"subtotal\" numeric,\n  \t\"currency\" \"enum_carts_currency\" DEFAULT 'IDR',\n  \t\"updated_at\" timestamp(3) with time zone DEFAULT now() NOT NULL,\n  \t\"created_at\" timestamp(3) with time zone DEFAULT now() NOT NULL\n  );\n  \n  CREATE TABLE \"orders_items\" (\n  \t\"_order\" integer NOT NULL,\n  \t\"_parent_id\" integer NOT NULL,\n  \t\"id\" varchar PRIMARY KEY NOT NULL,\n  \t\"product_id\" integer,\n  \t\"variant_id\" integer,\n  \t\"quantity\" numeric DEFAULT 1 NOT NULL\n  );\n  \n  CREATE TABLE \"orders\" (\n  \t\"id\" serial PRIMARY KEY NOT NULL,\n  \t\"shipping_address_title\" varchar,\n  \t\"shipping_address_first_name\" varchar,\n  \t\"shipping_address_last_name\" varchar,\n  \t\"shipping_address_company\" varchar,\n  \t\"shipping_address_address_line1\" varchar,\n  \t\"shipping_address_address_line2\" varchar,\n  \t\"shipping_address_city\" varchar,\n  \t\"shipping_address_state\" varchar,\n  \t\"shipping_address_postal_code\" varchar,\n  \t\"shipping_address_country\" varchar,\n  \t\"shipping_address_phone\" varchar,\n  \t\"customer_id\" integer,\n  \t\"customer_email\" varchar,\n  \t\"status\" \"enum_orders_status\" DEFAULT 'processing',\n  \t\"amount\" numeric,\n  \t\"currency\" \"enum_orders_currency\" DEFAULT 'IDR',\n  \t\"access_token\" varchar,\n  \t\"updated_at\" timestamp(3) with time zone DEFAULT now() NOT NULL,\n  \t\"created_at\" timestamp(3) with time zone DEFAULT now() NOT NULL\n  );\n  \n  CREATE TABLE \"orders_rels\" (\n  \t\"id\" serial PRIMARY KEY NOT NULL,\n  \t\"order\" integer,\n  \t\"parent_id\" integer NOT NULL,\n  \t\"path\" varchar NOT NULL,\n  \t\"transactions_id\" integer\n  );\n  \n  CREATE TABLE \"transactions_items\" (\n  \t\"_order\" integer NOT NULL,\n  \t\"_parent_id\" integer NOT NULL,\n  \t\"id\" varchar PRIMARY KEY NOT NULL,\n  \t\"product_id\" integer,\n  \t\"variant_id\" integer,\n  \t\"quantity\" numeric DEFAULT 1 NOT NULL\n  );\n  \n  CREATE TABLE \"transactions\" (\n  \t\"id\" serial PRIMARY KEY NOT NULL,\n  \t\"payment_method\" \"enum_transactions_payment_method\",\n  \t\"pakasir_pakasir_order_i_d\" varchar,\n  \t\"billing_address_title\" varchar,\n  \t\"billing_address_first_name\" varchar,\n  \t\"billing_address_last_name\" varchar,\n  \t\"billing_address_company\" varchar,\n  \t\"billing_address_address_line1\" varchar,\n  \t\"billing_address_address_line2\" varchar,\n  \t\"billing_address_city\" varchar,\n  \t\"billing_address_state\" varchar,\n  \t\"billing_address_postal_code\" varchar,\n  \t\"billing_address_country\" varchar,\n  \t\"billing_address_phone\" varchar,\n  \t\"status\" \"enum_transactions_status\" DEFAULT 'pending' NOT NULL,\n  \t\"customer_id\" integer,\n  \t\"customer_email\" varchar,\n  \t\"order_id\" integer,\n  \t\"cart_id\" integer,\n  \t\"amount\" numeric,\n  \t\"currency\" \"enum_transactions_currency\" DEFAULT 'IDR',\n  \t\"updated_at\" timestamp(3) with time zone DEFAULT now() NOT NULL,\n  \t\"created_at\" timestamp(3) with time zone DEFAULT now() NOT NULL\n  );\n  \n  CREATE TABLE \"payload_kv\" (\n  \t\"id\" serial PRIMARY KEY NOT NULL,\n  \t\"key\" varchar NOT NULL,\n  \t\"data\" jsonb NOT NULL\n  );\n  \n  CREATE TABLE \"payload_locked_documents\" (\n  \t\"id\" serial PRIMARY KEY NOT NULL,\n  \t\"global_slug\" varchar,\n  \t\"updated_at\" timestamp(3) with time zone DEFAULT now() NOT NULL,\n  \t\"created_at\" timestamp(3) with time zone DEFAULT now() NOT NULL\n  );\n  \n  CREATE TABLE \"payload_locked_documents_rels\" (\n  \t\"id\" serial PRIMARY KEY NOT NULL,\n  \t\"order\" integer,\n  \t\"parent_id\" integer NOT NULL,\n  \t\"path\" varchar NOT NULL,\n  \t\"users_id\" integer,\n  \t\"pages_id\" integer,\n  \t\"categories_id\" integer,\n  \t\"media_id\" integer,\n  \t\"digital_assets_id\" integer,\n  \t\"download_access_id\" integer,\n  \t\"download_logs_id\" integer,\n  \t\"licenses_id\" integer,\n  \t\"payment_transactions_id\" integer,\n  \t\"coupons_id\" integer,\n  \t\"promo_banners_id\" integer,\n  \t\"testimonials_id\" integer,\n  \t\"support_tickets_id\" integer,\n  \t\"support_messages_id\" integer,\n  \t\"email_templates_id\" integer,\n  \t\"stock_reservations_id\" integer,\n  \t\"forms_id\" integer,\n  \t\"form_submissions_id\" integer,\n  \t\"addresses_id\" integer,\n  \t\"variants_id\" integer,\n  \t\"variant_types_id\" integer,\n  \t\"variant_options_id\" integer,\n  \t\"products_id\" integer,\n  \t\"carts_id\" integer,\n  \t\"orders_id\" integer,\n  \t\"transactions_id\" integer\n  );\n  \n  CREATE TABLE \"payload_preferences\" (\n  \t\"id\" serial PRIMARY KEY NOT NULL,\n  \t\"key\" varchar,\n  \t\"value\" jsonb,\n  \t\"updated_at\" timestamp(3) with time zone DEFAULT now() NOT NULL,\n  \t\"created_at\" timestamp(3) with time zone DEFAULT now() NOT NULL\n  );\n  \n  CREATE TABLE \"payload_preferences_rels\" (\n  \t\"id\" serial PRIMARY KEY NOT NULL,\n  \t\"order\" integer,\n  \t\"parent_id\" integer NOT NULL,\n  \t\"path\" varchar NOT NULL,\n  \t\"users_id\" integer\n  );\n  \n  CREATE TABLE \"payload_migrations\" (\n  \t\"id\" serial PRIMARY KEY NOT NULL,\n  \t\"name\" varchar,\n  \t\"batch\" numeric,\n  \t\"updated_at\" timestamp(3) with time zone DEFAULT now() NOT NULL,\n  \t\"created_at\" timestamp(3) with time zone DEFAULT now() NOT NULL\n  );\n  \n  CREATE TABLE \"header_nav_items\" (\n  \t\"_order\" integer NOT NULL,\n  \t\"_parent_id\" integer NOT NULL,\n  \t\"id\" varchar PRIMARY KEY NOT NULL,\n  \t\"link_type\" \"enum_header_nav_items_link_type\" DEFAULT 'reference',\n  \t\"link_new_tab\" boolean,\n  \t\"link_url\" varchar,\n  \t\"link_label\" varchar NOT NULL\n  );\n  \n  CREATE TABLE \"header\" (\n  \t\"id\" serial PRIMARY KEY NOT NULL,\n  \t\"updated_at\" timestamp(3) with time zone,\n  \t\"created_at\" timestamp(3) with time zone\n  );\n  \n  CREATE TABLE \"header_rels\" (\n  \t\"id\" serial PRIMARY KEY NOT NULL,\n  \t\"order\" integer,\n  \t\"parent_id\" integer NOT NULL,\n  \t\"path\" varchar NOT NULL,\n  \t\"pages_id\" integer\n  );\n  \n  CREATE TABLE \"footer_nav_items\" (\n  \t\"_order\" integer NOT NULL,\n  \t\"_parent_id\" integer NOT NULL,\n  \t\"id\" varchar PRIMARY KEY NOT NULL,\n  \t\"link_type\" \"enum_footer_nav_items_link_type\" DEFAULT 'reference',\n  \t\"link_new_tab\" boolean,\n  \t\"link_url\" varchar,\n  \t\"link_label\" varchar NOT NULL\n  );\n  \n  CREATE TABLE \"footer\" (\n  \t\"id\" serial PRIMARY KEY NOT NULL,\n  \t\"updated_at\" timestamp(3) with time zone,\n  \t\"created_at\" timestamp(3) with time zone\n  );\n  \n  CREATE TABLE \"footer_rels\" (\n  \t\"id\" serial PRIMARY KEY NOT NULL,\n  \t\"order\" integer,\n  \t\"parent_id\" integer NOT NULL,\n  \t\"path\" varchar NOT NULL,\n  \t\"pages_id\" integer\n  );\n  \n  CREATE TABLE \"settings_trust_badges_partner_logos\" (\n  \t\"_order\" integer NOT NULL,\n  \t\"_parent_id\" integer NOT NULL,\n  \t\"id\" varchar PRIMARY KEY NOT NULL,\n  \t\"logo_id\" integer NOT NULL,\n  \t\"name\" varchar NOT NULL\n  );\n  \n  CREATE TABLE \"settings\" (\n  \t\"id\" serial PRIMARY KEY NOT NULL,\n  \t\"store_name\" varchar DEFAULT 'Citra Commerce' NOT NULL,\n  \t\"logo_id\" integer,\n  \t\"favicon_id\" integer,\n  \t\"primary_color\" varchar DEFAULT '#111827',\n  \t\"support_email\" varchar,\n  \t\"payment_config\" jsonb,\n  \t\"email_config\" jsonb,\n  \t\"storage_config\" jsonb,\n  \t\"trust_badges_total_users\" varchar DEFAULT '10,000+',\n  \t\"trust_badges_satisfaction_rate\" varchar DEFAULT '99%',\n  \t\"trust_badges_support_availability\" varchar DEFAULT '24/7',\n  \t\"legal_pages_terms_page_id\" integer,\n  \t\"legal_pages_privacy_page_id\" integer,\n  \t\"legal_pages_refund_page_id\" integer,\n  \t\"updated_at\" timestamp(3) with time zone,\n  \t\"created_at\" timestamp(3) with time zone\n  );\n  \n  ALTER TABLE \"users_roles\" ADD CONSTRAINT \"users_roles_parent_fk\" FOREIGN KEY (\"parent_id\") REFERENCES \"public\".\"users\"(\"id\") ON DELETE cascade ON UPDATE no action;\n  ALTER TABLE \"users_sessions\" ADD CONSTRAINT \"users_sessions_parent_id_fk\" FOREIGN KEY (\"_parent_id\") REFERENCES \"public\".\"users\"(\"id\") ON DELETE cascade ON UPDATE no action;\n  ALTER TABLE \"users\" ADD CONSTRAINT \"users_avatar_id_media_id_fk\" FOREIGN KEY (\"avatar_id\") REFERENCES \"public\".\"media\"(\"id\") ON DELETE set null ON UPDATE no action;\n  ALTER TABLE \"pages_hero_links\" ADD CONSTRAINT \"pages_hero_links_parent_id_fk\" FOREIGN KEY (\"_parent_id\") REFERENCES \"public\".\"pages\"(\"id\") ON DELETE cascade ON UPDATE no action;\n  ALTER TABLE \"pages_blocks_cta_links\" ADD CONSTRAINT \"pages_blocks_cta_links_parent_id_fk\" FOREIGN KEY (\"_parent_id\") REFERENCES \"public\".\"pages_blocks_cta\"(\"id\") ON DELETE cascade ON UPDATE no action;\n  ALTER TABLE \"pages_blocks_cta\" ADD CONSTRAINT \"pages_blocks_cta_parent_id_fk\" FOREIGN KEY (\"_parent_id\") REFERENCES \"public\".\"pages\"(\"id\") ON DELETE cascade ON UPDATE no action;\n  ALTER TABLE \"pages_blocks_content_columns\" ADD CONSTRAINT \"pages_blocks_content_columns_parent_id_fk\" FOREIGN KEY (\"_parent_id\") REFERENCES \"public\".\"pages_blocks_content\"(\"id\") ON DELETE cascade ON UPDATE no action;\n  ALTER TABLE \"pages_blocks_content\" ADD CONSTRAINT \"pages_blocks_content_parent_id_fk\" FOREIGN KEY (\"_parent_id\") REFERENCES \"public\".\"pages\"(\"id\") ON DELETE cascade ON UPDATE no action;\n  ALTER TABLE \"pages_blocks_media_block\" ADD CONSTRAINT \"pages_blocks_media_block_media_id_media_id_fk\" FOREIGN KEY (\"media_id\") REFERENCES \"public\".\"media\"(\"id\") ON DELETE set null ON UPDATE no action;\n  ALTER TABLE \"pages_blocks_media_block\" ADD CONSTRAINT \"pages_blocks_media_block_parent_id_fk\" FOREIGN KEY (\"_parent_id\") REFERENCES \"public\".\"pages\"(\"id\") ON DELETE cascade ON UPDATE no action;\n  ALTER TABLE \"pages_blocks_archive\" ADD CONSTRAINT \"pages_blocks_archive_parent_id_fk\" FOREIGN KEY (\"_parent_id\") REFERENCES \"public\".\"pages\"(\"id\") ON DELETE cascade ON UPDATE no action;\n  ALTER TABLE \"pages_blocks_carousel\" ADD CONSTRAINT \"pages_blocks_carousel_parent_id_fk\" FOREIGN KEY (\"_parent_id\") REFERENCES \"public\".\"pages\"(\"id\") ON DELETE cascade ON UPDATE no action;\n  ALTER TABLE \"pages_blocks_three_item_grid\" ADD CONSTRAINT \"pages_blocks_three_item_grid_parent_id_fk\" FOREIGN KEY (\"_parent_id\") REFERENCES \"public\".\"pages\"(\"id\") ON DELETE cascade ON UPDATE no action;\n  ALTER TABLE \"pages_blocks_banner\" ADD CONSTRAINT \"pages_blocks_banner_parent_id_fk\" FOREIGN KEY (\"_parent_id\") REFERENCES \"public\".\"pages\"(\"id\") ON DELETE cascade ON UPDATE no action;\n  ALTER TABLE \"pages_blocks_form_block\" ADD CONSTRAINT \"pages_blocks_form_block_form_id_forms_id_fk\" FOREIGN KEY (\"form_id\") REFERENCES \"public\".\"forms\"(\"id\") ON DELETE set null ON UPDATE no action;\n  ALTER TABLE \"pages_blocks_form_block\" ADD CONSTRAINT \"pages_blocks_form_block_parent_id_fk\" FOREIGN KEY (\"_parent_id\") REFERENCES \"public\".\"pages\"(\"id\") ON DELETE cascade ON UPDATE no action;\n  ALTER TABLE \"pages\" ADD CONSTRAINT \"pages_hero_media_id_media_id_fk\" FOREIGN KEY (\"hero_media_id\") REFERENCES \"public\".\"media\"(\"id\") ON DELETE set null ON UPDATE no action;\n  ALTER TABLE \"pages\" ADD CONSTRAINT \"pages_meta_image_id_media_id_fk\" FOREIGN KEY (\"meta_image_id\") REFERENCES \"public\".\"media\"(\"id\") ON DELETE set null ON UPDATE no action;\n  ALTER TABLE \"pages_rels\" ADD CONSTRAINT \"pages_rels_parent_fk\" FOREIGN KEY (\"parent_id\") REFERENCES \"public\".\"pages\"(\"id\") ON DELETE cascade ON UPDATE no action;\n  ALTER TABLE \"pages_rels\" ADD CONSTRAINT \"pages_rels_pages_fk\" FOREIGN KEY (\"pages_id\") REFERENCES \"public\".\"pages\"(\"id\") ON DELETE cascade ON UPDATE no action;\n  ALTER TABLE \"pages_rels\" ADD CONSTRAINT \"pages_rels_categories_fk\" FOREIGN KEY (\"categories_id\") REFERENCES \"public\".\"categories\"(\"id\") ON DELETE cascade ON UPDATE no action;\n  ALTER TABLE \"pages_rels\" ADD CONSTRAINT \"pages_rels_products_fk\" FOREIGN KEY (\"products_id\") REFERENCES \"public\".\"products\"(\"id\") ON DELETE cascade ON UPDATE no action;\n  ALTER TABLE \"_pages_v_version_hero_links\" ADD CONSTRAINT \"_pages_v_version_hero_links_parent_id_fk\" FOREIGN KEY (\"_parent_id\") REFERENCES \"public\".\"_pages_v\"(\"id\") ON DELETE cascade ON UPDATE no action;\n  ALTER TABLE \"_pages_v_blocks_cta_links\" ADD CONSTRAINT \"_pages_v_blocks_cta_links_parent_id_fk\" FOREIGN KEY (\"_parent_id\") REFERENCES \"public\".\"_pages_v_blocks_cta\"(\"id\") ON DELETE cascade ON UPDATE no action;\n  ALTER TABLE \"_pages_v_blocks_cta\" ADD CONSTRAINT \"_pages_v_blocks_cta_parent_id_fk\" FOREIGN KEY (\"_parent_id\") REFERENCES \"public\".\"_pages_v\"(\"id\") ON DELETE cascade ON UPDATE no action;\n  ALTER TABLE \"_pages_v_blocks_content_columns\" ADD CONSTRAINT \"_pages_v_blocks_content_columns_parent_id_fk\" FOREIGN KEY (\"_parent_id\") REFERENCES \"public\".\"_pages_v_blocks_content\"(\"id\") ON DELETE cascade ON UPDATE no action;\n  ALTER TABLE \"_pages_v_blocks_content\" ADD CONSTRAINT \"_pages_v_blocks_content_parent_id_fk\" FOREIGN KEY (\"_parent_id\") REFERENCES \"public\".\"_pages_v\"(\"id\") ON DELETE cascade ON UPDATE no action;\n  ALTER TABLE \"_pages_v_blocks_media_block\" ADD CONSTRAINT \"_pages_v_blocks_media_block_media_id_media_id_fk\" FOREIGN KEY (\"media_id\") REFERENCES \"public\".\"media\"(\"id\") ON DELETE set null ON UPDATE no action;\n  ALTER TABLE \"_pages_v_blocks_media_block\" ADD CONSTRAINT \"_pages_v_blocks_media_block_parent_id_fk\" FOREIGN KEY (\"_parent_id\") REFERENCES \"public\".\"_pages_v\"(\"id\") ON DELETE cascade ON UPDATE no action;\n  ALTER TABLE \"_pages_v_blocks_archive\" ADD CONSTRAINT \"_pages_v_blocks_archive_parent_id_fk\" FOREIGN KEY (\"_parent_id\") REFERENCES \"public\".\"_pages_v\"(\"id\") ON DELETE cascade ON UPDATE no action;\n  ALTER TABLE \"_pages_v_blocks_carousel\" ADD CONSTRAINT \"_pages_v_blocks_carousel_parent_id_fk\" FOREIGN KEY (\"_parent_id\") REFERENCES \"public\".\"_pages_v\"(\"id\") ON DELETE cascade ON UPDATE no action;\n  ALTER TABLE \"_pages_v_blocks_three_item_grid\" ADD CONSTRAINT \"_pages_v_blocks_three_item_grid_parent_id_fk\" FOREIGN KEY (\"_parent_id\") REFERENCES \"public\".\"_pages_v\"(\"id\") ON DELETE cascade ON UPDATE no action;\n  ALTER TABLE \"_pages_v_blocks_banner\" ADD CONSTRAINT \"_pages_v_blocks_banner_parent_id_fk\" FOREIGN KEY (\"_parent_id\") REFERENCES \"public\".\"_pages_v\"(\"id\") ON DELETE cascade ON UPDATE no action;\n  ALTER TABLE \"_pages_v_blocks_form_block\" ADD CONSTRAINT \"_pages_v_blocks_form_block_form_id_forms_id_fk\" FOREIGN KEY (\"form_id\") REFERENCES \"public\".\"forms\"(\"id\") ON DELETE set null ON UPDATE no action;\n  ALTER TABLE \"_pages_v_blocks_form_block\" ADD CONSTRAINT \"_pages_v_blocks_form_block_parent_id_fk\" FOREIGN KEY (\"_parent_id\") REFERENCES \"public\".\"_pages_v\"(\"id\") ON DELETE cascade ON UPDATE no action;\n  ALTER TABLE \"_pages_v\" ADD CONSTRAINT \"_pages_v_parent_id_pages_id_fk\" FOREIGN KEY (\"parent_id\") REFERENCES \"public\".\"pages\"(\"id\") ON DELETE set null ON UPDATE no action;\n  ALTER TABLE \"_pages_v\" ADD CONSTRAINT \"_pages_v_version_hero_media_id_media_id_fk\" FOREIGN KEY (\"version_hero_media_id\") REFERENCES \"public\".\"media\"(\"id\") ON DELETE set null ON UPDATE no action;\n  ALTER TABLE \"_pages_v\" ADD CONSTRAINT \"_pages_v_version_meta_image_id_media_id_fk\" FOREIGN KEY (\"version_meta_image_id\") REFERENCES \"public\".\"media\"(\"id\") ON DELETE set null ON UPDATE no action;\n  ALTER TABLE \"_pages_v_rels\" ADD CONSTRAINT \"_pages_v_rels_parent_fk\" FOREIGN KEY (\"parent_id\") REFERENCES \"public\".\"_pages_v\"(\"id\") ON DELETE cascade ON UPDATE no action;\n  ALTER TABLE \"_pages_v_rels\" ADD CONSTRAINT \"_pages_v_rels_pages_fk\" FOREIGN KEY (\"pages_id\") REFERENCES \"public\".\"pages\"(\"id\") ON DELETE cascade ON UPDATE no action;\n  ALTER TABLE \"_pages_v_rels\" ADD CONSTRAINT \"_pages_v_rels_categories_fk\" FOREIGN KEY (\"categories_id\") REFERENCES \"public\".\"categories\"(\"id\") ON DELETE cascade ON UPDATE no action;\n  ALTER TABLE \"_pages_v_rels\" ADD CONSTRAINT \"_pages_v_rels_products_fk\" FOREIGN KEY (\"products_id\") REFERENCES \"public\".\"products\"(\"id\") ON DELETE cascade ON UPDATE no action;\n  ALTER TABLE \"digital_assets\" ADD CONSTRAINT \"digital_assets_product_id_products_id_fk\" FOREIGN KEY (\"product_id\") REFERENCES \"public\".\"products\"(\"id\") ON DELETE set null ON UPDATE no action;\n  ALTER TABLE \"digital_assets\" ADD CONSTRAINT \"digital_assets_file_id_media_id_fk\" FOREIGN KEY (\"file_id\") REFERENCES \"public\".\"media\"(\"id\") ON DELETE set null ON UPDATE no action;\n  ALTER TABLE \"download_access\" ADD CONSTRAINT \"download_access_customer_id_users_id_fk\" FOREIGN KEY (\"customer_id\") REFERENCES \"public\".\"users\"(\"id\") ON DELETE set null ON UPDATE no action;\n  ALTER TABLE \"download_access\" ADD CONSTRAINT \"download_access_product_id_products_id_fk\" FOREIGN KEY (\"product_id\") REFERENCES \"public\".\"products\"(\"id\") ON DELETE set null ON UPDATE no action;\n  ALTER TABLE \"download_access\" ADD CONSTRAINT \"download_access_order_id_orders_id_fk\" FOREIGN KEY (\"order_id\") REFERENCES \"public\".\"orders\"(\"id\") ON DELETE set null ON UPDATE no action;\n  ALTER TABLE \"download_access\" ADD CONSTRAINT \"download_access_asset_id_digital_assets_id_fk\" FOREIGN KEY (\"asset_id\") REFERENCES \"public\".\"digital_assets\"(\"id\") ON DELETE set null ON UPDATE no action;\n  ALTER TABLE \"download_logs\" ADD CONSTRAINT \"download_logs_customer_id_users_id_fk\" FOREIGN KEY (\"customer_id\") REFERENCES \"public\".\"users\"(\"id\") ON DELETE set null ON UPDATE no action;\n  ALTER TABLE \"download_logs\" ADD CONSTRAINT \"download_logs_product_id_products_id_fk\" FOREIGN KEY (\"product_id\") REFERENCES \"public\".\"products\"(\"id\") ON DELETE set null ON UPDATE no action;\n  ALTER TABLE \"download_logs\" ADD CONSTRAINT \"download_logs_asset_id_digital_assets_id_fk\" FOREIGN KEY (\"asset_id\") REFERENCES \"public\".\"digital_assets\"(\"id\") ON DELETE set null ON UPDATE no action;\n  ALTER TABLE \"download_logs\" ADD CONSTRAINT \"download_logs_order_id_orders_id_fk\" FOREIGN KEY (\"order_id\") REFERENCES \"public\".\"orders\"(\"id\") ON DELETE set null ON UPDATE no action;\n  ALTER TABLE \"licenses\" ADD CONSTRAINT \"licenses_customer_id_users_id_fk\" FOREIGN KEY (\"customer_id\") REFERENCES \"public\".\"users\"(\"id\") ON DELETE set null ON UPDATE no action;\n  ALTER TABLE \"licenses\" ADD CONSTRAINT \"licenses_product_id_products_id_fk\" FOREIGN KEY (\"product_id\") REFERENCES \"public\".\"products\"(\"id\") ON DELETE set null ON UPDATE no action;\n  ALTER TABLE \"licenses\" ADD CONSTRAINT \"licenses_order_id_orders_id_fk\" FOREIGN KEY (\"order_id\") REFERENCES \"public\".\"orders\"(\"id\") ON DELETE set null ON UPDATE no action;\n  ALTER TABLE \"payment_transactions\" ADD CONSTRAINT \"payment_transactions_order_id_orders_id_fk\" FOREIGN KEY (\"order_id\") REFERENCES \"public\".\"orders\"(\"id\") ON DELETE set null ON UPDATE no action;\n  ALTER TABLE \"payment_transactions\" ADD CONSTRAINT \"payment_transactions_customer_id_users_id_fk\" FOREIGN KEY (\"customer_id\") REFERENCES \"public\".\"users\"(\"id\") ON DELETE set null ON UPDATE no action;\n  ALTER TABLE \"promo_banners\" ADD CONSTRAINT \"promo_banners_image_id_media_id_fk\" FOREIGN KEY (\"image_id\") REFERENCES \"public\".\"media\"(\"id\") ON DELETE set null ON UPDATE no action;\n  ALTER TABLE \"testimonials\" ADD CONSTRAINT \"testimonials_avatar_id_media_id_fk\" FOREIGN KEY (\"avatar_id\") REFERENCES \"public\".\"media\"(\"id\") ON DELETE set null ON UPDATE no action;\n  ALTER TABLE \"support_tickets\" ADD CONSTRAINT \"support_tickets_customer_id_users_id_fk\" FOREIGN KEY (\"customer_id\") REFERENCES \"public\".\"users\"(\"id\") ON DELETE set null ON UPDATE no action;\n  ALTER TABLE \"support_tickets\" ADD CONSTRAINT \"support_tickets_related_order_id_orders_id_fk\" FOREIGN KEY (\"related_order_id\") REFERENCES \"public\".\"orders\"(\"id\") ON DELETE set null ON UPDATE no action;\n  ALTER TABLE \"support_tickets\" ADD CONSTRAINT \"support_tickets_related_product_id_products_id_fk\" FOREIGN KEY (\"related_product_id\") REFERENCES \"public\".\"products\"(\"id\") ON DELETE set null ON UPDATE no action;\n  ALTER TABLE \"support_tickets\" ADD CONSTRAINT \"support_tickets_assigned_to_id_users_id_fk\" FOREIGN KEY (\"assigned_to_id\") REFERENCES \"public\".\"users\"(\"id\") ON DELETE set null ON UPDATE no action;\n  ALTER TABLE \"support_messages_attachments\" ADD CONSTRAINT \"support_messages_attachments_file_id_media_id_fk\" FOREIGN KEY (\"file_id\") REFERENCES \"public\".\"media\"(\"id\") ON DELETE set null ON UPDATE no action;\n  ALTER TABLE \"support_messages_attachments\" ADD CONSTRAINT \"support_messages_attachments_parent_id_fk\" FOREIGN KEY (\"_parent_id\") REFERENCES \"public\".\"support_messages\"(\"id\") ON DELETE cascade ON UPDATE no action;\n  ALTER TABLE \"support_messages\" ADD CONSTRAINT \"support_messages_ticket_id_support_tickets_id_fk\" FOREIGN KEY (\"ticket_id\") REFERENCES \"public\".\"support_tickets\"(\"id\") ON DELETE set null ON UPDATE no action;\n  ALTER TABLE \"support_messages\" ADD CONSTRAINT \"support_messages_sender_id_users_id_fk\" FOREIGN KEY (\"sender_id\") REFERENCES \"public\".\"users\"(\"id\") ON DELETE set null ON UPDATE no action;\n  ALTER TABLE \"stock_reservations\" ADD CONSTRAINT \"stock_reservations_product_id_products_id_fk\" FOREIGN KEY (\"product_id\") REFERENCES \"public\".\"products\"(\"id\") ON DELETE set null ON UPDATE no action;\n  ALTER TABLE \"stock_reservations\" ADD CONSTRAINT \"stock_reservations_order_id_orders_id_fk\" FOREIGN KEY (\"order_id\") REFERENCES \"public\".\"orders\"(\"id\") ON DELETE set null ON UPDATE no action;\n  ALTER TABLE \"stock_reservations\" ADD CONSTRAINT \"stock_reservations_customer_id_users_id_fk\" FOREIGN KEY (\"customer_id\") REFERENCES \"public\".\"users\"(\"id\") ON DELETE set null ON UPDATE no action;\n  ALTER TABLE \"forms_blocks_checkbox\" ADD CONSTRAINT \"forms_blocks_checkbox_parent_id_fk\" FOREIGN KEY (\"_parent_id\") REFERENCES \"public\".\"forms\"(\"id\") ON DELETE cascade ON UPDATE no action;\n  ALTER TABLE \"forms_blocks_country\" ADD CONSTRAINT \"forms_blocks_country_parent_id_fk\" FOREIGN KEY (\"_parent_id\") REFERENCES \"public\".\"forms\"(\"id\") ON DELETE cascade ON UPDATE no action;\n  ALTER TABLE \"forms_blocks_email\" ADD CONSTRAINT \"forms_blocks_email_parent_id_fk\" FOREIGN KEY (\"_parent_id\") REFERENCES \"public\".\"forms\"(\"id\") ON DELETE cascade ON UPDATE no action;\n  ALTER TABLE \"forms_blocks_message\" ADD CONSTRAINT \"forms_blocks_message_parent_id_fk\" FOREIGN KEY (\"_parent_id\") REFERENCES \"public\".\"forms\"(\"id\") ON DELETE cascade ON UPDATE no action;\n  ALTER TABLE \"forms_blocks_number\" ADD CONSTRAINT \"forms_blocks_number_parent_id_fk\" FOREIGN KEY (\"_parent_id\") REFERENCES \"public\".\"forms\"(\"id\") ON DELETE cascade ON UPDATE no action;\n  ALTER TABLE \"forms_blocks_select_options\" ADD CONSTRAINT \"forms_blocks_select_options_parent_id_fk\" FOREIGN KEY (\"_parent_id\") REFERENCES \"public\".\"forms_blocks_select\"(\"id\") ON DELETE cascade ON UPDATE no action;\n  ALTER TABLE \"forms_blocks_select\" ADD CONSTRAINT \"forms_blocks_select_parent_id_fk\" FOREIGN KEY (\"_parent_id\") REFERENCES \"public\".\"forms\"(\"id\") ON DELETE cascade ON UPDATE no action;\n  ALTER TABLE \"forms_blocks_state\" ADD CONSTRAINT \"forms_blocks_state_parent_id_fk\" FOREIGN KEY (\"_parent_id\") REFERENCES \"public\".\"forms\"(\"id\") ON DELETE cascade ON UPDATE no action;\n  ALTER TABLE \"forms_blocks_text\" ADD CONSTRAINT \"forms_blocks_text_parent_id_fk\" FOREIGN KEY (\"_parent_id\") REFERENCES \"public\".\"forms\"(\"id\") ON DELETE cascade ON UPDATE no action;\n  ALTER TABLE \"forms_blocks_textarea\" ADD CONSTRAINT \"forms_blocks_textarea_parent_id_fk\" FOREIGN KEY (\"_parent_id\") REFERENCES \"public\".\"forms\"(\"id\") ON DELETE cascade ON UPDATE no action;\n  ALTER TABLE \"forms_emails\" ADD CONSTRAINT \"forms_emails_parent_id_fk\" FOREIGN KEY (\"_parent_id\") REFERENCES \"public\".\"forms\"(\"id\") ON DELETE cascade ON UPDATE no action;\n  ALTER TABLE \"form_submissions_submission_data\" ADD CONSTRAINT \"form_submissions_submission_data_parent_id_fk\" FOREIGN KEY (\"_parent_id\") REFERENCES \"public\".\"form_submissions\"(\"id\") ON DELETE cascade ON UPDATE no action;\n  ALTER TABLE \"form_submissions\" ADD CONSTRAINT \"form_submissions_form_id_forms_id_fk\" FOREIGN KEY (\"form_id\") REFERENCES \"public\".\"forms\"(\"id\") ON DELETE set null ON UPDATE no action;\n  ALTER TABLE \"addresses\" ADD CONSTRAINT \"addresses_customer_id_users_id_fk\" FOREIGN KEY (\"customer_id\") REFERENCES \"public\".\"users\"(\"id\") ON DELETE set null ON UPDATE no action;\n  ALTER TABLE \"variants\" ADD CONSTRAINT \"variants_product_id_products_id_fk\" FOREIGN KEY (\"product_id\") REFERENCES \"public\".\"products\"(\"id\") ON DELETE set null ON UPDATE no action;\n  ALTER TABLE \"variants_rels\" ADD CONSTRAINT \"variants_rels_parent_fk\" FOREIGN KEY (\"parent_id\") REFERENCES \"public\".\"variants\"(\"id\") ON DELETE cascade ON UPDATE no action;\n  ALTER TABLE \"variants_rels\" ADD CONSTRAINT \"variants_rels_variant_options_fk\" FOREIGN KEY (\"variant_options_id\") REFERENCES \"public\".\"variant_options\"(\"id\") ON DELETE cascade ON UPDATE no action;\n  ALTER TABLE \"_variants_v\" ADD CONSTRAINT \"_variants_v_parent_id_variants_id_fk\" FOREIGN KEY (\"parent_id\") REFERENCES \"public\".\"variants\"(\"id\") ON DELETE set null ON UPDATE no action;\n  ALTER TABLE \"_variants_v\" ADD CONSTRAINT \"_variants_v_version_product_id_products_id_fk\" FOREIGN KEY (\"version_product_id\") REFERENCES \"public\".\"products\"(\"id\") ON DELETE set null ON UPDATE no action;\n  ALTER TABLE \"_variants_v_rels\" ADD CONSTRAINT \"_variants_v_rels_parent_fk\" FOREIGN KEY (\"parent_id\") REFERENCES \"public\".\"_variants_v\"(\"id\") ON DELETE cascade ON UPDATE no action;\n  ALTER TABLE \"_variants_v_rels\" ADD CONSTRAINT \"_variants_v_rels_variant_options_fk\" FOREIGN KEY (\"variant_options_id\") REFERENCES \"public\".\"variant_options\"(\"id\") ON DELETE cascade ON UPDATE no action;\n  ALTER TABLE \"variant_options\" ADD CONSTRAINT \"variant_options_variant_type_id_variant_types_id_fk\" FOREIGN KEY (\"variant_type_id\") REFERENCES \"public\".\"variant_types\"(\"id\") ON DELETE set null ON UPDATE no action;\n  ALTER TABLE \"products_gallery\" ADD CONSTRAINT \"products_gallery_image_id_media_id_fk\" FOREIGN KEY (\"image_id\") REFERENCES \"public\".\"media\"(\"id\") ON DELETE set null ON UPDATE no action;\n  ALTER TABLE \"products_gallery\" ADD CONSTRAINT \"products_gallery_variant_option_id_variant_options_id_fk\" FOREIGN KEY (\"variant_option_id\") REFERENCES \"public\".\"variant_options\"(\"id\") ON DELETE set null ON UPDATE no action;\n  ALTER TABLE \"products_gallery\" ADD CONSTRAINT \"products_gallery_parent_id_fk\" FOREIGN KEY (\"_parent_id\") REFERENCES \"public\".\"products\"(\"id\") ON DELETE cascade ON UPDATE no action;\n  ALTER TABLE \"products_blocks_cta_links\" ADD CONSTRAINT \"products_blocks_cta_links_parent_id_fk\" FOREIGN KEY (\"_parent_id\") REFERENCES \"public\".\"products_blocks_cta\"(\"id\") ON DELETE cascade ON UPDATE no action;\n  ALTER TABLE \"products_blocks_cta\" ADD CONSTRAINT \"products_blocks_cta_parent_id_fk\" FOREIGN KEY (\"_parent_id\") REFERENCES \"public\".\"products\"(\"id\") ON DELETE cascade ON UPDATE no action;\n  ALTER TABLE \"products_blocks_content_columns\" ADD CONSTRAINT \"products_blocks_content_columns_parent_id_fk\" FOREIGN KEY (\"_parent_id\") REFERENCES \"public\".\"products_blocks_content\"(\"id\") ON DELETE cascade ON UPDATE no action;\n  ALTER TABLE \"products_blocks_content\" ADD CONSTRAINT \"products_blocks_content_parent_id_fk\" FOREIGN KEY (\"_parent_id\") REFERENCES \"public\".\"products\"(\"id\") ON DELETE cascade ON UPDATE no action;\n  ALTER TABLE \"products_blocks_media_block\" ADD CONSTRAINT \"products_blocks_media_block_media_id_media_id_fk\" FOREIGN KEY (\"media_id\") REFERENCES \"public\".\"media\"(\"id\") ON DELETE set null ON UPDATE no action;\n  ALTER TABLE \"products_blocks_media_block\" ADD CONSTRAINT \"products_blocks_media_block_parent_id_fk\" FOREIGN KEY (\"_parent_id\") REFERENCES \"public\".\"products\"(\"id\") ON DELETE cascade ON UPDATE no action;\n  ALTER TABLE \"products_included_files\" ADD CONSTRAINT \"products_included_files_parent_id_fk\" FOREIGN KEY (\"_parent_id\") REFERENCES \"public\".\"products\"(\"id\") ON DELETE cascade ON UPDATE no action;\n  ALTER TABLE \"products_product_f_a_q\" ADD CONSTRAINT \"products_product_f_a_q_parent_id_fk\" FOREIGN KEY (\"_parent_id\") REFERENCES \"public\".\"products\"(\"id\") ON DELETE cascade ON UPDATE no action;\n  ALTER TABLE \"products\" ADD CONSTRAINT \"products_meta_image_id_media_id_fk\" FOREIGN KEY (\"meta_image_id\") REFERENCES \"public\".\"media\"(\"id\") ON DELETE set null ON UPDATE no action;\n  ALTER TABLE \"products_rels\" ADD CONSTRAINT \"products_rels_parent_fk\" FOREIGN KEY (\"parent_id\") REFERENCES \"public\".\"products\"(\"id\") ON DELETE cascade ON UPDATE no action;\n  ALTER TABLE \"products_rels\" ADD CONSTRAINT \"products_rels_pages_fk\" FOREIGN KEY (\"pages_id\") REFERENCES \"public\".\"pages\"(\"id\") ON DELETE cascade ON UPDATE no action;\n  ALTER TABLE \"products_rels\" ADD CONSTRAINT \"products_rels_variant_types_fk\" FOREIGN KEY (\"variant_types_id\") REFERENCES \"public\".\"variant_types\"(\"id\") ON DELETE cascade ON UPDATE no action;\n  ALTER TABLE \"products_rels\" ADD CONSTRAINT \"products_rels_products_fk\" FOREIGN KEY (\"products_id\") REFERENCES \"public\".\"products\"(\"id\") ON DELETE cascade ON UPDATE no action;\n  ALTER TABLE \"products_rels\" ADD CONSTRAINT \"products_rels_categories_fk\" FOREIGN KEY (\"categories_id\") REFERENCES \"public\".\"categories\"(\"id\") ON DELETE cascade ON UPDATE no action;\n  ALTER TABLE \"_products_v_version_gallery\" ADD CONSTRAINT \"_products_v_version_gallery_image_id_media_id_fk\" FOREIGN KEY (\"image_id\") REFERENCES \"public\".\"media\"(\"id\") ON DELETE set null ON UPDATE no action;\n  ALTER TABLE \"_products_v_version_gallery\" ADD CONSTRAINT \"_products_v_version_gallery_variant_option_id_variant_options_id_fk\" FOREIGN KEY (\"variant_option_id\") REFERENCES \"public\".\"variant_options\"(\"id\") ON DELETE set null ON UPDATE no action;\n  ALTER TABLE \"_products_v_version_gallery\" ADD CONSTRAINT \"_products_v_version_gallery_parent_id_fk\" FOREIGN KEY (\"_parent_id\") REFERENCES \"public\".\"_products_v\"(\"id\") ON DELETE cascade ON UPDATE no action;\n  ALTER TABLE \"_products_v_blocks_cta_links\" ADD CONSTRAINT \"_products_v_blocks_cta_links_parent_id_fk\" FOREIGN KEY (\"_parent_id\") REFERENCES \"public\".\"_products_v_blocks_cta\"(\"id\") ON DELETE cascade ON UPDATE no action;\n  ALTER TABLE \"_products_v_blocks_cta\" ADD CONSTRAINT \"_products_v_blocks_cta_parent_id_fk\" FOREIGN KEY (\"_parent_id\") REFERENCES \"public\".\"_products_v\"(\"id\") ON DELETE cascade ON UPDATE no action;\n  ALTER TABLE \"_products_v_blocks_content_columns\" ADD CONSTRAINT \"_products_v_blocks_content_columns_parent_id_fk\" FOREIGN KEY (\"_parent_id\") REFERENCES \"public\".\"_products_v_blocks_content\"(\"id\") ON DELETE cascade ON UPDATE no action;\n  ALTER TABLE \"_products_v_blocks_content\" ADD CONSTRAINT \"_products_v_blocks_content_parent_id_fk\" FOREIGN KEY (\"_parent_id\") REFERENCES \"public\".\"_products_v\"(\"id\") ON DELETE cascade ON UPDATE no action;\n  ALTER TABLE \"_products_v_blocks_media_block\" ADD CONSTRAINT \"_products_v_blocks_media_block_media_id_media_id_fk\" FOREIGN KEY (\"media_id\") REFERENCES \"public\".\"media\"(\"id\") ON DELETE set null ON UPDATE no action;\n  ALTER TABLE \"_products_v_blocks_media_block\" ADD CONSTRAINT \"_products_v_blocks_media_block_parent_id_fk\" FOREIGN KEY (\"_parent_id\") REFERENCES \"public\".\"_products_v\"(\"id\") ON DELETE cascade ON UPDATE no action;\n  ALTER TABLE \"_products_v_version_included_files\" ADD CONSTRAINT \"_products_v_version_included_files_parent_id_fk\" FOREIGN KEY (\"_parent_id\") REFERENCES \"public\".\"_products_v\"(\"id\") ON DELETE cascade ON UPDATE no action;\n  ALTER TABLE \"_products_v_version_product_f_a_q\" ADD CONSTRAINT \"_products_v_version_product_f_a_q_parent_id_fk\" FOREIGN KEY (\"_parent_id\") REFERENCES \"public\".\"_products_v\"(\"id\") ON DELETE cascade ON UPDATE no action;\n  ALTER TABLE \"_products_v\" ADD CONSTRAINT \"_products_v_parent_id_products_id_fk\" FOREIGN KEY (\"parent_id\") REFERENCES \"public\".\"products\"(\"id\") ON DELETE set null ON UPDATE no action;\n  ALTER TABLE \"_products_v\" ADD CONSTRAINT \"_products_v_version_meta_image_id_media_id_fk\" FOREIGN KEY (\"version_meta_image_id\") REFERENCES \"public\".\"media\"(\"id\") ON DELETE set null ON UPDATE no action;\n  ALTER TABLE \"_products_v_rels\" ADD CONSTRAINT \"_products_v_rels_parent_fk\" FOREIGN KEY (\"parent_id\") REFERENCES \"public\".\"_products_v\"(\"id\") ON DELETE cascade ON UPDATE no action;\n  ALTER TABLE \"_products_v_rels\" ADD CONSTRAINT \"_products_v_rels_pages_fk\" FOREIGN KEY (\"pages_id\") REFERENCES \"public\".\"pages\"(\"id\") ON DELETE cascade ON UPDATE no action;\n  ALTER TABLE \"_products_v_rels\" ADD CONSTRAINT \"_products_v_rels_variant_types_fk\" FOREIGN KEY (\"variant_types_id\") REFERENCES \"public\".\"variant_types\"(\"id\") ON DELETE cascade ON UPDATE no action;\n  ALTER TABLE \"_products_v_rels\" ADD CONSTRAINT \"_products_v_rels_products_fk\" FOREIGN KEY (\"products_id\") REFERENCES \"public\".\"products\"(\"id\") ON DELETE cascade ON UPDATE no action;\n  ALTER TABLE \"_products_v_rels\" ADD CONSTRAINT \"_products_v_rels_categories_fk\" FOREIGN KEY (\"categories_id\") REFERENCES \"public\".\"categories\"(\"id\") ON DELETE cascade ON UPDATE no action;\n  ALTER TABLE \"carts_items\" ADD CONSTRAINT \"carts_items_product_id_products_id_fk\" FOREIGN KEY (\"product_id\") REFERENCES \"public\".\"products\"(\"id\") ON DELETE set null ON UPDATE no action;\n  ALTER TABLE \"carts_items\" ADD CONSTRAINT \"carts_items_variant_id_variants_id_fk\" FOREIGN KEY (\"variant_id\") REFERENCES \"public\".\"variants\"(\"id\") ON DELETE set null ON UPDATE no action;\n  ALTER TABLE \"carts_items\" ADD CONSTRAINT \"carts_items_parent_id_fk\" FOREIGN KEY (\"_parent_id\") REFERENCES \"public\".\"carts\"(\"id\") ON DELETE cascade ON UPDATE no action;\n  ALTER TABLE \"carts\" ADD CONSTRAINT \"carts_customer_id_users_id_fk\" FOREIGN KEY (\"customer_id\") REFERENCES \"public\".\"users\"(\"id\") ON DELETE set null ON UPDATE no action;\n  ALTER TABLE \"orders_items\" ADD CONSTRAINT \"orders_items_product_id_products_id_fk\" FOREIGN KEY (\"product_id\") REFERENCES \"public\".\"products\"(\"id\") ON DELETE set null ON UPDATE no action;\n  ALTER TABLE \"orders_items\" ADD CONSTRAINT \"orders_items_variant_id_variants_id_fk\" FOREIGN KEY (\"variant_id\") REFERENCES \"public\".\"variants\"(\"id\") ON DELETE set null ON UPDATE no action;\n  ALTER TABLE \"orders_items\" ADD CONSTRAINT \"orders_items_parent_id_fk\" FOREIGN KEY (\"_parent_id\") REFERENCES \"public\".\"orders\"(\"id\") ON DELETE cascade ON UPDATE no action;\n  ALTER TABLE \"orders\" ADD CONSTRAINT \"orders_customer_id_users_id_fk\" FOREIGN KEY (\"customer_id\") REFERENCES \"public\".\"users\"(\"id\") ON DELETE set null ON UPDATE no action;\n  ALTER TABLE \"orders_rels\" ADD CONSTRAINT \"orders_rels_parent_fk\" FOREIGN KEY (\"parent_id\") REFERENCES \"public\".\"orders\"(\"id\") ON DELETE cascade ON UPDATE no action;\n  ALTER TABLE \"orders_rels\" ADD CONSTRAINT \"orders_rels_transactions_fk\" FOREIGN KEY (\"transactions_id\") REFERENCES \"public\".\"transactions\"(\"id\") ON DELETE cascade ON UPDATE no action;\n  ALTER TABLE \"transactions_items\" ADD CONSTRAINT \"transactions_items_product_id_products_id_fk\" FOREIGN KEY (\"product_id\") REFERENCES \"public\".\"products\"(\"id\") ON DELETE set null ON UPDATE no action;\n  ALTER TABLE \"transactions_items\" ADD CONSTRAINT \"transactions_items_variant_id_variants_id_fk\" FOREIGN KEY (\"variant_id\") REFERENCES \"public\".\"variants\"(\"id\") ON DELETE set null ON UPDATE no action;\n  ALTER TABLE \"transactions_items\" ADD CONSTRAINT \"transactions_items_parent_id_fk\" FOREIGN KEY (\"_parent_id\") REFERENCES \"public\".\"transactions\"(\"id\") ON DELETE cascade ON UPDATE no action;\n  ALTER TABLE \"transactions\" ADD CONSTRAINT \"transactions_customer_id_users_id_fk\" FOREIGN KEY (\"customer_id\") REFERENCES \"public\".\"users\"(\"id\") ON DELETE set null ON UPDATE no action;\n  ALTER TABLE \"transactions\" ADD CONSTRAINT \"transactions_order_id_orders_id_fk\" FOREIGN KEY (\"order_id\") REFERENCES \"public\".\"orders\"(\"id\") ON DELETE set null ON UPDATE no action;\n  ALTER TABLE \"transactions\" ADD CONSTRAINT \"transactions_cart_id_carts_id_fk\" FOREIGN KEY (\"cart_id\") REFERENCES \"public\".\"carts\"(\"id\") ON DELETE set null ON UPDATE no action;\n  ALTER TABLE \"payload_locked_documents_rels\" ADD CONSTRAINT \"payload_locked_documents_rels_parent_fk\" FOREIGN KEY (\"parent_id\") REFERENCES \"public\".\"payload_locked_documents\"(\"id\") ON DELETE cascade ON UPDATE no action;\n  ALTER TABLE \"payload_locked_documents_rels\" ADD CONSTRAINT \"payload_locked_documents_rels_users_fk\" FOREIGN KEY (\"users_id\") REFERENCES \"public\".\"users\"(\"id\") ON DELETE cascade ON UPDATE no action;\n  ALTER TABLE \"payload_locked_documents_rels\" ADD CONSTRAINT \"payload_locked_documents_rels_pages_fk\" FOREIGN KEY (\"pages_id\") REFERENCES \"public\".\"pages\"(\"id\") ON DELETE cascade ON UPDATE no action;\n  ALTER TABLE \"payload_locked_documents_rels\" ADD CONSTRAINT \"payload_locked_documents_rels_categories_fk\" FOREIGN KEY (\"categories_id\") REFERENCES \"public\".\"categories\"(\"id\") ON DELETE cascade ON UPDATE no action;\n  ALTER TABLE \"payload_locked_documents_rels\" ADD CONSTRAINT \"payload_locked_documents_rels_media_fk\" FOREIGN KEY (\"media_id\") REFERENCES \"public\".\"media\"(\"id\") ON DELETE cascade ON UPDATE no action;\n  ALTER TABLE \"payload_locked_documents_rels\" ADD CONSTRAINT \"payload_locked_documents_rels_digital_assets_fk\" FOREIGN KEY (\"digital_assets_id\") REFERENCES \"public\".\"digital_assets\"(\"id\") ON DELETE cascade ON UPDATE no action;\n  ALTER TABLE \"payload_locked_documents_rels\" ADD CONSTRAINT \"payload_locked_documents_rels_download_access_fk\" FOREIGN KEY (\"download_access_id\") REFERENCES \"public\".\"download_access\"(\"id\") ON DELETE cascade ON UPDATE no action;\n  ALTER TABLE \"payload_locked_documents_rels\" ADD CONSTRAINT \"payload_locked_documents_rels_download_logs_fk\" FOREIGN KEY (\"download_logs_id\") REFERENCES \"public\".\"download_logs\"(\"id\") ON DELETE cascade ON UPDATE no action;\n  ALTER TABLE \"payload_locked_documents_rels\" ADD CONSTRAINT \"payload_locked_documents_rels_licenses_fk\" FOREIGN KEY (\"licenses_id\") REFERENCES \"public\".\"licenses\"(\"id\") ON DELETE cascade ON UPDATE no action;\n  ALTER TABLE \"payload_locked_documents_rels\" ADD CONSTRAINT \"payload_locked_documents_rels_payment_transactions_fk\" FOREIGN KEY (\"payment_transactions_id\") REFERENCES \"public\".\"payment_transactions\"(\"id\") ON DELETE cascade ON UPDATE no action;\n  ALTER TABLE \"payload_locked_documents_rels\" ADD CONSTRAINT \"payload_locked_documents_rels_coupons_fk\" FOREIGN KEY (\"coupons_id\") REFERENCES \"public\".\"coupons\"(\"id\") ON DELETE cascade ON UPDATE no action;\n  ALTER TABLE \"payload_locked_documents_rels\" ADD CONSTRAINT \"payload_locked_documents_rels_promo_banners_fk\" FOREIGN KEY (\"promo_banners_id\") REFERENCES \"public\".\"promo_banners\"(\"id\") ON DELETE cascade ON UPDATE no action;\n  ALTER TABLE \"payload_locked_documents_rels\" ADD CONSTRAINT \"payload_locked_documents_rels_testimonials_fk\" FOREIGN KEY (\"testimonials_id\") REFERENCES \"public\".\"testimonials\"(\"id\") ON DELETE cascade ON UPDATE no action;\n  ALTER TABLE \"payload_locked_documents_rels\" ADD CONSTRAINT \"payload_locked_documents_rels_support_tickets_fk\" FOREIGN KEY (\"support_tickets_id\") REFERENCES \"public\".\"support_tickets\"(\"id\") ON DELETE cascade ON UPDATE no action;\n  ALTER TABLE \"payload_locked_documents_rels\" ADD CONSTRAINT \"payload_locked_documents_rels_support_messages_fk\" FOREIGN KEY (\"support_messages_id\") REFERENCES \"public\".\"support_messages\"(\"id\") ON DELETE cascade ON UPDATE no action;\n  ALTER TABLE \"payload_locked_documents_rels\" ADD CONSTRAINT \"payload_locked_documents_rels_email_templates_fk\" FOREIGN KEY (\"email_templates_id\") REFERENCES \"public\".\"email_templates\"(\"id\") ON DELETE cascade ON UPDATE no action;\n  ALTER TABLE \"payload_locked_documents_rels\" ADD CONSTRAINT \"payload_locked_documents_rels_stock_reservations_fk\" FOREIGN KEY (\"stock_reservations_id\") REFERENCES \"public\".\"stock_reservations\"(\"id\") ON DELETE cascade ON UPDATE no action;\n  ALTER TABLE \"payload_locked_documents_rels\" ADD CONSTRAINT \"payload_locked_documents_rels_forms_fk\" FOREIGN KEY (\"forms_id\") REFERENCES \"public\".\"forms\"(\"id\") ON DELETE cascade ON UPDATE no action;\n  ALTER TABLE \"payload_locked_documents_rels\" ADD CONSTRAINT \"payload_locked_documents_rels_form_submissions_fk\" FOREIGN KEY (\"form_submissions_id\") REFERENCES \"public\".\"form_submissions\"(\"id\") ON DELETE cascade ON UPDATE no action;\n  ALTER TABLE \"payload_locked_documents_rels\" ADD CONSTRAINT \"payload_locked_documents_rels_addresses_fk\" FOREIGN KEY (\"addresses_id\") REFERENCES \"public\".\"addresses\"(\"id\") ON DELETE cascade ON UPDATE no action;\n  ALTER TABLE \"payload_locked_documents_rels\" ADD CONSTRAINT \"payload_locked_documents_rels_variants_fk\" FOREIGN KEY (\"variants_id\") REFERENCES \"public\".\"variants\"(\"id\") ON DELETE cascade ON UPDATE no action;\n  ALTER TABLE \"payload_locked_documents_rels\" ADD CONSTRAINT \"payload_locked_documents_rels_variant_types_fk\" FOREIGN KEY (\"variant_types_id\") REFERENCES \"public\".\"variant_types\"(\"id\") ON DELETE cascade ON UPDATE no action;\n  ALTER TABLE \"payload_locked_documents_rels\" ADD CONSTRAINT \"payload_locked_documents_rels_variant_options_fk\" FOREIGN KEY (\"variant_options_id\") REFERENCES \"public\".\"variant_options\"(\"id\") ON DELETE cascade ON UPDATE no action;\n  ALTER TABLE \"payload_locked_documents_rels\" ADD CONSTRAINT \"payload_locked_documents_rels_products_fk\" FOREIGN KEY (\"products_id\") REFERENCES \"public\".\"products\"(\"id\") ON DELETE cascade ON UPDATE no action;\n  ALTER TABLE \"payload_locked_documents_rels\" ADD CONSTRAINT \"payload_locked_documents_rels_carts_fk\" FOREIGN KEY (\"carts_id\") REFERENCES \"public\".\"carts\"(\"id\") ON DELETE cascade ON UPDATE no action;\n  ALTER TABLE \"payload_locked_documents_rels\" ADD CONSTRAINT \"payload_locked_documents_rels_orders_fk\" FOREIGN KEY (\"orders_id\") REFERENCES \"public\".\"orders\"(\"id\") ON DELETE cascade ON UPDATE no action;\n  ALTER TABLE \"payload_locked_documents_rels\" ADD CONSTRAINT \"payload_locked_documents_rels_transactions_fk\" FOREIGN KEY (\"transactions_id\") REFERENCES \"public\".\"transactions\"(\"id\") ON DELETE cascade ON UPDATE no action;\n  ALTER TABLE \"payload_preferences_rels\" ADD CONSTRAINT \"payload_preferences_rels_parent_fk\" FOREIGN KEY (\"parent_id\") REFERENCES \"public\".\"payload_preferences\"(\"id\") ON DELETE cascade ON UPDATE no action;\n  ALTER TABLE \"payload_preferences_rels\" ADD CONSTRAINT \"payload_preferences_rels_users_fk\" FOREIGN KEY (\"users_id\") REFERENCES \"public\".\"users\"(\"id\") ON DELETE cascade ON UPDATE no action;\n  ALTER TABLE \"header_nav_items\" ADD CONSTRAINT \"header_nav_items_parent_id_fk\" FOREIGN KEY (\"_parent_id\") REFERENCES \"public\".\"header\"(\"id\") ON DELETE cascade ON UPDATE no action;\n  ALTER TABLE \"header_rels\" ADD CONSTRAINT \"header_rels_parent_fk\" FOREIGN KEY (\"parent_id\") REFERENCES \"public\".\"header\"(\"id\") ON DELETE cascade ON UPDATE no action;\n  ALTER TABLE \"header_rels\" ADD CONSTRAINT \"header_rels_pages_fk\" FOREIGN KEY (\"pages_id\") REFERENCES \"public\".\"pages\"(\"id\") ON DELETE cascade ON UPDATE no action;\n  ALTER TABLE \"footer_nav_items\" ADD CONSTRAINT \"footer_nav_items_parent_id_fk\" FOREIGN KEY (\"_parent_id\") REFERENCES \"public\".\"footer\"(\"id\") ON DELETE cascade ON UPDATE no action;\n  ALTER TABLE \"footer_rels\" ADD CONSTRAINT \"footer_rels_parent_fk\" FOREIGN KEY (\"parent_id\") REFERENCES \"public\".\"footer\"(\"id\") ON DELETE cascade ON UPDATE no action;\n  ALTER TABLE \"footer_rels\" ADD CONSTRAINT \"footer_rels_pages_fk\" FOREIGN KEY (\"pages_id\") REFERENCES \"public\".\"pages\"(\"id\") ON DELETE cascade ON UPDATE no action;\n  ALTER TABLE \"settings_trust_badges_partner_logos\" ADD CONSTRAINT \"settings_trust_badges_partner_logos_logo_id_media_id_fk\" FOREIGN KEY (\"logo_id\") REFERENCES \"public\".\"media\"(\"id\") ON DELETE set null ON UPDATE no action;\n  ALTER TABLE \"settings_trust_badges_partner_logos\" ADD CONSTRAINT \"settings_trust_badges_partner_logos_parent_id_fk\" FOREIGN KEY (\"_parent_id\") REFERENCES \"public\".\"settings\"(\"id\") ON DELETE cascade ON UPDATE no action;\n  ALTER TABLE \"settings\" ADD CONSTRAINT \"settings_logo_id_media_id_fk\" FOREIGN KEY (\"logo_id\") REFERENCES \"public\".\"media\"(\"id\") ON DELETE set null ON UPDATE no action;\n  ALTER TABLE \"settings\" ADD CONSTRAINT \"settings_favicon_id_media_id_fk\" FOREIGN KEY (\"favicon_id\") REFERENCES \"public\".\"media\"(\"id\") ON DELETE set null ON UPDATE no action;\n  ALTER TABLE \"settings\" ADD CONSTRAINT \"settings_legal_pages_terms_page_id_pages_id_fk\" FOREIGN KEY (\"legal_pages_terms_page_id\") REFERENCES \"public\".\"pages\"(\"id\") ON DELETE set null ON UPDATE no action;\n  ALTER TABLE \"settings\" ADD CONSTRAINT \"settings_legal_pages_privacy_page_id_pages_id_fk\" FOREIGN KEY (\"legal_pages_privacy_page_id\") REFERENCES \"public\".\"pages\"(\"id\") ON DELETE set null ON UPDATE no action;\n  ALTER TABLE \"settings\" ADD CONSTRAINT \"settings_legal_pages_refund_page_id_pages_id_fk\" FOREIGN KEY (\"legal_pages_refund_page_id\") REFERENCES \"public\".\"pages\"(\"id\") ON DELETE set null ON UPDATE no action;\n  CREATE INDEX \"users_roles_order_idx\" ON \"users_roles\" USING btree (\"order\");\n  CREATE INDEX \"users_roles_parent_idx\" ON \"users_roles\" USING btree (\"parent_id\");\n  CREATE INDEX \"users_sessions_order_idx\" ON \"users_sessions\" USING btree (\"_order\");\n  CREATE INDEX \"users_sessions_parent_id_idx\" ON \"users_sessions\" USING btree (\"_parent_id\");\n  CREATE UNIQUE INDEX \"users_google_id_idx\" ON \"users\" USING btree (\"google_id\");\n  CREATE INDEX \"users_avatar_idx\" ON \"users\" USING btree (\"avatar_id\");\n  CREATE INDEX \"users_updated_at_idx\" ON \"users\" USING btree (\"updated_at\");\n  CREATE INDEX \"users_created_at_idx\" ON \"users\" USING btree (\"created_at\");\n  CREATE UNIQUE INDEX \"users_email_idx\" ON \"users\" USING btree (\"email\");\n  CREATE INDEX \"pages_hero_links_order_idx\" ON \"pages_hero_links\" USING btree (\"_order\");\n  CREATE INDEX \"pages_hero_links_parent_id_idx\" ON \"pages_hero_links\" USING btree (\"_parent_id\");\n  CREATE INDEX \"pages_blocks_cta_links_order_idx\" ON \"pages_blocks_cta_links\" USING btree (\"_order\");\n  CREATE INDEX \"pages_blocks_cta_links_parent_id_idx\" ON \"pages_blocks_cta_links\" USING btree (\"_parent_id\");\n  CREATE INDEX \"pages_blocks_cta_order_idx\" ON \"pages_blocks_cta\" USING btree (\"_order\");\n  CREATE INDEX \"pages_blocks_cta_parent_id_idx\" ON \"pages_blocks_cta\" USING btree (\"_parent_id\");\n  CREATE INDEX \"pages_blocks_cta_path_idx\" ON \"pages_blocks_cta\" USING btree (\"_path\");\n  CREATE INDEX \"pages_blocks_content_columns_order_idx\" ON \"pages_blocks_content_columns\" USING btree (\"_order\");\n  CREATE INDEX \"pages_blocks_content_columns_parent_id_idx\" ON \"pages_blocks_content_columns\" USING btree (\"_parent_id\");\n  CREATE INDEX \"pages_blocks_content_order_idx\" ON \"pages_blocks_content\" USING btree (\"_order\");\n  CREATE INDEX \"pages_blocks_content_parent_id_idx\" ON \"pages_blocks_content\" USING btree (\"_parent_id\");\n  CREATE INDEX \"pages_blocks_content_path_idx\" ON \"pages_blocks_content\" USING btree (\"_path\");\n  CREATE INDEX \"pages_blocks_media_block_order_idx\" ON \"pages_blocks_media_block\" USING btree (\"_order\");\n  CREATE INDEX \"pages_blocks_media_block_parent_id_idx\" ON \"pages_blocks_media_block\" USING btree (\"_parent_id\");\n  CREATE INDEX \"pages_blocks_media_block_path_idx\" ON \"pages_blocks_media_block\" USING btree (\"_path\");\n  CREATE INDEX \"pages_blocks_media_block_media_idx\" ON \"pages_blocks_media_block\" USING btree (\"media_id\");\n  CREATE INDEX \"pages_blocks_archive_order_idx\" ON \"pages_blocks_archive\" USING btree (\"_order\");\n  CREATE INDEX \"pages_blocks_archive_parent_id_idx\" ON \"pages_blocks_archive\" USING btree (\"_parent_id\");\n  CREATE INDEX \"pages_blocks_archive_path_idx\" ON \"pages_blocks_archive\" USING btree (\"_path\");\n  CREATE INDEX \"pages_blocks_carousel_order_idx\" ON \"pages_blocks_carousel\" USING btree (\"_order\");\n  CREATE INDEX \"pages_blocks_carousel_parent_id_idx\" ON \"pages_blocks_carousel\" USING btree (\"_parent_id\");\n  CREATE INDEX \"pages_blocks_carousel_path_idx\" ON \"pages_blocks_carousel\" USING btree (\"_path\");\n  CREATE INDEX \"pages_blocks_three_item_grid_order_idx\" ON \"pages_blocks_three_item_grid\" USING btree (\"_order\");\n  CREATE INDEX \"pages_blocks_three_item_grid_parent_id_idx\" ON \"pages_blocks_three_item_grid\" USING btree (\"_parent_id\");\n  CREATE INDEX \"pages_blocks_three_item_grid_path_idx\" ON \"pages_blocks_three_item_grid\" USING btree (\"_path\");\n  CREATE INDEX \"pages_blocks_banner_order_idx\" ON \"pages_blocks_banner\" USING btree (\"_order\");\n  CREATE INDEX \"pages_blocks_banner_parent_id_idx\" ON \"pages_blocks_banner\" USING btree (\"_parent_id\");\n  CREATE INDEX \"pages_blocks_banner_path_idx\" ON \"pages_blocks_banner\" USING btree (\"_path\");\n  CREATE INDEX \"pages_blocks_form_block_order_idx\" ON \"pages_blocks_form_block\" USING btree (\"_order\");\n  CREATE INDEX \"pages_blocks_form_block_parent_id_idx\" ON \"pages_blocks_form_block\" USING btree (\"_parent_id\");\n  CREATE INDEX \"pages_blocks_form_block_path_idx\" ON \"pages_blocks_form_block\" USING btree (\"_path\");\n  CREATE INDEX \"pages_blocks_form_block_form_idx\" ON \"pages_blocks_form_block\" USING btree (\"form_id\");\n  CREATE INDEX \"pages_hero_hero_media_idx\" ON \"pages\" USING btree (\"hero_media_id\");\n  CREATE INDEX \"pages_meta_meta_image_idx\" ON \"pages\" USING btree (\"meta_image_id\");\n  CREATE UNIQUE INDEX \"pages_slug_idx\" ON \"pages\" USING btree (\"slug\");\n  CREATE INDEX \"pages_updated_at_idx\" ON \"pages\" USING btree (\"updated_at\");\n  CREATE INDEX \"pages_created_at_idx\" ON \"pages\" USING btree (\"created_at\");\n  CREATE INDEX \"pages__status_idx\" ON \"pages\" USING btree (\"_status\");\n  CREATE INDEX \"pages_rels_order_idx\" ON \"pages_rels\" USING btree (\"order\");\n  CREATE INDEX \"pages_rels_parent_idx\" ON \"pages_rels\" USING btree (\"parent_id\");\n  CREATE INDEX \"pages_rels_path_idx\" ON \"pages_rels\" USING btree (\"path\");\n  CREATE INDEX \"pages_rels_pages_id_idx\" ON \"pages_rels\" USING btree (\"pages_id\");\n  CREATE INDEX \"pages_rels_categories_id_idx\" ON \"pages_rels\" USING btree (\"categories_id\");\n  CREATE INDEX \"pages_rels_products_id_idx\" ON \"pages_rels\" USING btree (\"products_id\");\n  CREATE INDEX \"_pages_v_version_hero_links_order_idx\" ON \"_pages_v_version_hero_links\" USING btree (\"_order\");\n  CREATE INDEX \"_pages_v_version_hero_links_parent_id_idx\" ON \"_pages_v_version_hero_links\" USING btree (\"_parent_id\");\n  CREATE INDEX \"_pages_v_blocks_cta_links_order_idx\" ON \"_pages_v_blocks_cta_links\" USING btree (\"_order\");\n  CREATE INDEX \"_pages_v_blocks_cta_links_parent_id_idx\" ON \"_pages_v_blocks_cta_links\" USING btree (\"_parent_id\");\n  CREATE INDEX \"_pages_v_blocks_cta_order_idx\" ON \"_pages_v_blocks_cta\" USING btree (\"_order\");\n  CREATE INDEX \"_pages_v_blocks_cta_parent_id_idx\" ON \"_pages_v_blocks_cta\" USING btree (\"_parent_id\");\n  CREATE INDEX \"_pages_v_blocks_cta_path_idx\" ON \"_pages_v_blocks_cta\" USING btree (\"_path\");\n  CREATE INDEX \"_pages_v_blocks_content_columns_order_idx\" ON \"_pages_v_blocks_content_columns\" USING btree (\"_order\");\n  CREATE INDEX \"_pages_v_blocks_content_columns_parent_id_idx\" ON \"_pages_v_blocks_content_columns\" USING btree (\"_parent_id\");\n  CREATE INDEX \"_pages_v_blocks_content_order_idx\" ON \"_pages_v_blocks_content\" USING btree (\"_order\");\n  CREATE INDEX \"_pages_v_blocks_content_parent_id_idx\" ON \"_pages_v_blocks_content\" USING btree (\"_parent_id\");\n  CREATE INDEX \"_pages_v_blocks_content_path_idx\" ON \"_pages_v_blocks_content\" USING btree (\"_path\");\n  CREATE INDEX \"_pages_v_blocks_media_block_order_idx\" ON \"_pages_v_blocks_media_block\" USING btree (\"_order\");\n  CREATE INDEX \"_pages_v_blocks_media_block_parent_id_idx\" ON \"_pages_v_blocks_media_block\" USING btree (\"_parent_id\");\n  CREATE INDEX \"_pages_v_blocks_media_block_path_idx\" ON \"_pages_v_blocks_media_block\" USING btree (\"_path\");\n  CREATE INDEX \"_pages_v_blocks_media_block_media_idx\" ON \"_pages_v_blocks_media_block\" USING btree (\"media_id\");\n  CREATE INDEX \"_pages_v_blocks_archive_order_idx\" ON \"_pages_v_blocks_archive\" USING btree (\"_order\");\n  CREATE INDEX \"_pages_v_blocks_archive_parent_id_idx\" ON \"_pages_v_blocks_archive\" USING btree (\"_parent_id\");\n  CREATE INDEX \"_pages_v_blocks_archive_path_idx\" ON \"_pages_v_blocks_archive\" USING btree (\"_path\");\n  CREATE INDEX \"_pages_v_blocks_carousel_order_idx\" ON \"_pages_v_blocks_carousel\" USING btree (\"_order\");\n  CREATE INDEX \"_pages_v_blocks_carousel_parent_id_idx\" ON \"_pages_v_blocks_carousel\" USING btree (\"_parent_id\");\n  CREATE INDEX \"_pages_v_blocks_carousel_path_idx\" ON \"_pages_v_blocks_carousel\" USING btree (\"_path\");\n  CREATE INDEX \"_pages_v_blocks_three_item_grid_order_idx\" ON \"_pages_v_blocks_three_item_grid\" USING btree (\"_order\");\n  CREATE INDEX \"_pages_v_blocks_three_item_grid_parent_id_idx\" ON \"_pages_v_blocks_three_item_grid\" USING btree (\"_parent_id\");\n  CREATE INDEX \"_pages_v_blocks_three_item_grid_path_idx\" ON \"_pages_v_blocks_three_item_grid\" USING btree (\"_path\");\n  CREATE INDEX \"_pages_v_blocks_banner_order_idx\" ON \"_pages_v_blocks_banner\" USING btree (\"_order\");\n  CREATE INDEX \"_pages_v_blocks_banner_parent_id_idx\" ON \"_pages_v_blocks_banner\" USING btree (\"_parent_id\");\n  CREATE INDEX \"_pages_v_blocks_banner_path_idx\" ON \"_pages_v_blocks_banner\" USING btree (\"_path\");\n  CREATE INDEX \"_pages_v_blocks_form_block_order_idx\" ON \"_pages_v_blocks_form_block\" USING btree (\"_order\");\n  CREATE INDEX \"_pages_v_blocks_form_block_parent_id_idx\" ON \"_pages_v_blocks_form_block\" USING btree (\"_parent_id\");\n  CREATE INDEX \"_pages_v_blocks_form_block_path_idx\" ON \"_pages_v_blocks_form_block\" USING btree (\"_path\");\n  CREATE INDEX \"_pages_v_blocks_form_block_form_idx\" ON \"_pages_v_blocks_form_block\" USING btree (\"form_id\");\n  CREATE INDEX \"_pages_v_parent_idx\" ON \"_pages_v\" USING btree (\"parent_id\");\n  CREATE INDEX \"_pages_v_version_hero_version_hero_media_idx\" ON \"_pages_v\" USING btree (\"version_hero_media_id\");\n  CREATE INDEX \"_pages_v_version_meta_version_meta_image_idx\" ON \"_pages_v\" USING btree (\"version_meta_image_id\");\n  CREATE INDEX \"_pages_v_version_version_slug_idx\" ON \"_pages_v\" USING btree (\"version_slug\");\n  CREATE INDEX \"_pages_v_version_version_updated_at_idx\" ON \"_pages_v\" USING btree (\"version_updated_at\");\n  CREATE INDEX \"_pages_v_version_version_created_at_idx\" ON \"_pages_v\" USING btree (\"version_created_at\");\n  CREATE INDEX \"_pages_v_version_version__status_idx\" ON \"_pages_v\" USING btree (\"version__status\");\n  CREATE INDEX \"_pages_v_created_at_idx\" ON \"_pages_v\" USING btree (\"created_at\");\n  CREATE INDEX \"_pages_v_updated_at_idx\" ON \"_pages_v\" USING btree (\"updated_at\");\n  CREATE INDEX \"_pages_v_latest_idx\" ON \"_pages_v\" USING btree (\"latest\");\n  CREATE INDEX \"_pages_v_autosave_idx\" ON \"_pages_v\" USING btree (\"autosave\");\n  CREATE INDEX \"_pages_v_rels_order_idx\" ON \"_pages_v_rels\" USING btree (\"order\");\n  CREATE INDEX \"_pages_v_rels_parent_idx\" ON \"_pages_v_rels\" USING btree (\"parent_id\");\n  CREATE INDEX \"_pages_v_rels_path_idx\" ON \"_pages_v_rels\" USING btree (\"path\");\n  CREATE INDEX \"_pages_v_rels_pages_id_idx\" ON \"_pages_v_rels\" USING btree (\"pages_id\");\n  CREATE INDEX \"_pages_v_rels_categories_id_idx\" ON \"_pages_v_rels\" USING btree (\"categories_id\");\n  CREATE INDEX \"_pages_v_rels_products_id_idx\" ON \"_pages_v_rels\" USING btree (\"products_id\");\n  CREATE UNIQUE INDEX \"categories_slug_idx\" ON \"categories\" USING btree (\"slug\");\n  CREATE INDEX \"categories_updated_at_idx\" ON \"categories\" USING btree (\"updated_at\");\n  CREATE INDEX \"categories_created_at_idx\" ON \"categories\" USING btree (\"created_at\");\n  CREATE INDEX \"media_updated_at_idx\" ON \"media\" USING btree (\"updated_at\");\n  CREATE INDEX \"media_created_at_idx\" ON \"media\" USING btree (\"created_at\");\n  CREATE UNIQUE INDEX \"media_filename_idx\" ON \"media\" USING btree (\"filename\");\n  CREATE INDEX \"digital_assets_product_idx\" ON \"digital_assets\" USING btree (\"product_id\");\n  CREATE INDEX \"digital_assets_file_idx\" ON \"digital_assets\" USING btree (\"file_id\");\n  CREATE INDEX \"digital_assets_updated_at_idx\" ON \"digital_assets\" USING btree (\"updated_at\");\n  CREATE INDEX \"digital_assets_created_at_idx\" ON \"digital_assets\" USING btree (\"created_at\");\n  CREATE INDEX \"download_access_customer_idx\" ON \"download_access\" USING btree (\"customer_id\");\n  CREATE INDEX \"download_access_product_idx\" ON \"download_access\" USING btree (\"product_id\");\n  CREATE INDEX \"download_access_order_idx\" ON \"download_access\" USING btree (\"order_id\");\n  CREATE INDEX \"download_access_asset_idx\" ON \"download_access\" USING btree (\"asset_id\");\n  CREATE INDEX \"download_access_updated_at_idx\" ON \"download_access\" USING btree (\"updated_at\");\n  CREATE INDEX \"download_access_created_at_idx\" ON \"download_access\" USING btree (\"created_at\");\n  CREATE INDEX \"download_logs_customer_idx\" ON \"download_logs\" USING btree (\"customer_id\");\n  CREATE INDEX \"download_logs_product_idx\" ON \"download_logs\" USING btree (\"product_id\");\n  CREATE INDEX \"download_logs_asset_idx\" ON \"download_logs\" USING btree (\"asset_id\");\n  CREATE INDEX \"download_logs_order_idx\" ON \"download_logs\" USING btree (\"order_id\");\n  CREATE INDEX \"download_logs_updated_at_idx\" ON \"download_logs\" USING btree (\"updated_at\");\n  CREATE INDEX \"download_logs_created_at_idx\" ON \"download_logs\" USING btree (\"created_at\");\n  CREATE INDEX \"licenses_customer_idx\" ON \"licenses\" USING btree (\"customer_id\");\n  CREATE INDEX \"licenses_product_idx\" ON \"licenses\" USING btree (\"product_id\");\n  CREATE INDEX \"licenses_order_idx\" ON \"licenses\" USING btree (\"order_id\");\n  CREATE UNIQUE INDEX \"licenses_license_key_idx\" ON \"licenses\" USING btree (\"license_key\");\n  CREATE INDEX \"licenses_updated_at_idx\" ON \"licenses\" USING btree (\"updated_at\");\n  CREATE INDEX \"licenses_created_at_idx\" ON \"licenses\" USING btree (\"created_at\");\n  CREATE INDEX \"payment_transactions_order_idx\" ON \"payment_transactions\" USING btree (\"order_id\");\n  CREATE INDEX \"payment_transactions_customer_idx\" ON \"payment_transactions\" USING btree (\"customer_id\");\n  CREATE INDEX \"payment_transactions_provider_transaction_id_idx\" ON \"payment_transactions\" USING btree (\"provider_transaction_id\");\n  CREATE INDEX \"payment_transactions_updated_at_idx\" ON \"payment_transactions\" USING btree (\"updated_at\");\n  CREATE INDEX \"payment_transactions_created_at_idx\" ON \"payment_transactions\" USING btree (\"created_at\");\n  CREATE UNIQUE INDEX \"coupons_code_idx\" ON \"coupons\" USING btree (\"code\");\n  CREATE INDEX \"coupons_updated_at_idx\" ON \"coupons\" USING btree (\"updated_at\");\n  CREATE INDEX \"coupons_created_at_idx\" ON \"coupons\" USING btree (\"created_at\");\n  CREATE INDEX \"promo_banners_image_idx\" ON \"promo_banners\" USING btree (\"image_id\");\n  CREATE INDEX \"promo_banners_updated_at_idx\" ON \"promo_banners\" USING btree (\"updated_at\");\n  CREATE INDEX \"promo_banners_created_at_idx\" ON \"promo_banners\" USING btree (\"created_at\");\n  CREATE INDEX \"testimonials_avatar_idx\" ON \"testimonials\" USING btree (\"avatar_id\");\n  CREATE INDEX \"testimonials_updated_at_idx\" ON \"testimonials\" USING btree (\"updated_at\");\n  CREATE INDEX \"testimonials_created_at_idx\" ON \"testimonials\" USING btree (\"created_at\");\n  CREATE UNIQUE INDEX \"support_tickets_ticket_number_idx\" ON \"support_tickets\" USING btree (\"ticket_number\");\n  CREATE INDEX \"support_tickets_customer_idx\" ON \"support_tickets\" USING btree (\"customer_id\");\n  CREATE INDEX \"support_tickets_related_order_idx\" ON \"support_tickets\" USING btree (\"related_order_id\");\n  CREATE INDEX \"support_tickets_related_product_idx\" ON \"support_tickets\" USING btree (\"related_product_id\");\n  CREATE INDEX \"support_tickets_assigned_to_idx\" ON \"support_tickets\" USING btree (\"assigned_to_id\");\n  CREATE INDEX \"support_tickets_updated_at_idx\" ON \"support_tickets\" USING btree (\"updated_at\");\n  CREATE INDEX \"support_tickets_created_at_idx\" ON \"support_tickets\" USING btree (\"created_at\");\n  CREATE INDEX \"support_messages_attachments_order_idx\" ON \"support_messages_attachments\" USING btree (\"_order\");\n  CREATE INDEX \"support_messages_attachments_parent_id_idx\" ON \"support_messages_attachments\" USING btree (\"_parent_id\");\n  CREATE INDEX \"support_messages_attachments_file_idx\" ON \"support_messages_attachments\" USING btree (\"file_id\");\n  CREATE INDEX \"support_messages_ticket_idx\" ON \"support_messages\" USING btree (\"ticket_id\");\n  CREATE INDEX \"support_messages_sender_idx\" ON \"support_messages\" USING btree (\"sender_id\");\n  CREATE INDEX \"support_messages_updated_at_idx\" ON \"support_messages\" USING btree (\"updated_at\");\n  CREATE INDEX \"support_messages_created_at_idx\" ON \"support_messages\" USING btree (\"created_at\");\n  CREATE INDEX \"email_templates_updated_at_idx\" ON \"email_templates\" USING btree (\"updated_at\");\n  CREATE INDEX \"email_templates_created_at_idx\" ON \"email_templates\" USING btree (\"created_at\");\n  CREATE INDEX \"stock_reservations_reservation_id_idx\" ON \"stock_reservations\" USING btree (\"reservation_id\");\n  CREATE INDEX \"stock_reservations_product_idx\" ON \"stock_reservations\" USING btree (\"product_id\");\n  CREATE INDEX \"stock_reservations_variant_idx\" ON \"stock_reservations\" USING btree (\"variant\");\n  CREATE INDEX \"stock_reservations_status_idx\" ON \"stock_reservations\" USING btree (\"status\");\n  CREATE INDEX \"stock_reservations_expires_at_idx\" ON \"stock_reservations\" USING btree (\"expires_at\");\n  CREATE INDEX \"stock_reservations_order_idx\" ON \"stock_reservations\" USING btree (\"order_id\");\n  CREATE INDEX \"stock_reservations_customer_idx\" ON \"stock_reservations\" USING btree (\"customer_id\");\n  CREATE INDEX \"stock_reservations_cart_id_idx\" ON \"stock_reservations\" USING btree (\"cart_id\");\n  CREATE INDEX \"stock_reservations_updated_at_idx\" ON \"stock_reservations\" USING btree (\"updated_at\");\n  CREATE INDEX \"stock_reservations_created_at_idx\" ON \"stock_reservations\" USING btree (\"created_at\");\n  CREATE INDEX \"forms_blocks_checkbox_order_idx\" ON \"forms_blocks_checkbox\" USING btree (\"_order\");\n  CREATE INDEX \"forms_blocks_checkbox_parent_id_idx\" ON \"forms_blocks_checkbox\" USING btree (\"_parent_id\");\n  CREATE INDEX \"forms_blocks_checkbox_path_idx\" ON \"forms_blocks_checkbox\" USING btree (\"_path\");\n  CREATE INDEX \"forms_blocks_country_order_idx\" ON \"forms_blocks_country\" USING btree (\"_order\");\n  CREATE INDEX \"forms_blocks_country_parent_id_idx\" ON \"forms_blocks_country\" USING btree (\"_parent_id\");\n  CREATE INDEX \"forms_blocks_country_path_idx\" ON \"forms_blocks_country\" USING btree (\"_path\");\n  CREATE INDEX \"forms_blocks_email_order_idx\" ON \"forms_blocks_email\" USING btree (\"_order\");\n  CREATE INDEX \"forms_blocks_email_parent_id_idx\" ON \"forms_blocks_email\" USING btree (\"_parent_id\");\n  CREATE INDEX \"forms_blocks_email_path_idx\" ON \"forms_blocks_email\" USING btree (\"_path\");\n  CREATE INDEX \"forms_blocks_message_order_idx\" ON \"forms_blocks_message\" USING btree (\"_order\");\n  CREATE INDEX \"forms_blocks_message_parent_id_idx\" ON \"forms_blocks_message\" USING btree (\"_parent_id\");\n  CREATE INDEX \"forms_blocks_message_path_idx\" ON \"forms_blocks_message\" USING btree (\"_path\");\n  CREATE INDEX \"forms_blocks_number_order_idx\" ON \"forms_blocks_number\" USING btree (\"_order\");\n  CREATE INDEX \"forms_blocks_number_parent_id_idx\" ON \"forms_blocks_number\" USING btree (\"_parent_id\");\n  CREATE INDEX \"forms_blocks_number_path_idx\" ON \"forms_blocks_number\" USING btree (\"_path\");\n  CREATE INDEX \"forms_blocks_select_options_order_idx\" ON \"forms_blocks_select_options\" USING btree (\"_order\");\n  CREATE INDEX \"forms_blocks_select_options_parent_id_idx\" ON \"forms_blocks_select_options\" USING btree (\"_parent_id\");\n  CREATE INDEX \"forms_blocks_select_order_idx\" ON \"forms_blocks_select\" USING btree (\"_order\");\n  CREATE INDEX \"forms_blocks_select_parent_id_idx\" ON \"forms_blocks_select\" USING btree (\"_parent_id\");\n  CREATE INDEX \"forms_blocks_select_path_idx\" ON \"forms_blocks_select\" USING btree (\"_path\");\n  CREATE INDEX \"forms_blocks_state_order_idx\" ON \"forms_blocks_state\" USING btree (\"_order\");\n  CREATE INDEX \"forms_blocks_state_parent_id_idx\" ON \"forms_blocks_state\" USING btree (\"_parent_id\");\n  CREATE INDEX \"forms_blocks_state_path_idx\" ON \"forms_blocks_state\" USING btree (\"_path\");\n  CREATE INDEX \"forms_blocks_text_order_idx\" ON \"forms_blocks_text\" USING btree (\"_order\");\n  CREATE INDEX \"forms_blocks_text_parent_id_idx\" ON \"forms_blocks_text\" USING btree (\"_parent_id\");\n  CREATE INDEX \"forms_blocks_text_path_idx\" ON \"forms_blocks_text\" USING btree (\"_path\");\n  CREATE INDEX \"forms_blocks_textarea_order_idx\" ON \"forms_blocks_textarea\" USING btree (\"_order\");\n  CREATE INDEX \"forms_blocks_textarea_parent_id_idx\" ON \"forms_blocks_textarea\" USING btree (\"_parent_id\");\n  CREATE INDEX \"forms_blocks_textarea_path_idx\" ON \"forms_blocks_textarea\" USING btree (\"_path\");\n  CREATE INDEX \"forms_emails_order_idx\" ON \"forms_emails\" USING btree (\"_order\");\n  CREATE INDEX \"forms_emails_parent_id_idx\" ON \"forms_emails\" USING btree (\"_parent_id\");\n  CREATE INDEX \"forms_updated_at_idx\" ON \"forms\" USING btree (\"updated_at\");\n  CREATE INDEX \"forms_created_at_idx\" ON \"forms\" USING btree (\"created_at\");\n  CREATE INDEX \"form_submissions_submission_data_order_idx\" ON \"form_submissions_submission_data\" USING btree (\"_order\");\n  CREATE INDEX \"form_submissions_submission_data_parent_id_idx\" ON \"form_submissions_submission_data\" USING btree (\"_parent_id\");\n  CREATE INDEX \"form_submissions_form_idx\" ON \"form_submissions\" USING btree (\"form_id\");\n  CREATE INDEX \"form_submissions_updated_at_idx\" ON \"form_submissions\" USING btree (\"updated_at\");\n  CREATE INDEX \"form_submissions_created_at_idx\" ON \"form_submissions\" USING btree (\"created_at\");\n  CREATE INDEX \"addresses_customer_idx\" ON \"addresses\" USING btree (\"customer_id\");\n  CREATE INDEX \"addresses_updated_at_idx\" ON \"addresses\" USING btree (\"updated_at\");\n  CREATE INDEX \"addresses_created_at_idx\" ON \"addresses\" USING btree (\"created_at\");\n  CREATE INDEX \"variants_product_idx\" ON \"variants\" USING btree (\"product_id\");\n  CREATE INDEX \"variants_updated_at_idx\" ON \"variants\" USING btree (\"updated_at\");\n  CREATE INDEX \"variants_created_at_idx\" ON \"variants\" USING btree (\"created_at\");\n  CREATE INDEX \"variants_deleted_at_idx\" ON \"variants\" USING btree (\"deleted_at\");\n  CREATE INDEX \"variants__status_idx\" ON \"variants\" USING btree (\"_status\");\n  CREATE INDEX \"variants_rels_order_idx\" ON \"variants_rels\" USING btree (\"order\");\n  CREATE INDEX \"variants_rels_parent_idx\" ON \"variants_rels\" USING btree (\"parent_id\");\n  CREATE INDEX \"variants_rels_path_idx\" ON \"variants_rels\" USING btree (\"path\");\n  CREATE INDEX \"variants_rels_variant_options_id_idx\" ON \"variants_rels\" USING btree (\"variant_options_id\");\n  CREATE INDEX \"_variants_v_parent_idx\" ON \"_variants_v\" USING btree (\"parent_id\");\n  CREATE INDEX \"_variants_v_version_version_product_idx\" ON \"_variants_v\" USING btree (\"version_product_id\");\n  CREATE INDEX \"_variants_v_version_version_updated_at_idx\" ON \"_variants_v\" USING btree (\"version_updated_at\");\n  CREATE INDEX \"_variants_v_version_version_created_at_idx\" ON \"_variants_v\" USING btree (\"version_created_at\");\n  CREATE INDEX \"_variants_v_version_version_deleted_at_idx\" ON \"_variants_v\" USING btree (\"version_deleted_at\");\n  CREATE INDEX \"_variants_v_version_version__status_idx\" ON \"_variants_v\" USING btree (\"version__status\");\n  CREATE INDEX \"_variants_v_created_at_idx\" ON \"_variants_v\" USING btree (\"created_at\");\n  CREATE INDEX \"_variants_v_updated_at_idx\" ON \"_variants_v\" USING btree (\"updated_at\");\n  CREATE INDEX \"_variants_v_latest_idx\" ON \"_variants_v\" USING btree (\"latest\");\n  CREATE INDEX \"_variants_v_autosave_idx\" ON \"_variants_v\" USING btree (\"autosave\");\n  CREATE INDEX \"_variants_v_rels_order_idx\" ON \"_variants_v_rels\" USING btree (\"order\");\n  CREATE INDEX \"_variants_v_rels_parent_idx\" ON \"_variants_v_rels\" USING btree (\"parent_id\");\n  CREATE INDEX \"_variants_v_rels_path_idx\" ON \"_variants_v_rels\" USING btree (\"path\");\n  CREATE INDEX \"_variants_v_rels_variant_options_id_idx\" ON \"_variants_v_rels\" USING btree (\"variant_options_id\");\n  CREATE INDEX \"variant_types_updated_at_idx\" ON \"variant_types\" USING btree (\"updated_at\");\n  CREATE INDEX \"variant_types_created_at_idx\" ON \"variant_types\" USING btree (\"created_at\");\n  CREATE INDEX \"variant_types_deleted_at_idx\" ON \"variant_types\" USING btree (\"deleted_at\");\n  CREATE INDEX \"variant_options__variantoptions_options_order_idx\" ON \"variant_options\" USING btree (\"_variantoptions_options_order\");\n  CREATE INDEX \"variant_options_variant_type_idx\" ON \"variant_options\" USING btree (\"variant_type_id\");\n  CREATE INDEX \"variant_options_updated_at_idx\" ON \"variant_options\" USING btree (\"updated_at\");\n  CREATE INDEX \"variant_options_created_at_idx\" ON \"variant_options\" USING btree (\"created_at\");\n  CREATE INDEX \"variant_options_deleted_at_idx\" ON \"variant_options\" USING btree (\"deleted_at\");\n  CREATE INDEX \"products_gallery_order_idx\" ON \"products_gallery\" USING btree (\"_order\");\n  CREATE INDEX \"products_gallery_parent_id_idx\" ON \"products_gallery\" USING btree (\"_parent_id\");\n  CREATE INDEX \"products_gallery_image_idx\" ON \"products_gallery\" USING btree (\"image_id\");\n  CREATE INDEX \"products_gallery_variant_option_idx\" ON \"products_gallery\" USING btree (\"variant_option_id\");\n  CREATE INDEX \"products_blocks_cta_links_order_idx\" ON \"products_blocks_cta_links\" USING btree (\"_order\");\n  CREATE INDEX \"products_blocks_cta_links_parent_id_idx\" ON \"products_blocks_cta_links\" USING btree (\"_parent_id\");\n  CREATE INDEX \"products_blocks_cta_order_idx\" ON \"products_blocks_cta\" USING btree (\"_order\");\n  CREATE INDEX \"products_blocks_cta_parent_id_idx\" ON \"products_blocks_cta\" USING btree (\"_parent_id\");\n  CREATE INDEX \"products_blocks_cta_path_idx\" ON \"products_blocks_cta\" USING btree (\"_path\");\n  CREATE INDEX \"products_blocks_content_columns_order_idx\" ON \"products_blocks_content_columns\" USING btree (\"_order\");\n  CREATE INDEX \"products_blocks_content_columns_parent_id_idx\" ON \"products_blocks_content_columns\" USING btree (\"_parent_id\");\n  CREATE INDEX \"products_blocks_content_order_idx\" ON \"products_blocks_content\" USING btree (\"_order\");\n  CREATE INDEX \"products_blocks_content_parent_id_idx\" ON \"products_blocks_content\" USING btree (\"_parent_id\");\n  CREATE INDEX \"products_blocks_content_path_idx\" ON \"products_blocks_content\" USING btree (\"_path\");\n  CREATE INDEX \"products_blocks_media_block_order_idx\" ON \"products_blocks_media_block\" USING btree (\"_order\");\n  CREATE INDEX \"products_blocks_media_block_parent_id_idx\" ON \"products_blocks_media_block\" USING btree (\"_parent_id\");\n  CREATE INDEX \"products_blocks_media_block_path_idx\" ON \"products_blocks_media_block\" USING btree (\"_path\");\n  CREATE INDEX \"products_blocks_media_block_media_idx\" ON \"products_blocks_media_block\" USING btree (\"media_id\");\n  CREATE INDEX \"products_included_files_order_idx\" ON \"products_included_files\" USING btree (\"_order\");\n  CREATE INDEX \"products_included_files_parent_id_idx\" ON \"products_included_files\" USING btree (\"_parent_id\");\n  CREATE INDEX \"products_product_f_a_q_order_idx\" ON \"products_product_f_a_q\" USING btree (\"_order\");\n  CREATE INDEX \"products_product_f_a_q_parent_id_idx\" ON \"products_product_f_a_q\" USING btree (\"_parent_id\");\n  CREATE INDEX \"products_meta_meta_image_idx\" ON \"products\" USING btree (\"meta_image_id\");\n  CREATE UNIQUE INDEX \"products_slug_idx\" ON \"products\" USING btree (\"slug\");\n  CREATE INDEX \"products_updated_at_idx\" ON \"products\" USING btree (\"updated_at\");\n  CREATE INDEX \"products_created_at_idx\" ON \"products\" USING btree (\"created_at\");\n  CREATE INDEX \"products_deleted_at_idx\" ON \"products\" USING btree (\"deleted_at\");\n  CREATE INDEX \"products__status_idx\" ON \"products\" USING btree (\"_status\");\n  CREATE INDEX \"products_rels_order_idx\" ON \"products_rels\" USING btree (\"order\");\n  CREATE INDEX \"products_rels_parent_idx\" ON \"products_rels\" USING btree (\"parent_id\");\n  CREATE INDEX \"products_rels_path_idx\" ON \"products_rels\" USING btree (\"path\");\n  CREATE INDEX \"products_rels_pages_id_idx\" ON \"products_rels\" USING btree (\"pages_id\");\n  CREATE INDEX \"products_rels_variant_types_id_idx\" ON \"products_rels\" USING btree (\"variant_types_id\");\n  CREATE INDEX \"products_rels_products_id_idx\" ON \"products_rels\" USING btree (\"products_id\");\n  CREATE INDEX \"products_rels_categories_id_idx\" ON \"products_rels\" USING btree (\"categories_id\");\n  CREATE INDEX \"_products_v_version_gallery_order_idx\" ON \"_products_v_version_gallery\" USING btree (\"_order\");\n  CREATE INDEX \"_products_v_version_gallery_parent_id_idx\" ON \"_products_v_version_gallery\" USING btree (\"_parent_id\");\n  CREATE INDEX \"_products_v_version_gallery_image_idx\" ON \"_products_v_version_gallery\" USING btree (\"image_id\");\n  CREATE INDEX \"_products_v_version_gallery_variant_option_idx\" ON \"_products_v_version_gallery\" USING btree (\"variant_option_id\");\n  CREATE INDEX \"_products_v_blocks_cta_links_order_idx\" ON \"_products_v_blocks_cta_links\" USING btree (\"_order\");\n  CREATE INDEX \"_products_v_blocks_cta_links_parent_id_idx\" ON \"_products_v_blocks_cta_links\" USING btree (\"_parent_id\");\n  CREATE INDEX \"_products_v_blocks_cta_order_idx\" ON \"_products_v_blocks_cta\" USING btree (\"_order\");\n  CREATE INDEX \"_products_v_blocks_cta_parent_id_idx\" ON \"_products_v_blocks_cta\" USING btree (\"_parent_id\");\n  CREATE INDEX \"_products_v_blocks_cta_path_idx\" ON \"_products_v_blocks_cta\" USING btree (\"_path\");\n  CREATE INDEX \"_products_v_blocks_content_columns_order_idx\" ON \"_products_v_blocks_content_columns\" USING btree (\"_order\");\n  CREATE INDEX \"_products_v_blocks_content_columns_parent_id_idx\" ON \"_products_v_blocks_content_columns\" USING btree (\"_parent_id\");\n  CREATE INDEX \"_products_v_blocks_content_order_idx\" ON \"_products_v_blocks_content\" USING btree (\"_order\");\n  CREATE INDEX \"_products_v_blocks_content_parent_id_idx\" ON \"_products_v_blocks_content\" USING btree (\"_parent_id\");\n  CREATE INDEX \"_products_v_blocks_content_path_idx\" ON \"_products_v_blocks_content\" USING btree (\"_path\");\n  CREATE INDEX \"_products_v_blocks_media_block_order_idx\" ON \"_products_v_blocks_media_block\" USING btree (\"_order\");\n  CREATE INDEX \"_products_v_blocks_media_block_parent_id_idx\" ON \"_products_v_blocks_media_block\" USING btree (\"_parent_id\");\n  CREATE INDEX \"_products_v_blocks_media_block_path_idx\" ON \"_products_v_blocks_media_block\" USING btree (\"_path\");\n  CREATE INDEX \"_products_v_blocks_media_block_media_idx\" ON \"_products_v_blocks_media_block\" USING btree (\"media_id\");\n  CREATE INDEX \"_products_v_version_included_files_order_idx\" ON \"_products_v_version_included_files\" USING btree (\"_order\");\n  CREATE INDEX \"_products_v_version_included_files_parent_id_idx\" ON \"_products_v_version_included_files\" USING btree (\"_parent_id\");\n  CREATE INDEX \"_products_v_version_product_f_a_q_order_idx\" ON \"_products_v_version_product_f_a_q\" USING btree (\"_order\");\n  CREATE INDEX \"_products_v_version_product_f_a_q_parent_id_idx\" ON \"_products_v_version_product_f_a_q\" USING btree (\"_parent_id\");\n  CREATE INDEX \"_products_v_parent_idx\" ON \"_products_v\" USING btree (\"parent_id\");\n  CREATE INDEX \"_products_v_version_meta_version_meta_image_idx\" ON \"_products_v\" USING btree (\"version_meta_image_id\");\n  CREATE INDEX \"_products_v_version_version_slug_idx\" ON \"_products_v\" USING btree (\"version_slug\");\n  CREATE INDEX \"_products_v_version_version_updated_at_idx\" ON \"_products_v\" USING btree (\"version_updated_at\");\n  CREATE INDEX \"_products_v_version_version_created_at_idx\" ON \"_products_v\" USING btree (\"version_created_at\");\n  CREATE INDEX \"_products_v_version_version_deleted_at_idx\" ON \"_products_v\" USING btree (\"version_deleted_at\");\n  CREATE INDEX \"_products_v_version_version__status_idx\" ON \"_products_v\" USING btree (\"version__status\");\n  CREATE INDEX \"_products_v_created_at_idx\" ON \"_products_v\" USING btree (\"created_at\");\n  CREATE INDEX \"_products_v_updated_at_idx\" ON \"_products_v\" USING btree (\"updated_at\");\n  CREATE INDEX \"_products_v_latest_idx\" ON \"_products_v\" USING btree (\"latest\");\n  CREATE INDEX \"_products_v_autosave_idx\" ON \"_products_v\" USING btree (\"autosave\");\n  CREATE INDEX \"_products_v_rels_order_idx\" ON \"_products_v_rels\" USING btree (\"order\");\n  CREATE INDEX \"_products_v_rels_parent_idx\" ON \"_products_v_rels\" USING btree (\"parent_id\");\n  CREATE INDEX \"_products_v_rels_path_idx\" ON \"_products_v_rels\" USING btree (\"path\");\n  CREATE INDEX \"_products_v_rels_pages_id_idx\" ON \"_products_v_rels\" USING btree (\"pages_id\");\n  CREATE INDEX \"_products_v_rels_variant_types_id_idx\" ON \"_products_v_rels\" USING btree (\"variant_types_id\");\n  CREATE INDEX \"_products_v_rels_products_id_idx\" ON \"_products_v_rels\" USING btree (\"products_id\");\n  CREATE INDEX \"_products_v_rels_categories_id_idx\" ON \"_products_v_rels\" USING btree (\"categories_id\");\n  CREATE INDEX \"carts_items_order_idx\" ON \"carts_items\" USING btree (\"_order\");\n  CREATE INDEX \"carts_items_parent_id_idx\" ON \"carts_items\" USING btree (\"_parent_id\");\n  CREATE INDEX \"carts_items_product_idx\" ON \"carts_items\" USING btree (\"product_id\");\n  CREATE INDEX \"carts_items_variant_idx\" ON \"carts_items\" USING btree (\"variant_id\");\n  CREATE INDEX \"carts_secret_idx\" ON \"carts\" USING btree (\"secret\");\n  CREATE INDEX \"carts_customer_idx\" ON \"carts\" USING btree (\"customer_id\");\n  CREATE INDEX \"carts_updated_at_idx\" ON \"carts\" USING btree (\"updated_at\");\n  CREATE INDEX \"carts_created_at_idx\" ON \"carts\" USING btree (\"created_at\");\n  CREATE INDEX \"orders_items_order_idx\" ON \"orders_items\" USING btree (\"_order\");\n  CREATE INDEX \"orders_items_parent_id_idx\" ON \"orders_items\" USING btree (\"_parent_id\");\n  CREATE INDEX \"orders_items_product_idx\" ON \"orders_items\" USING btree (\"product_id\");\n  CREATE INDEX \"orders_items_variant_idx\" ON \"orders_items\" USING btree (\"variant_id\");\n  CREATE INDEX \"orders_customer_idx\" ON \"orders\" USING btree (\"customer_id\");\n  CREATE UNIQUE INDEX \"orders_access_token_idx\" ON \"orders\" USING btree (\"access_token\");\n  CREATE INDEX \"orders_updated_at_idx\" ON \"orders\" USING btree (\"updated_at\");\n  CREATE INDEX \"orders_created_at_idx\" ON \"orders\" USING btree (\"created_at\");\n  CREATE INDEX \"orders_rels_order_idx\" ON \"orders_rels\" USING btree (\"order\");\n  CREATE INDEX \"orders_rels_parent_idx\" ON \"orders_rels\" USING btree (\"parent_id\");\n  CREATE INDEX \"orders_rels_path_idx\" ON \"orders_rels\" USING btree (\"path\");\n  CREATE INDEX \"orders_rels_transactions_id_idx\" ON \"orders_rels\" USING btree (\"transactions_id\");\n  CREATE INDEX \"transactions_items_order_idx\" ON \"transactions_items\" USING btree (\"_order\");\n  CREATE INDEX \"transactions_items_parent_id_idx\" ON \"transactions_items\" USING btree (\"_parent_id\");\n  CREATE INDEX \"transactions_items_product_idx\" ON \"transactions_items\" USING btree (\"product_id\");\n  CREATE INDEX \"transactions_items_variant_idx\" ON \"transactions_items\" USING btree (\"variant_id\");\n  CREATE INDEX \"transactions_customer_idx\" ON \"transactions\" USING btree (\"customer_id\");\n  CREATE INDEX \"transactions_order_idx\" ON \"transactions\" USING btree (\"order_id\");\n  CREATE INDEX \"transactions_cart_idx\" ON \"transactions\" USING btree (\"cart_id\");\n  CREATE INDEX \"transactions_updated_at_idx\" ON \"transactions\" USING btree (\"updated_at\");\n  CREATE INDEX \"transactions_created_at_idx\" ON \"transactions\" USING btree (\"created_at\");\n  CREATE UNIQUE INDEX \"payload_kv_key_idx\" ON \"payload_kv\" USING btree (\"key\");\n  CREATE INDEX \"payload_locked_documents_global_slug_idx\" ON \"payload_locked_documents\" USING btree (\"global_slug\");\n  CREATE INDEX \"payload_locked_documents_updated_at_idx\" ON \"payload_locked_documents\" USING btree (\"updated_at\");\n  CREATE INDEX \"payload_locked_documents_created_at_idx\" ON \"payload_locked_documents\" USING btree (\"created_at\");\n  CREATE INDEX \"payload_locked_documents_rels_order_idx\" ON \"payload_locked_documents_rels\" USING btree (\"order\");\n  CREATE INDEX \"payload_locked_documents_rels_parent_idx\" ON \"payload_locked_documents_rels\" USING btree (\"parent_id\");\n  CREATE INDEX \"payload_locked_documents_rels_path_idx\" ON \"payload_locked_documents_rels\" USING btree (\"path\");\n  CREATE INDEX \"payload_locked_documents_rels_users_id_idx\" ON \"payload_locked_documents_rels\" USING btree (\"users_id\");\n  CREATE INDEX \"payload_locked_documents_rels_pages_id_idx\" ON \"payload_locked_documents_rels\" USING btree (\"pages_id\");\n  CREATE INDEX \"payload_locked_documents_rels_categories_id_idx\" ON \"payload_locked_documents_rels\" USING btree (\"categories_id\");\n  CREATE INDEX \"payload_locked_documents_rels_media_id_idx\" ON \"payload_locked_documents_rels\" USING btree (\"media_id\");\n  CREATE INDEX \"payload_locked_documents_rels_digital_assets_id_idx\" ON \"payload_locked_documents_rels\" USING btree (\"digital_assets_id\");\n  CREATE INDEX \"payload_locked_documents_rels_download_access_id_idx\" ON \"payload_locked_documents_rels\" USING btree (\"download_access_id\");\n  CREATE INDEX \"payload_locked_documents_rels_download_logs_id_idx\" ON \"payload_locked_documents_rels\" USING btree (\"download_logs_id\");\n  CREATE INDEX \"payload_locked_documents_rels_licenses_id_idx\" ON \"payload_locked_documents_rels\" USING btree (\"licenses_id\");\n  CREATE INDEX \"payload_locked_documents_rels_payment_transactions_id_idx\" ON \"payload_locked_documents_rels\" USING btree (\"payment_transactions_id\");\n  CREATE INDEX \"payload_locked_documents_rels_coupons_id_idx\" ON \"payload_locked_documents_rels\" USING btree (\"coupons_id\");\n  CREATE INDEX \"payload_locked_documents_rels_promo_banners_id_idx\" ON \"payload_locked_documents_rels\" USING btree (\"promo_banners_id\");\n  CREATE INDEX \"payload_locked_documents_rels_testimonials_id_idx\" ON \"payload_locked_documents_rels\" USING btree (\"testimonials_id\");\n  CREATE INDEX \"payload_locked_documents_rels_support_tickets_id_idx\" ON \"payload_locked_documents_rels\" USING btree (\"support_tickets_id\");\n  CREATE INDEX \"payload_locked_documents_rels_support_messages_id_idx\" ON \"payload_locked_documents_rels\" USING btree (\"support_messages_id\");\n  CREATE INDEX \"payload_locked_documents_rels_email_templates_id_idx\" ON \"payload_locked_documents_rels\" USING btree (\"email_templates_id\");\n  CREATE INDEX \"payload_locked_documents_rels_stock_reservations_id_idx\" ON \"payload_locked_documents_rels\" USING btree (\"stock_reservations_id\");\n  CREATE INDEX \"payload_locked_documents_rels_forms_id_idx\" ON \"payload_locked_documents_rels\" USING btree (\"forms_id\");\n  CREATE INDEX \"payload_locked_documents_rels_form_submissions_id_idx\" ON \"payload_locked_documents_rels\" USING btree (\"form_submissions_id\");\n  CREATE INDEX \"payload_locked_documents_rels_addresses_id_idx\" ON \"payload_locked_documents_rels\" USING btree (\"addresses_id\");\n  CREATE INDEX \"payload_locked_documents_rels_variants_id_idx\" ON \"payload_locked_documents_rels\" USING btree (\"variants_id\");\n  CREATE INDEX \"payload_locked_documents_rels_variant_types_id_idx\" ON \"payload_locked_documents_rels\" USING btree (\"variant_types_id\");\n  CREATE INDEX \"payload_locked_documents_rels_variant_options_id_idx\" ON \"payload_locked_documents_rels\" USING btree (\"variant_options_id\");\n  CREATE INDEX \"payload_locked_documents_rels_products_id_idx\" ON \"payload_locked_documents_rels\" USING btree (\"products_id\");\n  CREATE INDEX \"payload_locked_documents_rels_carts_id_idx\" ON \"payload_locked_documents_rels\" USING btree (\"carts_id\");\n  CREATE INDEX \"payload_locked_documents_rels_orders_id_idx\" ON \"payload_locked_documents_rels\" USING btree (\"orders_id\");\n  CREATE INDEX \"payload_locked_documents_rels_transactions_id_idx\" ON \"payload_locked_documents_rels\" USING btree (\"transactions_id\");\n  CREATE INDEX \"payload_preferences_key_idx\" ON \"payload_preferences\" USING btree (\"key\");\n  CREATE INDEX \"payload_preferences_updated_at_idx\" ON \"payload_preferences\" USING btree (\"updated_at\");\n  CREATE INDEX \"payload_preferences_created_at_idx\" ON \"payload_preferences\" USING btree (\"created_at\");\n  CREATE INDEX \"payload_preferences_rels_order_idx\" ON \"payload_preferences_rels\" USING btree (\"order\");\n  CREATE INDEX \"payload_preferences_rels_parent_idx\" ON \"payload_preferences_rels\" USING btree (\"parent_id\");\n  CREATE INDEX \"payload_preferences_rels_path_idx\" ON \"payload_preferences_rels\" USING btree (\"path\");\n  CREATE INDEX \"payload_preferences_rels_users_id_idx\" ON \"payload_preferences_rels\" USING btree (\"users_id\");\n  CREATE INDEX \"payload_migrations_updated_at_idx\" ON \"payload_migrations\" USING btree (\"updated_at\");\n  CREATE INDEX \"payload_migrations_created_at_idx\" ON \"payload_migrations\" USING btree (\"created_at\");\n  CREATE INDEX \"header_nav_items_order_idx\" ON \"header_nav_items\" USING btree (\"_order\");\n  CREATE INDEX \"header_nav_items_parent_id_idx\" ON \"header_nav_items\" USING btree (\"_parent_id\");\n  CREATE INDEX \"header_rels_order_idx\" ON \"header_rels\" USING btree (\"order\");\n  CREATE INDEX \"header_rels_parent_idx\" ON \"header_rels\" USING btree (\"parent_id\");\n  CREATE INDEX \"header_rels_path_idx\" ON \"header_rels\" USING btree (\"path\");\n  CREATE INDEX \"header_rels_pages_id_idx\" ON \"header_rels\" USING btree (\"pages_id\");\n  CREATE INDEX \"footer_nav_items_order_idx\" ON \"footer_nav_items\" USING btree (\"_order\");\n  CREATE INDEX \"footer_nav_items_parent_id_idx\" ON \"footer_nav_items\" USING btree (\"_parent_id\");\n  CREATE INDEX \"footer_rels_order_idx\" ON \"footer_rels\" USING btree (\"order\");\n  CREATE INDEX \"footer_rels_parent_idx\" ON \"footer_rels\" USING btree (\"parent_id\");\n  CREATE INDEX \"footer_rels_path_idx\" ON \"footer_rels\" USING btree (\"path\");\n  CREATE INDEX \"footer_rels_pages_id_idx\" ON \"footer_rels\" USING btree (\"pages_id\");\n  CREATE INDEX \"settings_trust_badges_partner_logos_order_idx\" ON \"settings_trust_badges_partner_logos\" USING btree (\"_order\");\n  CREATE INDEX \"settings_trust_badges_partner_logos_parent_id_idx\" ON \"settings_trust_badges_partner_logos\" USING btree (\"_parent_id\");\n  CREATE INDEX \"settings_trust_badges_partner_logos_logo_idx\" ON \"settings_trust_badges_partner_logos\" USING btree (\"logo_id\");\n  CREATE INDEX \"settings_logo_idx\" ON \"settings\" USING btree (\"logo_id\");\n  CREATE INDEX \"settings_favicon_idx\" ON \"settings\" USING btree (\"favicon_id\");\n  CREATE INDEX \"settings_legal_pages_legal_pages_terms_page_idx\" ON \"settings\" USING btree (\"legal_pages_terms_page_id\");\n  CREATE INDEX \"settings_legal_pages_legal_pages_privacy_page_idx\" ON \"settings\" USING btree (\"legal_pages_privacy_page_id\");\n  CREATE INDEX \"settings_legal_pages_legal_pages_refund_page_idx\" ON \"settings\" USING btree (\"legal_pages_refund_page_id\");",
      "params": []
    }
 ELIFECYCLE  Command failed with exit code 1.
